filename,cohort,group_id,animal_ch0,cohort_ch0,group_ch0,animal_ch1,cohort_ch1,group_ch1,animal_ch2,cohort_ch2,group_ch2,animal_ch3,cohort_ch3,group_ch3,animal_ch4,cohort_ch4,group_ch4,animal_ch5,cohort_ch5,group_ch5,animal_ch6,cohort_ch6,group_ch6,animal_ch7,cohort_ch7,group_ch7
Day 1-20231009(10).edf,batch 1,,355676,,Control,355679,,Control,355668,,SV2A,355670,,SV2A,355675,,Control,355673,,SV2A,355669,,SV2A,355677,,SV2A
Day 1-20231009(11).edf,batch 1,,355676,,Control,355679,,Control,355668,,SV2A,355670,,SV2A,355675,,Control,355673,,SV2A,355669,,SV2A,355677,,SV2A
Day 1-20231009(12).edf,batch 1,,355676,,Control,355679,,Control,355668,,SV2A,355670,,SV2A,355675,,Control,355673,,SV2A,355669,,SV2A,355677,,SV2A
Day 1-20231009(13).edf,batch 1,,355676,,Control,355679,,Control,355668,,SV2A,355670,,SV2A,355675,,Control,355673,,SV2A,355669,,SV2A,355677,,SV2A
Day 1-20231009(14).edf,batch 1,,355676,,Control,355679,,Control,355668,,SV2A,355670,,SV2A,355675,,Control,355673,,SV2A,355669,,SV2A,355677,,SV2A
Day 1-20231009(15).edf,batch 1,,355676,,Control,355679,,Control,355668,,SV2A,355670,,SV2A,355675,,Control,355673,,SV2A,355669,,SV2A,355677,,SV2A
Day 1-20231009(16).edf,batch 1,,355676,,Control,355679,,Control,355668,,SV2A,355670,,SV2A,355675,,Control,355673,,SV2A,355669,,SV2A,355677,,SV2A
Day 1-20231009(17).edf,batch 1,,355676,,Control,355679,,Control,355668,,SV2A,355670,,SV2A,355675,,Control,355673,,SV2A,355669,,SV2A,355677,,SV2A
Day 1-20231009(18).edf,batch 1,,355676,,Control,355679,,Control,355668,,SV2A,355670,,SV2A,355675,,Control,355673,,SV2A,355669,,SV2A,355677,,SV2A
Day 1-20231009(1).edf,batch 1,,355676,,Control,355679,,Control,355668,,SV2A,355670,,SV2A,355675,,Control,355673,,SV2A,355669,,SV2A,355677,,SV2A
Day 1-20231009(2).edf,batch 1,,355676,,Control,355679,,Control,355668,,SV2A,355670,,SV2A,355675,,Control,355673,,SV2A,355669,,SV2A,355677,,SV2A
Day 1-20231009(3).edf,batch 1,,355676,,Control,355679,,Control,355668,,SV2A,355670,,SV2A,355675,,Control,355673,,SV2A,355669,,SV2A,355677,,SV2A
Day 1-20231009(4).edf,batch 1,,355676,,Control,355679,,Control,355668,,SV2A,355670,,SV2A,355675,,Control,355673,,SV2A,355669,,SV2A,355677,,SV2A
Day 1-20231009(5).edf,batch 1,,355676,,Control,355679,,Control,355668,,SV2A,355670,,SV2A,355675,,Control,355673,,SV2A,355669,,SV2A,355677,,SV2A
Day 1-20231009(6).edf,batch 1,,355676,,Control,355679,,Control,355668,,SV2A,355670,,SV2A,355675,,Control,355673,,SV2A,355669,,SV2A,355677,,SV2A
Day 1-20231009(7).edf,batch 1,,355676,,Control,355679,,Control,355668,,SV2A,355670,,SV2A,355675,,Control,355673,,SV2A,355669,,SV2A,355677,,SV2A
Day 1-20231009(8).edf,batch 1,,355676,,Control,355679,,Control,355668,,SV2A,355670,,SV2A,355675,,Control,355673,,SV2A,355669,,SV2A,355677,,SV2A
Day 1-20231009(9).edf,batch 1,,355676,,Control,355679,,Control,355668,,SV2A,355670,,SV2A,355675,,Control,355673,,SV2A,355669,,SV2A,355677,,SV2A
Day 1-20231009Sel.edf,batch 1,,355676,,Control,355679,,Control,355668,,SV2A,355670,,SV2A,355675,,Control,355673,,SV2A,355669,,SV2A,355677,,SV2A
Day 2-20231010(10).edf,batch 1,,355676,,Control,355679,,Control,355668,,SV2A,355670,,SV2A,355675,,Control,355673,,SV2A,355669,,SV2A,355677,,SV2A
Day 2-20231010(11).edf,batch 1,,355676,,Control,355679,,Control,355668,,SV2A,355670,,SV2A,355675,,Control,355673,,SV2A,355669,,SV2A,355677,,SV2A
Day 2-20231010(12).edf,batch 1,,355676,,Control,355679,,Control,355668,,SV2A,355670,,SV2A,355675,,Control,355673,,SV2A,355669,,SV2A,355677,,SV2A
Day 2-20231010(13).edf,batch 1,,355676,,Control,355679,,Control,355668,,SV2A,355670,,SV2A,355675,,Control,355673,,SV2A,355669,,SV2A,355677,,SV2A
Day 2-20231010(14).edf,batch 1,,355676,,Control,355679,,Control,355668,,SV2A,355670,,SV2A,355675,,Control,355673,,SV2A,355669,,SV2A,355677,,SV2A
Day 2-20231010(15).edf,batch 1,,355676,,Control,355679,,Control,355668,,SV2A,355670,,SV2A,355675,,Control,355673,,SV2A,355669,,SV2A,355677,,SV2A
Day 2-20231010(1).edf,batch 1,,355676,,Control,355679,,Control,355668,,SV2A,355670,,SV2A,355675,,Control,355673,,SV2A,355669,,SV2A,355677,,SV2A
Day 2-20231010(2).edf,batch 1,,355676,,Control,355679,,Control,355668,,SV2A,355670,,SV2A,355675,,Control,355673,,SV2A,355669,,SV2A,355677,,SV2A
Day 2-20231010(3).edf,batch 1,,355676,,Control,355679,,Control,355668,,SV2A,355670,,SV2A,355675,,Control,355673,,SV2A,355669,,SV2A,355677,,SV2A
Day 2-20231010(4).edf,batch 1,,355676,,Control,355679,,Control,355668,,SV2A,355670,,SV2A,355675,,Control,355673,,SV2A,355669,,SV2A,355677,,SV2A
Day 2-20231010(5).edf,batch 1,,355676,,Control,355679,,Control,355668,,SV2A,355670,,SV2A,355675,,Control,355673,,SV2A,355669,,SV2A,355677,,SV2A
Day 2-20231010(6).edf,batch 1,,355676,,Control,355679,,Control,355668,,SV2A,355670,,SV2A,355675,,Control,355673,,SV2A,355669,,SV2A,355677,,SV2A
Day 2-20231010(7).edf,batch 1,,355676,,Control,355679,,Control,355668,,SV2A,355670,,SV2A,355675,,Control,355673,,SV2A,355669,,SV2A,355677,,SV2A
Day 2-20231010(8).edf,batch 1,,355676,,Control,355679,,Control,355668,,SV2A,355670,,SV2A,355675,,Control,355673,,SV2A,355669,,SV2A,355677,,SV2A
Day 2-20231010(9).edf,batch 1,,355676,,Control,355679,,Control,355668,,SV2A,355670,,SV2A,355675,,Control,355673,,SV2A,355669,,SV2A,355677,,SV2A
Day 3-20231011(10).edf,batch 1,,355676,,Control,355679,,Control,355668,,SV2A,355670,,SV2A,355675,,Control,355673,,SV2A,355669,,SV2A,355677,,SV2A
Day 3-20231011(11).edf,batch 1,,355676,,Control,355679,,Control,355668,,SV2A,355670,,SV2A,355675,,Control,355673,,SV2A,355669,,SV2A,355677,,SV2A
Day 3-20231011(12).edf,batch 1,,355676,,Control,355679,,Control,355668,,SV2A,355670,,SV2A,355675,,Control,355673,,SV2A,355669,,SV2A,355677,,SV2A
Day 3-20231011(13).edf,batch 1,,355676,,Control,355679,,Control,355668,,SV2A,355670,,SV2A,355675,,Control,355673,,SV2A,355669,,SV2A,355677,,SV2A
Day 3-20231011(14).edf,batch 1,,355676,,Control,355679,,Control,355668,,SV2A,355670,,SV2A,355675,,Control,355673,,SV2A,355669,,SV2A,355677,,SV2A
Day 3-20231011(15).edf,batch 1,,355676,,Control,355679,,Control,355668,,SV2A,355670,,SV2A,355675,,Control,355673,,SV2A,355669,,SV2A,355677,,SV2A
Day 3-20231011(16).edf,batch 1,,355676,,Control,355679,,Control,355668,,SV2A,355670,,SV2A,355675,,Control,355673,,SV2A,355669,,SV2A,355677,,SV2A
Day 3-20231011(1).edf,batch 1,,355676,,Control,355679,,Control,355668,,SV2A,355670,,SV2A,355675,,Control,355673,,SV2A,355669,,SV2A,355677,,SV2A
Day 3-20231011(2).edf,batch 1,,355676,,Control,355679,,Control,355668,,SV2A,355670,,SV2A,355675,,Control,355673,,SV2A,355669,,SV2A,355677,,SV2A
Day 3-20231011(3).edf,batch 1,,355676,,Control,355679,,Control,355668,,SV2A,355670,,SV2A,355675,,Control,355673,,SV2A,355669,,SV2A,355677,,SV2A
Day 3-20231011(4).edf,batch 1,,355676,,Control,355679,,Control,355668,,SV2A,355670,,SV2A,355675,,Control,355673,,SV2A,355669,,SV2A,355677,,SV2A
Day 3-20231011(5).edf,batch 1,,355676,,Control,355679,,Control,355668,,SV2A,355670,,SV2A,355675,,Control,355673,,SV2A,355669,,SV2A,355677,,SV2A
Day 3-20231011(6).edf,batch 1,,355676,,Control,355679,,Control,355668,,SV2A,355670,,SV2A,355675,,Control,355673,,SV2A,355669,,SV2A,355677,,SV2A
Day 3-20231011(7).edf,batch 1,,355676,,Control,355679,,Control,355668,,SV2A,355670,,SV2A,355675,,Control,355673,,SV2A,355669,,SV2A,355677,,SV2A
Day 3-20231011(8).edf,batch 1,,355676,,Control,355679,,Control,355668,,SV2A,355670,,SV2A,355675,,Control,355673,,SV2A,355669,,SV2A,355677,,SV2A
Day 3-20231011(9).edf,batch 1,,355676,,Control,355679,,Control,355668,,SV2A,355670,,SV2A,355675,,Control,355673,,SV2A,355669,,SV2A,355677,,SV2A
Day 3-20231011Sel.edf,batch 1,,355676,,Control,355679,,Control,355668,,SV2A,355670,,SV2A,355675,,Control,355673,,SV2A,355669,,SV2A,355677,,SV2A
Day 4-20231012(10).edf,batch 1,,355676,,Control,355679,,Control,355668,,SV2A,355670,,SV2A,355675,,Control,355673,,SV2A,355669,,SV2A,355677,,SV2A
Day 4-20231012(11).edf,batch 1,,355676,,Control,355679,,Control,355668,,SV2A,355670,,SV2A,355675,,Control,355673,,SV2A,355669,,SV2A,355677,,SV2A
Day 4-20231012(12).edf,batch 1,,355676,,Control,355679,,Control,355668,,SV2A,355670,,SV2A,355675,,Control,355673,,SV2A,355669,,SV2A,355677,,SV2A
Day 4-20231012(13).edf,batch 1,,355676,,Control,355679,,Control,355668,,SV2A,355670,,SV2A,355675,,Control,355673,,SV2A,355669,,SV2A,355677,,SV2A
Day 4-20231012(14).edf,batch 1,,355676,,Control,355679,,Control,355668,,SV2A,355670,,SV2A,355675,,Control,355673,,SV2A,355669,,SV2A,355677,,SV2A
Day 4-20231012(15).edf,batch 1,,355676,,Control,355679,,Control,355668,,SV2A,355670,,SV2A,355675,,Control,355673,,SV2A,355669,,SV2A,355677,,SV2A
Day 4-20231012(16).edf,batch 1,,355676,,Control,355679,,Control,355668,,SV2A,355670,,SV2A,355675,,Control,355673,,SV2A,355669,,SV2A,355677,,SV2A
Day 4-20231012(17).edf,batch 1,,355676,,Control,355679,,Control,355668,,SV2A,355670,,SV2A,355675,,Control,355673,,SV2A,355669,,SV2A,355677,,SV2A
Day 4-20231012(18).edf,batch 1,,355676,,Control,355679,,Control,355668,,SV2A,355670,,SV2A,355675,,Control,355673,,SV2A,355669,,SV2A,355677,,SV2A
Day 4-20231012(19).edf,batch 1,,355676,,Control,355679,,Control,355668,,SV2A,355670,,SV2A,355675,,Control,355673,,SV2A,355669,,SV2A,355677,,SV2A
Day 4-20231012(1).edf,batch 1,,355676,,Control,355679,,Control,355668,,SV2A,355670,,SV2A,355675,,Control,355673,,SV2A,355669,,SV2A,355677,,SV2A
Day 4-20231012(2).edf,batch 1,,355676,,Control,355679,,Control,355668,,SV2A,355670,,SV2A,355675,,Control,355673,,SV2A,355669,,SV2A,355677,,SV2A
Day 4-20231012(3).edf,batch 1,,355676,,Control,355679,,Control,355668,,SV2A,355670,,SV2A,355675,,Control,355673,,SV2A,355669,,SV2A,355677,,SV2A
Day 4-20231012(4).edf,batch 1,,355676,,Control,355679,,Control,355668,,SV2A,355670,,SV2A,355675,,Control,355673,,SV2A,355669,,SV2A,355677,,SV2A
Day 4-20231012(5).edf,batch 1,,355676,,Control,355679,,Control,355668,,SV2A,355670,,SV2A,355675,,Control,355673,,SV2A,355669,,SV2A,355677,,SV2A
Day 4-20231012(6).edf,batch 1,,355676,,Control,355679,,Control,355668,,SV2A,355670,,SV2A,355675,,Control,355673,,SV2A,355669,,SV2A,355677,,SV2A
Day 4-20231012(7).edf,batch 1,,355676,,Control,355679,,Control,355668,,SV2A,355670,,SV2A,355675,,Control,355673,,SV2A,355669,,SV2A,355677,,SV2A
Day 4-20231012(8).edf,batch 1,,355676,,Control,355679,,Control,355668,,SV2A,355670,,SV2A,355675,,Control,355673,,SV2A,355669,,SV2A,355677,,SV2A
Day 4-20231012(9).edf,batch 1,,355676,,Control,355679,,Control,355668,,SV2A,355670,,SV2A,355675,,Control,355673,,SV2A,355669,,SV2A,355677,,SV2A
Day 5-20231013Sel.edf,batch 1,,355676,,Control,355679,,Control,355668,,SV2A,355670,,SV2A,355675,,Control,355673,,SV2A,355669,,SV2A,355677,,SV2A
Day 5 -6 -20231013(1).edf,batch 1,,355676,,Control,355679,,Control,355668,,SV2A,355670,,SV2A,355675,,Control,355673,,SV2A,355669,,SV2A,355677,,SV2A
Day 5 -6 -20231013(2).edf,batch 1,,355676,,Control,355679,,Control,355668,,SV2A,355670,,SV2A,355675,,Control,355673,,SV2A,355669,,SV2A,355677,,SV2A
Day 5 -6 -20231013(3).edf,batch 1,,355676,,Control,355679,,Control,355668,,SV2A,355670,,SV2A,355675,,Control,355673,,SV2A,355669,,SV2A,355677,,SV2A
Day 5 -6 -20231013(4).edf,batch 1,,355676,,Control,355679,,Control,355668,,SV2A,355670,,SV2A,355675,,Control,355673,,SV2A,355669,,SV2A,355677,,SV2A
Day 5 -6 -20231013(5).edf,batch 1,,355676,,Control,355679,,Control,355668,,SV2A,355670,,SV2A,355675,,Control,355673,,SV2A,355669,,SV2A,355677,,SV2A
Day 5 -6 -20231013(6).edf,batch 1,,355676,,Control,355679,,Control,355668,,SV2A,355670,,SV2A,355675,,Control,355673,,SV2A,355669,,SV2A,355677,,SV2A
Day 5 -6 -20231013(7).edf,batch 1,,355676,,Control,355679,,Control,355668,,SV2A,355670,,SV2A,355675,,Control,355673,,SV2A,355669,,SV2A,355677,,SV2A
Day 5 -6 -20231013(8).edf,batch 1,,355676,,Control,355679,,Control,355668,,SV2A,355670,,SV2A,355675,,Control,355673,,SV2A,355669,,SV2A,355677,,SV2A
Day 5 -6 -20231013(9)(10).edf,batch 1,,355676,,Control,355679,,Control,355668,,SV2A,355670,,SV2A,355675,,Control,355673,,SV2A,355669,,SV2A,355677,,SV2A
Day 5 -6 -20231013(9)(11).edf,batch 1,,355676,,Control,355679,,Control,355668,,SV2A,355670,,SV2A,355675,,Control,355673,,SV2A,355669,,SV2A,355677,,SV2A
Day 5 -6 -20231013(9)(12).edf,batch 1,,355676,,Control,355679,,Control,355668,,SV2A,355670,,SV2A,355675,,Control,355673,,SV2A,355669,,SV2A,355677,,SV2A
Day 5 -6 -20231013(9)(13).edf,batch 1,,355676,,Control,355679,,Control,355668,,SV2A,355670,,SV2A,355675,,Control,355673,,SV2A,355669,,SV2A,355677,,SV2A
Day 5 -6 -20231013(9)(14).edf,batch 1,,355676,,Control,355679,,Control,355668,,SV2A,355670,,SV2A,355675,,Control,355673,,SV2A,355669,,SV2A,355677,,SV2A
Day 5 -6 -20231013(9)(15).edf,batch 1,,355676,,Control,355679,,Control,355668,,SV2A,355670,,SV2A,355675,,Control,355673,,SV2A,355669,,SV2A,355677,,SV2A
Day 5 -6 -20231013(9)(16).edf,batch 1,,355676,,Control,355679,,Control,355668,,SV2A,355670,,SV2A,355675,,Control,355673,,SV2A,355669,,SV2A,355677,,SV2A
Day 5 -6 -20231013(9)(17).edf,batch 1,,355676,,Control,355679,,Control,355668,,SV2A,355670,,SV2A,355675,,Control,355673,,SV2A,355669,,SV2A,355677,,SV2A
Day 5 -6 -20231013(9)(18).edf,batch 1,,355676,,Control,355679,,Control,355668,,SV2A,355670,,SV2A,355675,,Control,355673,,SV2A,355669,,SV2A,355677,,SV2A
Day 5 -6 -20231013(9)(19).edf,batch 1,,355676,,Control,355679,,Control,355668,,SV2A,355670,,SV2A,355675,,Control,355673,,SV2A,355669,,SV2A,355677,,SV2A
Day 5 -6 -20231013(9)(1).edf,batch 1,,355676,,Control,355679,,Control,355668,,SV2A,355670,,SV2A,355675,,Control,355673,,SV2A,355669,,SV2A,355677,,SV2A
Day 5 -6 -20231013(9)(20).edf,batch 1,,355676,,Control,355679,,Control,355668,,SV2A,355670,,SV2A,355675,,Control,355673,,SV2A,355669,,SV2A,355677,,SV2A
Day 5 -6 -20231013(9)(21).edf,batch 1,,355676,,Control,355679,,Control,355668,,SV2A,355670,,SV2A,355675,,Control,355673,,SV2A,355669,,SV2A,355677,,SV2A
Day 5 -6 -20231013(9)(22).edf,batch 1,,355676,,Control,355679,,Control,355668,,SV2A,355670,,SV2A,355675,,Control,355673,,SV2A,355669,,SV2A,355677,,SV2A
Day 5 -6 -20231013(9)(23).edf,batch 1,,355676,,Control,355679,,Control,355668,,SV2A,355670,,SV2A,355675,,Control,355673,,SV2A,355669,,SV2A,355677,,SV2A
Day 5 -6 -20231013(9)(24).edf,batch 1,,355676,,Control,355679,,Control,355668,,SV2A,355670,,SV2A,355675,,Control,355673,,SV2A,355669,,SV2A,355677,,SV2A
Day 5 -6 -20231013(9)(25).edf,batch 1,,355676,,Control,355679,,Control,355668,,SV2A,355670,,SV2A,355675,,Control,355673,,SV2A,355669,,SV2A,355677,,SV2A
Day 5 -6 -20231013(9)(26).edf,batch 1,,355676,,Control,355679,,Control,355668,,SV2A,355670,,SV2A,355675,,Control,355673,,SV2A,355669,,SV2A,355677,,SV2A
Day 5 -6 -20231013(9)(27).edf,batch 1,,355676,,Control,355679,,Control,355668,,SV2A,355670,,SV2A,355675,,Control,355673,,SV2A,355669,,SV2A,355677,,SV2A
Day 5 -6 -20231013(9)(28).edf,batch 1,,355676,,Control,355679,,Control,355668,,SV2A,355670,,SV2A,355675,,Control,355673,,SV2A,355669,,SV2A,355677,,SV2A
Day 5 -6 -20231013(9)(29).edf,batch 1,,355676,,Control,355679,,Control,355668,,SV2A,355670,,SV2A,355675,,Control,355673,,SV2A,355669,,SV2A,355677,,SV2A
Day 5 -6 -20231013(9)(2).edf,batch 1,,355676,,Control,355679,,Control,355668,,SV2A,355670,,SV2A,355675,,Control,355673,,SV2A,355669,,SV2A,355677,,SV2A
Day 5 -6 -20231013(9)(30).edf,batch 1,,355676,,Control,355679,,Control,355668,,SV2A,355670,,SV2A,355675,,Control,355673,,SV2A,355669,,SV2A,355677,,SV2A
Day 5 -6 -20231013(9)(31).edf,batch 1,,355676,,Control,355679,,Control,355668,,SV2A,355670,,SV2A,355675,,Control,355673,,SV2A,355669,,SV2A,355677,,SV2A
Day 5 -6 -20231013(9)(32).edf,batch 1,,355676,,Control,355679,,Control,355668,,SV2A,355670,,SV2A,355675,,Control,355673,,SV2A,355669,,SV2A,355677,,SV2A
Day 5 -6 -20231013(9)(33).edf,batch 1,,355676,,Control,355679,,Control,355668,,SV2A,355670,,SV2A,355675,,Control,355673,,SV2A,355669,,SV2A,355677,,SV2A
Day 5 -6 -20231013(9)(34).edf,batch 1,,355676,,Control,355679,,Control,355668,,SV2A,355670,,SV2A,355675,,Control,355673,,SV2A,355669,,SV2A,355677,,SV2A
Day 5 -6 -20231013(9)(3).edf,batch 1,,355676,,Control,355679,,Control,355668,,SV2A,355670,,SV2A,355675,,Control,355673,,SV2A,355669,,SV2A,355677,,SV2A
Day 5 -6 -20231013(9)(4).edf,batch 1,,355676,,Control,355679,,Control,355668,,SV2A,355670,,SV2A,355675,,Control,355673,,SV2A,355669,,SV2A,355677,,SV2A
Day 5 -6 -20231013(9)(5).edf,batch 1,,355676,,Control,355679,,Control,355668,,SV2A,355670,,SV2A,355675,,Control,355673,,SV2A,355669,,SV2A,355677,,SV2A
Day 5 -6 -20231013(9)(6).edf,batch 1,,355676,,Control,355679,,Control,355668,,SV2A,355670,,SV2A,355675,,Control,355673,,SV2A,355669,,SV2A,355677,,SV2A
Day 5 -6 -20231013(9)(7).edf,batch 1,,355676,,Control,355679,,Control,355668,,SV2A,355670,,SV2A,355675,,Control,355673,,SV2A,355669,,SV2A,355677,,SV2A
Day 5 -6 -20231013(9)(8).edf,batch 1,,355676,,Control,355679,,Control,355668,,SV2A,355670,,SV2A,355675,,Control,355673,,SV2A,355669,,SV2A,355677,,SV2A
Day 5 -6 -20231013(9)(9).edf,batch 1,,355676,,Control,355679,,Control,355668,,SV2A,355670,,SV2A,355675,,Control,355673,,SV2A,355669,,SV2A,355677,,SV2A
Day 5 -6 -20231013(9).edf,batch 1,,355676,,Control,355679,,Control,355668,,SV2A,355670,,SV2A,355675,,Control,355673,,SV2A,355669,,SV2A,355677,,SV2A
Day 7-20231015(10).edf,batch 1,,355676,,Control,355679,,Control,355668,,SV2A,355670,,SV2A,355675,,Control,355673,,SV2A,355669,,SV2A,355677,,SV2A
Day 7-20231015(11).edf,batch 1,,355676,,Control,355679,,Control,355668,,SV2A,355670,,SV2A,355675,,Control,355673,,SV2A,355669,,SV2A,355677,,SV2A
Day 7-20231015(1).edf,batch 1,,355676,,Control,355679,,Control,355668,,SV2A,355670,,SV2A,355675,,Control,355673,,SV2A,355669,,SV2A,355677,,SV2A
Day 7-20231015(2).edf,batch 1,,355676,,Control,355679,,Control,355668,,SV2A,355670,,SV2A,355675,,Control,355673,,SV2A,355669,,SV2A,355677,,SV2A
Day 7-20231015(3).edf,batch 1,,355676,,Control,355679,,Control,355668,,SV2A,355670,,SV2A,355675,,Control,355673,,SV2A,355669,,SV2A,355677,,SV2A
Day 7-20231015(4).edf,batch 1,,355676,,Control,355679,,Control,355668,,SV2A,355670,,SV2A,355675,,Control,355673,,SV2A,355669,,SV2A,355677,,SV2A
Day 7-20231015(5).edf,batch 1,,355676,,Control,355679,,Control,355668,,SV2A,355670,,SV2A,355675,,Control,355673,,SV2A,355669,,SV2A,355677,,SV2A
Day 7-20231015(6).edf,batch 1,,355676,,Control,355679,,Control,355668,,SV2A,355670,,SV2A,355675,,Control,355673,,SV2A,355669,,SV2A,355677,,SV2A
Day 7-20231015(7).edf,batch 1,,355676,,Control,355679,,Control,355668,,SV2A,355670,,SV2A,355675,,Control,355673,,SV2A,355669,,SV2A,355677,,SV2A
Day 7-20231015(8).edf,batch 1,,355676,,Control,355679,,Control,355668,,SV2A,355670,,SV2A,355675,,Control,355673,,SV2A,355669,,SV2A,355677,,SV2A
Day 7-20231015(9).edf,batch 1,,355676,,Control,355679,,Control,355668,,SV2A,355670,,SV2A,355675,,Control,355673,,SV2A,355669,,SV2A,355677,,SV2A
Day 7-20231015Sel.edf,batch 1,,355676,,Control,355679,,Control,355668,,SV2A,355670,,SV2A,355675,,Control,355673,,SV2A,355669,,SV2A,355677,,SV2A
Day 8-20231016(10).edf,batch 1,,355676,,Control,355679,,Control,355668,,SV2A,355670,,SV2A,355675,,Control,355673,,SV2A,355669,,SV2A,355677,,SV2A
Day 8-20231016(11).edf,batch 1,,355676,,Control,355679,,Control,355668,,SV2A,355670,,SV2A,355675,,Control,355673,,SV2A,355669,,SV2A,355677,,SV2A
Day 8-20231016(12).edf,batch 1,,355676,,Control,355679,,Control,355668,,SV2A,355670,,SV2A,355675,,Control,355673,,SV2A,355669,,SV2A,355677,,SV2A
Day 8-20231016(13).edf,batch 1,,355676,,Control,355679,,Control,355668,,SV2A,355670,,SV2A,355675,,Control,355673,,SV2A,355669,,SV2A,355677,,SV2A
Day 8-20231016(14).edf,batch 1,,355676,,Control,355679,,Control,355668,,SV2A,355670,,SV2A,355675,,Control,355673,,SV2A,355669,,SV2A,355677,,SV2A
Day 8-20231016(15).edf,batch 1,,355676,,Control,355679,,Control,355668,,SV2A,355670,,SV2A,355675,,Control,355673,,SV2A,355669,,SV2A,355677,,SV2A
Day 8-20231016(16).edf,batch 1,,355676,,Control,355679,,Control,355668,,SV2A,355670,,SV2A,355675,,Control,355673,,SV2A,355669,,SV2A,355677,,SV2A
Day 8-20231016(17).edf,batch 1,,355676,,Control,355679,,Control,355668,,SV2A,355670,,SV2A,355675,,Control,355673,,SV2A,355669,,SV2A,355677,,SV2A
Day 8-20231016(18).edf,batch 1,,355676,,Control,355679,,Control,355668,,SV2A,355670,,SV2A,355675,,Control,355673,,SV2A,355669,,SV2A,355677,,SV2A
Day 8-20231016(19).edf,batch 1,,355676,,Control,355679,,Control,355668,,SV2A,355670,,SV2A,355675,,Control,355673,,SV2A,355669,,SV2A,355677,,SV2A
Day 8-20231016(1).edf,batch 1,,355676,,Control,355679,,Control,355668,,SV2A,355670,,SV2A,355675,,Control,355673,,SV2A,355669,,SV2A,355677,,SV2A
Day 8-20231016(20).edf,batch 1,,355676,,Control,355679,,Control,355668,,SV2A,355670,,SV2A,355675,,Control,355673,,SV2A,355669,,SV2A,355677,,SV2A
Day 8-20231016(2).edf,batch 1,,355676,,Control,355679,,Control,355668,,SV2A,355670,,SV2A,355675,,Control,355673,,SV2A,355669,,SV2A,355677,,SV2A
Day 8-20231016(3).edf,batch 1,,355676,,Control,355679,,Control,355668,,SV2A,355670,,SV2A,355675,,Control,355673,,SV2A,355669,,SV2A,355677,,SV2A
Day 8-20231016(4).edf,batch 1,,355676,,Control,355679,,Control,355668,,SV2A,355670,,SV2A,355675,,Control,355673,,SV2A,355669,,SV2A,355677,,SV2A
Day 8-20231016(5).edf,batch 1,,355676,,Control,355679,,Control,355668,,SV2A,355670,,SV2A,355675,,Control,355673,,SV2A,355669,,SV2A,355677,,SV2A
Day 8-20231016(6).edf,batch 1,,355676,,Control,355679,,Control,355668,,SV2A,355670,,SV2A,355675,,Control,355673,,SV2A,355669,,SV2A,355677,,SV2A
Day 8-20231016(7).edf,batch 1,,355676,,Control,355679,,Control,355668,,SV2A,355670,,SV2A,355675,,Control,355673,,SV2A,355669,,SV2A,355677,,SV2A
Day 8-20231016(8).edf,batch 1,,355676,,Control,355679,,Control,355668,,SV2A,355670,,SV2A,355675,,Control,355673,,SV2A,355669,,SV2A,355677,,SV2A
Day 8-20231016(9).edf,batch 1,,355676,,Control,355679,,Control,355668,,SV2A,355670,,SV2A,355675,,Control,355673,,SV2A,355669,,SV2A,355677,,SV2A
Day 9-20231017(10).edf,batch 1,,355676,,Control,355679,,Control,355668,,SV2A,355670,,SV2A,355675,,Control,355673,,SV2A,355669,,SV2A,355677,,SV2A
Day 9-20231017(11).edf,batch 1,,355676,,Control,355679,,Control,355668,,SV2A,355670,,SV2A,355675,,Control,355673,,SV2A,355669,,SV2A,355677,,SV2A
Day 9-20231017(12).edf,batch 1,,355676,,Control,355679,,Control,355668,,SV2A,355670,,SV2A,355675,,Control,355673,,SV2A,355669,,SV2A,355677,,SV2A
Day 9-20231017(13).edf,batch 1,,355676,,Control,355679,,Control,355668,,SV2A,355670,,SV2A,355675,,Control,355673,,SV2A,355669,,SV2A,355677,,SV2A
Day 9-20231017(14).edf,batch 1,,355676,,Control,355679,,Control,355668,,SV2A,355670,,SV2A,355675,,Control,355673,,SV2A,355669,,SV2A,355677,,SV2A
Day 9-20231017(15).edf,batch 1,,355676,,Control,355679,,Control,355668,,SV2A,355670,,SV2A,355675,,Control,355673,,SV2A,355669,,SV2A,355677,,SV2A
Day 9-20231017(16).edf,batch 1,,355676,,Control,355679,,Control,355668,,SV2A,355670,,SV2A,355675,,Control,355673,,SV2A,355669,,SV2A,355677,,SV2A
Day 9-20231017(17).edf,batch 1,,355676,,Control,355679,,Control,355668,,SV2A,355670,,SV2A,355675,,Control,355673,,SV2A,355669,,SV2A,355677,,SV2A
Day 9-20231017(18).edf,batch 1,,355676,,Control,355679,,Control,355668,,SV2A,355670,,SV2A,355675,,Control,355673,,SV2A,355669,,SV2A,355677,,SV2A
Day 9-20231017(19).edf,batch 1,,355676,,Control,355679,,Control,355668,,SV2A,355670,,SV2A,355675,,Control,355673,,SV2A,355669,,SV2A,355677,,SV2A
Day 9-20231017(1).edf,batch 1,,355676,,Control,355679,,Control,355668,,SV2A,355670,,SV2A,355675,,Control,355673,,SV2A,355669,,SV2A,355677,,SV2A
Day 9-20231017(20).edf,batch 1,,355676,,Control,355679,,Control,355668,,SV2A,355670,,SV2A,355675,,Control,355673,,SV2A,355669,,SV2A,355677,,SV2A
Day 9-20231017(2).edf,batch 1,,355676,,Control,355679,,Control,355668,,SV2A,355670,,SV2A,355675,,Control,355673,,SV2A,355669,,SV2A,355677,,SV2A
Day 9-20231017(3).edf,batch 1,,355676,,Control,355679,,Control,355668,,SV2A,355670,,SV2A,355675,,Control,355673,,SV2A,355669,,SV2A,355677,,SV2A
Day 9-20231017(4).edf,batch 1,,355676,,Control,355679,,Control,355668,,SV2A,355670,,SV2A,355675,,Control,355673,,SV2A,355669,,SV2A,355677,,SV2A
Day 9-20231017(5).edf,batch 1,,355676,,Control,355679,,Control,355668,,SV2A,355670,,SV2A,355675,,Control,355673,,SV2A,355669,,SV2A,355677,,SV2A
Day 9-20231017(6).edf,batch 1,,355676,,Control,355679,,Control,355668,,SV2A,355670,,SV2A,355675,,Control,355673,,SV2A,355669,,SV2A,355677,,SV2A
Day 9-20231017(7).edf,batch 1,,355676,,Control,355679,,Control,355668,,SV2A,355670,,SV2A,355675,,Control,355673,,SV2A,355669,,SV2A,355677,,SV2A
Day 9-20231017(8).edf,batch 1,,355676,,Control,355679,,Control,355668,,SV2A,355670,,SV2A,355675,,Control,355673,,SV2A,355669,,SV2A,355677,,SV2A
Day 9-20231017(9).edf,batch 1,,355676,,Control,355679,,Control,355668,,SV2A,355670,,SV2A,355675,,Control,355673,,SV2A,355669,,SV2A,355677,,SV2A
Day 9-20231017Sel.edf,batch 1,,355676,,Control,355679,,Control,355668,,SV2A,355670,,SV2A,355675,,Control,355673,,SV2A,355669,,SV2A,355677,,SV2A
Day 10+11-20231018(10).edf,batch 1,,355676,,Control,355679,,Control,355668,,SV2A,355670,,SV2A,355675,,Control,355673,,SV2A,355669,,SV2A,355677,,SV2A
Day 10+11-20231018(11).edf,batch 1,,355676,,Control,355679,,Control,355668,,SV2A,355670,,SV2A,355675,,Control,355673,,SV2A,355669,,SV2A,355677,,SV2A
Day 10+11-20231018(12).edf,batch 1,,355676,,Control,355679,,Control,355668,,SV2A,355670,,SV2A,355675,,Control,355673,,SV2A,355669,,SV2A,355677,,SV2A
Day 10+11-20231018(13).edf,batch 1,,355676,,Control,355679,,Control,355668,,SV2A,355670,,SV2A,355675,,Control,355673,,SV2A,355669,,SV2A,355677,,SV2A
Day 10+11-20231018(14).edf,batch 1,,355676,,Control,355679,,Control,355668,,SV2A,355670,,SV2A,355675,,Control,355673,,SV2A,355669,,SV2A,355677,,SV2A
Day 10+11-20231018(15).edf,batch 1,,355676,,Control,355679,,Control,355668,,SV2A,355670,,SV2A,355675,,Control,355673,,SV2A,355669,,SV2A,355677,,SV2A
Day 10+11-20231018(16).edf,batch 1,,355676,,Control,355679,,Control,355668,,SV2A,355670,,SV2A,355675,,Control,355673,,SV2A,355669,,SV2A,355677,,SV2A
Day 10+11-20231018(17).edf,batch 1,,355676,,Control,355679,,Control,355668,,SV2A,355670,,SV2A,355675,,Control,355673,,SV2A,355669,,SV2A,355677,,SV2A
Day 10+11-20231018(18).edf,batch 1,,355676,,Control,355679,,Control,355668,,SV2A,355670,,SV2A,355675,,Control,355673,,SV2A,355669,,SV2A,355677,,SV2A
Day 10+11-20231018(19).edf,batch 1,,355676,,Control,355679,,Control,355668,,SV2A,355670,,SV2A,355675,,Control,355673,,SV2A,355669,,SV2A,355677,,SV2A
Day 10+11-20231018(1).edf,batch 1,,355676,,Control,355679,,Control,355668,,SV2A,355670,,SV2A,355675,,Control,355673,,SV2A,355669,,SV2A,355677,,SV2A
Day 10+11-20231018(20).edf,batch 1,,355676,,Control,355679,,Control,355668,,SV2A,355670,,SV2A,355675,,Control,355673,,SV2A,355669,,SV2A,355677,,SV2A
Day 10+11-20231018(21).edf,batch 1,,355676,,Control,355679,,Control,355668,,SV2A,355670,,SV2A,355675,,Control,355673,,SV2A,355669,,SV2A,355677,,SV2A
Day 10+11-20231018(22).edf,batch 1,,355676,,Control,355679,,Control,355668,,SV2A,355670,,SV2A,355675,,Control,355673,,SV2A,355669,,SV2A,355677,,SV2A
Day 10+11-20231018(23).edf,batch 1,,355676,,Control,355679,,Control,355668,,SV2A,355670,,SV2A,355675,,Control,355673,,SV2A,355669,,SV2A,355677,,SV2A
Day 10+11-20231018(24).edf,batch 1,,355676,,Control,355679,,Control,355668,,SV2A,355670,,SV2A,355675,,Control,355673,,SV2A,355669,,SV2A,355677,,SV2A
Day 10+11-20231018(25).edf,batch 1,,355676,,Control,355679,,Control,355668,,SV2A,355670,,SV2A,355675,,Control,355673,,SV2A,355669,,SV2A,355677,,SV2A
Day 10+11-20231018(26).edf,batch 1,,355676,,Control,355679,,Control,355668,,SV2A,355670,,SV2A,355675,,Control,355673,,SV2A,355669,,SV2A,355677,,SV2A
Day 10+11-20231018(27).edf,batch 1,,355676,,Control,355679,,Control,355668,,SV2A,355670,,SV2A,355675,,Control,355673,,SV2A,355669,,SV2A,355677,,SV2A
Day 10+11-20231018(28).edf,batch 1,,355676,,Control,355679,,Control,355668,,SV2A,355670,,SV2A,355675,,Control,355673,,SV2A,355669,,SV2A,355677,,SV2A
Day 10+11-20231018(29).edf,batch 1,,355676,,Control,355679,,Control,355668,,SV2A,355670,,SV2A,355675,,Control,355673,,SV2A,355669,,SV2A,355677,,SV2A
Day 10+11-20231018(2).edf,batch 1,,355676,,Control,355679,,Control,355668,,SV2A,355670,,SV2A,355675,,Control,355673,,SV2A,355669,,SV2A,355677,,SV2A
Day 10+11-20231018(3).edf,batch 1,,355676,,Control,355679,,Control,355668,,SV2A,355670,,SV2A,355675,,Control,355673,,SV2A,355669,,SV2A,355677,,SV2A
Day 10+11-20231018(4).edf,batch 1,,355676,,Control,355679,,Control,355668,,SV2A,355670,,SV2A,355675,,Control,355673,,SV2A,355669,,SV2A,355677,,SV2A
Day 10+11-20231018(5).edf,batch 1,,355676,,Control,355679,,Control,355668,,SV2A,355670,,SV2A,355675,,Control,355673,,SV2A,355669,,SV2A,355677,,SV2A
Day 10+11-20231018(6).edf,batch 1,,355676,,Control,355679,,Control,355668,,SV2A,355670,,SV2A,355675,,Control,355673,,SV2A,355669,,SV2A,355677,,SV2A
Day 10+11-20231018(7).edf,batch 1,,355676,,Control,355679,,Control,355668,,SV2A,355670,,SV2A,355675,,Control,355673,,SV2A,355669,,SV2A,355677,,SV2A
Day 10+11-20231018(8).edf,batch 1,,355676,,Control,355679,,Control,355668,,SV2A,355670,,SV2A,355675,,Control,355673,,SV2A,355669,,SV2A,355677,,SV2A
Day 10+11-20231018(9).edf,batch 1,,355676,,Control,355679,,Control,355668,,SV2A,355670,,SV2A,355675,,Control,355673,,SV2A,355669,,SV2A,355677,,SV2A
Day 12-20231020(10).edf,batch 1,,355676,,Control,355679,,Control,355668,,SV2A,355670,,SV2A,355675,,Control,355673,,SV2A,355669,,SV2A,355677,,SV2A
Day 12-20231020(11).edf,batch 1,,355676,,Control,355679,,Control,355668,,SV2A,355670,,SV2A,355675,,Control,355673,,SV2A,355669,,SV2A,355677,,SV2A
Day 12-20231020(12).edf,batch 1,,355676,,Control,355679,,Control,355668,,SV2A,355670,,SV2A,355675,,Control,355673,,SV2A,355669,,SV2A,355677,,SV2A
Day 12-20231020(13).edf,batch 1,,355676,,Control,355679,,Control,355668,,SV2A,355670,,SV2A,355675,,Control,355673,,SV2A,355669,,SV2A,355677,,SV2A
Day 12-20231020(14).edf,batch 1,,355676,,Control,355679,,Control,355668,,SV2A,355670,,SV2A,355675,,Control,355673,,SV2A,355669,,SV2A,355677,,SV2A
Day 12-20231020(15).edf,batch 1,,355676,,Control,355679,,Control,355668,,SV2A,355670,,SV2A,355675,,Control,355673,,SV2A,355669,,SV2A,355677,,SV2A
Day 12-20231020(16).edf,batch 1,,355676,,Control,355679,,Control,355668,,SV2A,355670,,SV2A,355675,,Control,355673,,SV2A,355669,,SV2A,355677,,SV2A
Day 12-20231020(17).edf,batch 1,,355676,,Control,355679,,Control,355668,,SV2A,355670,,SV2A,355675,,Control,355673,,SV2A,355669,,SV2A,355677,,SV2A
Day 12-20231020(18).edf,batch 1,,355676,,Control,355679,,Control,355668,,SV2A,355670,,SV2A,355675,,Control,355673,,SV2A,355669,,SV2A,355677,,SV2A
Day 12-20231020(19).edf,batch 1,,355676,,Control,355679,,Control,355668,,SV2A,355670,,SV2A,355675,,Control,355673,,SV2A,355669,,SV2A,355677,,SV2A
Day 12-20231020(1).edf,batch 1,,355676,,Control,355679,,Control,355668,,SV2A,355670,,SV2A,355675,,Control,355673,,SV2A,355669,,SV2A,355677,,SV2A
Day 12-20231020(20).edf,batch 1,,355676,,Control,355679,,Control,355668,,SV2A,355670,,SV2A,355675,,Control,355673,,SV2A,355669,,SV2A,355677,,SV2A
Day 12-20231020(2).edf,batch 1,,355676,,Control,355679,,Control,355668,,SV2A,355670,,SV2A,355675,,Control,355673,,SV2A,355669,,SV2A,355677,,SV2A
Day 12-20231020(3).edf,batch 1,,355676,,Control,355679,,Control,355668,,SV2A,355670,,SV2A,355675,,Control,355673,,SV2A,355669,,SV2A,355677,,SV2A
Day 12-20231020(4).edf,batch 1,,355676,,Control,355679,,Control,355668,,SV2A,355670,,SV2A,355675,,Control,355673,,SV2A,355669,,SV2A,355677,,SV2A
Day 12-20231020(5).edf,batch 1,,355676,,Control,355679,,Control,355668,,SV2A,355670,,SV2A,355675,,Control,355673,,SV2A,355669,,SV2A,355677,,SV2A
Day 12-20231020(6).edf,batch 1,,355676,,Control,355679,,Control,355668,,SV2A,355670,,SV2A,355675,,Control,355673,,SV2A,355669,,SV2A,355677,,SV2A
Day 12-20231020(7).edf,batch 1,,355676,,Control,355679,,Control,355668,,SV2A,355670,,SV2A,355675,,Control,355673,,SV2A,355669,,SV2A,355677,,SV2A
Day 12-20231020(8).edf,batch 1,,355676,,Control,355679,,Control,355668,,SV2A,355670,,SV2A,355675,,Control,355673,,SV2A,355669,,SV2A,355677,,SV2A
Day 12-20231020(9).edf,batch 1,,355676,,Control,355679,,Control,355668,,SV2A,355670,,SV2A,355675,,Control,355673,,SV2A,355669,,SV2A,355677,,SV2A
Day 13+14-20231021(10).edf,batch 1,,355676,,Control,355679,,Control,355668,,SV2A,355670,,SV2A,355675,,Control,355673,,SV2A,355669,,SV2A,355677,,SV2A
Day 13+14-20231021(11).edf,batch 1,,355676,,Control,355679,,Control,355668,,SV2A,355670,,SV2A,355675,,Control,355673,,SV2A,355669,,SV2A,355677,,SV2A
Day 13+14-20231021(12).edf,batch 1,,355676,,Control,355679,,Control,355668,,SV2A,355670,,SV2A,355675,,Control,355673,,SV2A,355669,,SV2A,355677,,SV2A
Day 13+14-20231021(13).edf,batch 1,,355676,,Control,355679,,Control,355668,,SV2A,355670,,SV2A,355675,,Control,355673,,SV2A,355669,,SV2A,355677,,SV2A
Day 13+14-20231021(14).edf,batch 1,,355676,,Control,355679,,Control,355668,,SV2A,355670,,SV2A,355675,,Control,355673,,SV2A,355669,,SV2A,355677,,SV2A
Day 13+14-20231021(15).edf,batch 1,,355676,,Control,355679,,Control,355668,,SV2A,355670,,SV2A,355675,,Control,355673,,SV2A,355669,,SV2A,355677,,SV2A
Day 13+14-20231021(16).edf,batch 1,,355676,,Control,355679,,Control,355668,,SV2A,355670,,SV2A,355675,,Control,355673,,SV2A,355669,,SV2A,355677,,SV2A
Day 13+14-20231021(17).edf,batch 1,,355676,,Control,355679,,Control,355668,,SV2A,355670,,SV2A,355675,,Control,355673,,SV2A,355669,,SV2A,355677,,SV2A
Day 13+14-20231021(18).edf,batch 1,,355676,,Control,355679,,Control,355668,,SV2A,355670,,SV2A,355675,,Control,355673,,SV2A,355669,,SV2A,355677,,SV2A
Day 13+14-20231021(19).edf,batch 1,,355676,,Control,355679,,Control,355668,,SV2A,355670,,SV2A,355675,,Control,355673,,SV2A,355669,,SV2A,355677,,SV2A
Day 13+14-20231021(1).edf,batch 1,,355676,,Control,355679,,Control,355668,,SV2A,355670,,SV2A,355675,,Control,355673,,SV2A,355669,,SV2A,355677,,SV2A
Day 13+14-20231021(20).edf,batch 1,,355676,,Control,355679,,Control,355668,,SV2A,355670,,SV2A,355675,,Control,355673,,SV2A,355669,,SV2A,355677,,SV2A
Day 13+14-20231021(21).edf,batch 1,,355676,,Control,355679,,Control,355668,,SV2A,355670,,SV2A,355675,,Control,355673,,SV2A,355669,,SV2A,355677,,SV2A
Day 13+14-20231021(22).edf,batch 1,,355676,,Control,355679,,Control,355668,,SV2A,355670,,SV2A,355675,,Control,355673,,SV2A,355669,,SV2A,355677,,SV2A
Day 13+14-20231021(23).edf,batch 1,,355676,,Control,355679,,Control,355668,,SV2A,355670,,SV2A,355675,,Control,355673,,SV2A,355669,,SV2A,355677,,SV2A
Day 13+14-20231021(24).edf,batch 1,,355676,,Control,355679,,Control,355668,,SV2A,355670,,SV2A,355675,,Control,355673,,SV2A,355669,,SV2A,355677,,SV2A
Day 13+14-20231021(25).edf,batch 1,,355676,,Control,355679,,Control,355668,,SV2A,355670,,SV2A,355675,,Control,355673,,SV2A,355669,,SV2A,355677,,SV2A
Day 13+14-20231021(26).edf,batch 1,,355676,,Control,355679,,Control,355668,,SV2A,355670,,SV2A,355675,,Control,355673,,SV2A,355669,,SV2A,355677,,SV2A
Day 13+14-20231021(2).edf,batch 1,,355676,,Control,355679,,Control,355668,,SV2A,355670,,SV2A,355675,,Control,355673,,SV2A,355669,,SV2A,355677,,SV2A
Day 13+14-20231021(3).edf,batch 1,,355676,,Control,355679,,Control,355668,,SV2A,355670,,SV2A,355675,,Control,355673,,SV2A,355669,,SV2A,355677,,SV2A
Day 13+14-20231021(4).edf,batch 1,,355676,,Control,355679,,Control,355668,,SV2A,355670,,SV2A,355675,,Control,355673,,SV2A,355669,,SV2A,355677,,SV2A
Day 13+14-20231021(5).edf,batch 1,,355676,,Control,355679,,Control,355668,,SV2A,355670,,SV2A,355675,,Control,355673,,SV2A,355669,,SV2A,355677,,SV2A
Day 13+14-20231021(6).edf,batch 1,,355676,,Control,355679,,Control,355668,,SV2A,355670,,SV2A,355675,,Control,355673,,SV2A,355669,,SV2A,355677,,SV2A
Day 13+14-20231021(7).edf,batch 1,,355676,,Control,355679,,Control,355668,,SV2A,355670,,SV2A,355675,,Control,355673,,SV2A,355669,,SV2A,355677,,SV2A
Day 13+14-20231021(8).edf,batch 1,,355676,,Control,355679,,Control,355668,,SV2A,355670,,SV2A,355675,,Control,355673,,SV2A,355669,,SV2A,355677,,SV2A
Day 13+14-20231021(9).edf,batch 1,,355676,,Control,355679,,Control,355668,,SV2A,355670,,SV2A,355675,,Control,355673,,SV2A,355669,,SV2A,355677,,SV2A
Day 15-20231023(10).edf,batch 1,,355676,,Control,355679,,Control,355668,,SV2A,355670,,SV2A,355675,,Control,355673,,SV2A,355669,,SV2A,355677,,SV2A
Day 15-20231023(11).edf,batch 1,,355676,,Control,355679,,Control,355668,,SV2A,355670,,SV2A,355675,,Control,355673,,SV2A,355669,,SV2A,355677,,SV2A
Day 15-20231023(12).edf,batch 1,,355676,,Control,355679,,Control,355668,,SV2A,355670,,SV2A,355675,,Control,355673,,SV2A,355669,,SV2A,355677,,SV2A
Day 15-20231023(13).edf,batch 1,,355676,,Control,355679,,Control,355668,,SV2A,355670,,SV2A,355675,,Control,355673,,SV2A,355669,,SV2A,355677,,SV2A
Day 15-20231023(14).edf,batch 1,,355676,,Control,355679,,Control,355668,,SV2A,355670,,SV2A,355675,,Control,355673,,SV2A,355669,,SV2A,355677,,SV2A
Day 15-20231023(15).edf,batch 1,,355676,,Control,355679,,Control,355668,,SV2A,355670,,SV2A,355675,,Control,355673,,SV2A,355669,,SV2A,355677,,SV2A
Day 15-20231023(16).edf,batch 1,,355676,,Control,355679,,Control,355668,,SV2A,355670,,SV2A,355675,,Control,355673,,SV2A,355669,,SV2A,355677,,SV2A
Day 15-20231023(1).edf,batch 1,,355676,,Control,355679,,Control,355668,,SV2A,355670,,SV2A,355675,,Control,355673,,SV2A,355669,,SV2A,355677,,SV2A
Day 15-20231023(2).edf,batch 1,,355676,,Control,355679,,Control,355668,,SV2A,355670,,SV2A,355675,,Control,355673,,SV2A,355669,,SV2A,355677,,SV2A
Day 15-20231023(3).edf,batch 1,,355676,,Control,355679,,Control,355668,,SV2A,355670,,SV2A,355675,,Control,355673,,SV2A,355669,,SV2A,355677,,SV2A
Day 15-20231023(4).edf,batch 1,,355676,,Control,355679,,Control,355668,,SV2A,355670,,SV2A,355675,,Control,355673,,SV2A,355669,,SV2A,355677,,SV2A
Day 15-20231023(5).edf,batch 1,,355676,,Control,355679,,Control,355668,,SV2A,355670,,SV2A,355675,,Control,355673,,SV2A,355669,,SV2A,355677,,SV2A
Day 15-20231023(6).edf,batch 1,,355676,,Control,355679,,Control,355668,,SV2A,355670,,SV2A,355675,,Control,355673,,SV2A,355669,,SV2A,355677,,SV2A
Day 15-20231023(7).edf,batch 1,,355676,,Control,355679,,Control,355668,,SV2A,355670,,SV2A,355675,,Control,355673,,SV2A,355669,,SV2A,355677,,SV2A
Day 15-20231023(8).edf,batch 1,,355676,,Control,355679,,Control,355668,,SV2A,355670,,SV2A,355675,,Control,355673,,SV2A,355669,,SV2A,355677,,SV2A
Day 15-20231023(9).edf,batch 1,,355676,,Control,355679,,Control,355668,,SV2A,355670,,SV2A,355675,,Control,355673,,SV2A,355669,,SV2A,355677,,SV2A
Day 16-20231024(10).edf,batch 1,,355676,,Control,355679,,Control,355668,,SV2A,355670,,SV2A,355675,,Control,355673,,SV2A,355669,,SV2A,355677,,SV2A
Day 16-20231024(11).edf,batch 1,,355676,,Control,355679,,Control,355668,,SV2A,355670,,SV2A,355675,,Control,355673,,SV2A,355669,,SV2A,355677,,SV2A
Day 16-20231024(12).edf,batch 1,,355676,,Control,355679,,Control,355668,,SV2A,355670,,SV2A,355675,,Control,355673,,SV2A,355669,,SV2A,355677,,SV2A
Day 16-20231024(13).edf,batch 1,,355676,,Control,355679,,Control,355668,,SV2A,355670,,SV2A,355675,,Control,355673,,SV2A,355669,,SV2A,355677,,SV2A
Day 16-20231024(14).edf,batch 1,,355676,,Control,355679,,Control,355668,,SV2A,355670,,SV2A,355675,,Control,355673,,SV2A,355669,,SV2A,355677,,SV2A
Day 16-20231024(15).edf,batch 1,,355676,,Control,355679,,Control,355668,,SV2A,355670,,SV2A,355675,,Control,355673,,SV2A,355669,,SV2A,355677,,SV2A
Day 16-20231024(16).edf,batch 1,,355676,,Control,355679,,Control,355668,,SV2A,355670,,SV2A,355675,,Control,355673,,SV2A,355669,,SV2A,355677,,SV2A
Day 16-20231024(17).edf,batch 1,,355676,,Control,355679,,Control,355668,,SV2A,355670,,SV2A,355675,,Control,355673,,SV2A,355669,,SV2A,355677,,SV2A
Day 16-20231024(1).edf,batch 1,,355676,,Control,355679,,Control,355668,,SV2A,355670,,SV2A,355675,,Control,355673,,SV2A,355669,,SV2A,355677,,SV2A
Day 16-20231024(2).edf,batch 1,,355676,,Control,355679,,Control,355668,,SV2A,355670,,SV2A,355675,,Control,355673,,SV2A,355669,,SV2A,355677,,SV2A
Day 16-20231024(3).edf,batch 1,,355676,,Control,355679,,Control,355668,,SV2A,355670,,SV2A,355675,,Control,355673,,SV2A,355669,,SV2A,355677,,SV2A
Day 16-20231024(4).edf,batch 1,,355676,,Control,355679,,Control,355668,,SV2A,355670,,SV2A,355675,,Control,355673,,SV2A,355669,,SV2A,355677,,SV2A
Day 16-20231024(5).edf,batch 1,,355676,,Control,355679,,Control,355668,,SV2A,355670,,SV2A,355675,,Control,355673,,SV2A,355669,,SV2A,355677,,SV2A
Day 16-20231024(6).edf,batch 1,,355676,,Control,355679,,Control,355668,,SV2A,355670,,SV2A,355675,,Control,355673,,SV2A,355669,,SV2A,355677,,SV2A
Day 16-20231024(7).edf,batch 1,,355676,,Control,355679,,Control,355668,,SV2A,355670,,SV2A,355675,,Control,355673,,SV2A,355669,,SV2A,355677,,SV2A
Day 16-20231024(8).edf,batch 1,,355676,,Control,355679,,Control,355668,,SV2A,355670,,SV2A,355675,,Control,355673,,SV2A,355669,,SV2A,355677,,SV2A
Day 16-20231024(9).edf,batch 1,,355676,,Control,355679,,Control,355668,,SV2A,355670,,SV2A,355675,,Control,355673,,SV2A,355669,,SV2A,355677,,SV2A
Day 17-20231025(10).edf,batch 1,,355676,,Control,355679,,Control,355668,,SV2A,355670,,SV2A,355675,,Control,355673,,SV2A,355669,,SV2A,355677,,SV2A
Day 17-20231025(11).edf,batch 1,,355676,,Control,355679,,Control,355668,,SV2A,355670,,SV2A,355675,,Control,355673,,SV2A,355669,,SV2A,355677,,SV2A
Day 17-20231025(12).edf,batch 1,,355676,,Control,355679,,Control,355668,,SV2A,355670,,SV2A,355675,,Control,355673,,SV2A,355669,,SV2A,355677,,SV2A
Day 17-20231025(13).edf,batch 1,,355676,,Control,355679,,Control,355668,,SV2A,355670,,SV2A,355675,,Control,355673,,SV2A,355669,,SV2A,355677,,SV2A
Day 17-20231025(14).edf,batch 1,,355676,,Control,355679,,Control,355668,,SV2A,355670,,SV2A,355675,,Control,355673,,SV2A,355669,,SV2A,355677,,SV2A
Day 17-20231025(15).edf,batch 1,,355676,,Control,355679,,Control,355668,,SV2A,355670,,SV2A,355675,,Control,355673,,SV2A,355669,,SV2A,355677,,SV2A
Day 17-20231025(16).edf,batch 1,,355676,,Control,355679,,Control,355668,,SV2A,355670,,SV2A,355675,,Control,355673,,SV2A,355669,,SV2A,355677,,SV2A
Day 17-20231025(17).edf,batch 1,,355676,,Control,355679,,Control,355668,,SV2A,355670,,SV2A,355675,,Control,355673,,SV2A,355669,,SV2A,355677,,SV2A
Day 17-20231025(18).edf,batch 1,,355676,,Control,355679,,Control,355668,,SV2A,355670,,SV2A,355675,,Control,355673,,SV2A,355669,,SV2A,355677,,SV2A
Day 17-20231025(1).edf,batch 1,,355676,,Control,355679,,Control,355668,,SV2A,355670,,SV2A,355675,,Control,355673,,SV2A,355669,,SV2A,355677,,SV2A
Day 17-20231025(2).edf,batch 1,,355676,,Control,355679,,Control,355668,,SV2A,355670,,SV2A,355675,,Control,355673,,SV2A,355669,,SV2A,355677,,SV2A
Day 17-20231025(3).edf,batch 1,,355676,,Control,355679,,Control,355668,,SV2A,355670,,SV2A,355675,,Control,355673,,SV2A,355669,,SV2A,355677,,SV2A
Day 17-20231025(4).edf,batch 1,,355676,,Control,355679,,Control,355668,,SV2A,355670,,SV2A,355675,,Control,355673,,SV2A,355669,,SV2A,355677,,SV2A
Day 17-20231025(5).edf,batch 1,,355676,,Control,355679,,Control,355668,,SV2A,355670,,SV2A,355675,,Control,355673,,SV2A,355669,,SV2A,355677,,SV2A
Day 17-20231025(6).edf,batch 1,,355676,,Control,355679,,Control,355668,,SV2A,355670,,SV2A,355675,,Control,355673,,SV2A,355669,,SV2A,355677,,SV2A
Day 17-20231025(7).edf,batch 1,,355676,,Control,355679,,Control,355668,,SV2A,355670,,SV2A,355675,,Control,355673,,SV2A,355669,,SV2A,355677,,SV2A
Day 17-20231025(8).edf,batch 1,,355676,,Control,355679,,Control,355668,,SV2A,355670,,SV2A,355675,,Control,355673,,SV2A,355669,,SV2A,355677,,SV2A
Day 17-20231025(9).edf,batch 1,,355676,,Control,355679,,Control,355668,,SV2A,355670,,SV2A,355675,,Control,355673,,SV2A,355669,,SV2A,355677,,SV2A
Day 18-20231026(10).edf,batch 1,,355676,,Control,355679,,Control,355668,,SV2A,355670,,SV2A,355675,,Control,355673,,SV2A,355669,,SV2A,355677,,SV2A
Day 18-20231026(11).edf,batch 1,,355676,,Control,355679,,Control,355668,,SV2A,355670,,SV2A,355675,,Control,355673,,SV2A,355669,,SV2A,355677,,SV2A
Day 18-20231026(12).edf,batch 1,,355676,,Control,355679,,Control,355668,,SV2A,355670,,SV2A,355675,,Control,355673,,SV2A,355669,,SV2A,355677,,SV2A
Day 18-20231026(13).edf,batch 1,,355676,,Control,355679,,Control,355668,,SV2A,355670,,SV2A,355675,,Control,355673,,SV2A,355669,,SV2A,355677,,SV2A
Day 18-20231026(14).edf,batch 1,,355676,,Control,355679,,Control,355668,,SV2A,355670,,SV2A,355675,,Control,355673,,SV2A,355669,,SV2A,355677,,SV2A
Day 18-20231026(15).edf,batch 1,,355676,,Control,355679,,Control,355668,,SV2A,355670,,SV2A,355675,,Control,355673,,SV2A,355669,,SV2A,355677,,SV2A
Day 18-20231026(16).edf,batch 1,,355676,,Control,355679,,Control,355668,,SV2A,355670,,SV2A,355675,,Control,355673,,SV2A,355669,,SV2A,355677,,SV2A
Day 18-20231026(1).edf,batch 1,,355676,,Control,355679,,Control,355668,,SV2A,355670,,SV2A,355675,,Control,355673,,SV2A,355669,,SV2A,355677,,SV2A
Day 18-20231026(2).edf,batch 1,,355676,,Control,355679,,Control,355668,,SV2A,355670,,SV2A,355675,,Control,355673,,SV2A,355669,,SV2A,355677,,SV2A
Day 18-20231026(3).edf,batch 1,,355676,,Control,355679,,Control,355668,,SV2A,355670,,SV2A,355675,,Control,355673,,SV2A,355669,,SV2A,355677,,SV2A
Day 18-20231026(4).edf,batch 1,,355676,,Control,355679,,Control,355668,,SV2A,355670,,SV2A,355675,,Control,355673,,SV2A,355669,,SV2A,355677,,SV2A
Day 18-20231026(5).edf,batch 1,,355676,,Control,355679,,Control,355668,,SV2A,355670,,SV2A,355675,,Control,355673,,SV2A,355669,,SV2A,355677,,SV2A
Day 18-20231026(6).edf,batch 1,,355676,,Control,355679,,Control,355668,,SV2A,355670,,SV2A,355675,,Control,355673,,SV2A,355669,,SV2A,355677,,SV2A
Day 18-20231026(7).edf,batch 1,,355676,,Control,355679,,Control,355668,,SV2A,355670,,SV2A,355675,,Control,355673,,SV2A,355669,,SV2A,355677,,SV2A
Day 18-20231026(8).edf,batch 1,,355676,,Control,355679,,Control,355668,,SV2A,355670,,SV2A,355675,,Control,355673,,SV2A,355669,,SV2A,355677,,SV2A
Day 18-20231026(9).edf,batch 1,,355676,,Control,355679,,Control,355668,,SV2A,355670,,SV2A,355675,,Control,355673,,SV2A,355669,,SV2A,355677,,SV2A
Day 19+20-20231027(10).edf,batch 1,,355676,,Control,355679,,Control,355668,,SV2A,355670,,SV2A,355675,,Control,355673,,SV2A,355669,,SV2A,355677,,SV2A
Day 19+20-20231027(11).edf,batch 1,,355676,,Control,355679,,Control,355668,,SV2A,355670,,SV2A,355675,,Control,355673,,SV2A,355669,,SV2A,355677,,SV2A
Day 19+20-20231027(12).edf,batch 1,,355676,,Control,355679,,Control,355668,,SV2A,355670,,SV2A,355675,,Control,355673,,SV2A,355669,,SV2A,355677,,SV2A
Day 19+20-20231027(13).edf,batch 1,,355676,,Control,355679,,Control,355668,,SV2A,355670,,SV2A,355675,,Control,355673,,SV2A,355669,,SV2A,355677,,SV2A
Day 19+20-20231027(14).edf,batch 1,,355676,,Control,355679,,Control,355668,,SV2A,355670,,SV2A,355675,,Control,355673,,SV2A,355669,,SV2A,355677,,SV2A
Day 19+20-20231027(15).edf,batch 1,,355676,,Control,355679,,Control,355668,,SV2A,355670,,SV2A,355675,,Control,355673,,SV2A,355669,,SV2A,355677,,SV2A
Day 19+20-20231027(16).edf,batch 1,,355676,,Control,355679,,Control,355668,,SV2A,355670,,SV2A,355675,,Control,355673,,SV2A,355669,,SV2A,355677,,SV2A
Day 19+20-20231027(17).edf,batch 1,,355676,,Control,355679,,Control,355668,,SV2A,355670,,SV2A,355675,,Control,355673,,SV2A,355669,,SV2A,355677,,SV2A
Day 19+20-20231027(1).edf,batch 1,,355676,,Control,355679,,Control,355668,,SV2A,355670,,SV2A,355675,,Control,355673,,SV2A,355669,,SV2A,355677,,SV2A
Day 19+20-20231027(2).edf,batch 1,,355676,,Control,355679,,Control,355668,,SV2A,355670,,SV2A,355675,,Control,355673,,SV2A,355669,,SV2A,355677,,SV2A
Day 19+20-20231027(3).edf,batch 1,,355676,,Control,355679,,Control,355668,,SV2A,355670,,SV2A,355675,,Control,355673,,SV2A,355669,,SV2A,355677,,SV2A
Day 19+20-20231027(4).edf,batch 1,,355676,,Control,355679,,Control,355668,,SV2A,355670,,SV2A,355675,,Control,355673,,SV2A,355669,,SV2A,355677,,SV2A
Day 19+20-20231027(5).edf,batch 1,,355676,,Control,355679,,Control,355668,,SV2A,355670,,SV2A,355675,,Control,355673,,SV2A,355669,,SV2A,355677,,SV2A
Day 19+20-20231027(6).edf,batch 1,,355676,,Control,355679,,Control,355668,,SV2A,355670,,SV2A,355675,,Control,355673,,SV2A,355669,,SV2A,355677,,SV2A
Day 19+20-20231027(7).edf,batch 1,,355676,,Control,355679,,Control,355668,,SV2A,355670,,SV2A,355675,,Control,355673,,SV2A,355669,,SV2A,355677,,SV2A
Day 19+20-20231027(8).edf,batch 1,,355676,,Control,355679,,Control,355668,,SV2A,355670,,SV2A,355675,,Control,355673,,SV2A,355669,,SV2A,355677,,SV2A
Day 19+20-20231027(9).edf,batch 1,,355676,,Control,355679,,Control,355668,,SV2A,355670,,SV2A,355675,,Control,355673,,SV2A,355669,,SV2A,355677,,SV2A
Day 21-20231029(10).edf,batch 1,,355676,,Control,355679,,Control,355668,,SV2A,355670,,SV2A,355675,,Control,355673,,SV2A,355669,,SV2A,355677,,SV2A
Day 21-20231029(11).edf,batch 1,,355676,,Control,355679,,Control,355668,,SV2A,355670,,SV2A,355675,,Control,355673,,SV2A,355669,,SV2A,355677,,SV2A
Day 21-20231029(12).edf,batch 1,,355676,,Control,355679,,Control,355668,,SV2A,355670,,SV2A,355675,,Control,355673,,SV2A,355669,,SV2A,355677,,SV2A
Day 21-20231029(13).edf,batch 1,,355676,,Control,355679,,Control,355668,,SV2A,355670,,SV2A,355675,,Control,355673,,SV2A,355669,,SV2A,355677,,SV2A
Day 21-20231029(14).edf,batch 1,,355676,,Control,355679,,Control,355668,,SV2A,355670,,SV2A,355675,,Control,355673,,SV2A,355669,,SV2A,355677,,SV2A
Day 21-20231029(15).edf,batch 1,,355676,,Control,355679,,Control,355668,,SV2A,355670,,SV2A,355675,,Control,355673,,SV2A,355669,,SV2A,355677,,SV2A
Day 21-20231029(16).edf,batch 1,,355676,,Control,355679,,Control,355668,,SV2A,355670,,SV2A,355675,,Control,355673,,SV2A,355669,,SV2A,355677,,SV2A
Day 21-20231029(17).edf,batch 1,,355676,,Control,355679,,Control,355668,,SV2A,355670,,SV2A,355675,,Control,355673,,SV2A,355669,,SV2A,355677,,SV2A
Day 21-20231029(1).edf,batch 1,,355676,,Control,355679,,Control,355668,,SV2A,355670,,SV2A,355675,,Control,355673,,SV2A,355669,,SV2A,355677,,SV2A
Day 21-20231029(2).edf,batch 1,,355676,,Control,355679,,Control,355668,,SV2A,355670,,SV2A,355675,,Control,355673,,SV2A,355669,,SV2A,355677,,SV2A
Day 21-20231029(3).edf,batch 1,,355676,,Control,355679,,Control,355668,,SV2A,355670,,SV2A,355675,,Control,355673,,SV2A,355669,,SV2A,355677,,SV2A
Day 21-20231029(4).edf,batch 1,,355676,,Control,355679,,Control,355668,,SV2A,355670,,SV2A,355675,,Control,355673,,SV2A,355669,,SV2A,355677,,SV2A
Day 21-20231029(5).edf,batch 1,,355676,,Control,355679,,Control,355668,,SV2A,355670,,SV2A,355675,,Control,355673,,SV2A,355669,,SV2A,355677,,SV2A
Day 21-20231029(6).edf,batch 1,,355676,,Control,355679,,Control,355668,,SV2A,355670,,SV2A,355675,,Control,355673,,SV2A,355669,,SV2A,355677,,SV2A
Day 21-20231029(7).edf,batch 1,,355676,,Control,355679,,Control,355668,,SV2A,355670,,SV2A,355675,,Control,355673,,SV2A,355669,,SV2A,355677,,SV2A
Day 21-20231029(8).edf,batch 1,,355676,,Control,355679,,Control,355668,,SV2A,355670,,SV2A,355675,,Control,355673,,SV2A,355669,,SV2A,355677,,SV2A
Day 21-20231029(9).edf,batch 1,,355676,,Control,355679,,Control,355668,,SV2A,355670,,SV2A,355675,,Control,355673,,SV2A,355669,,SV2A,355677,,SV2A
Day 22-20231030.edf,batch 1,,355676,,Control,355679,,Control,355668,,SV2A,355670,,SV2A,355675,,Control,355673,,SV2A,355669,,SV2A,355677,,SV2A
Day 23-20231031(10).edf,batch 1,,355676,,Control,355679,,Control,355668,,SV2A,355670,,SV2A,355675,,Control,355673,,SV2A,355669,,SV2A,355677,,SV2A
Day 23-20231031(11).edf,batch 1,,355676,,Control,355679,,Control,355668,,SV2A,355670,,SV2A,355675,,Control,355673,,SV2A,355669,,SV2A,355677,,SV2A
Day 23-20231031(12).edf,batch 1,,355676,,Control,355679,,Control,355668,,SV2A,355670,,SV2A,355675,,Control,355673,,SV2A,355669,,SV2A,355677,,SV2A
Day 23-20231031(13).edf,batch 1,,355676,,Control,355679,,Control,355668,,SV2A,355670,,SV2A,355675,,Control,355673,,SV2A,355669,,SV2A,355677,,SV2A
Day 23-20231031(14).edf,batch 1,,355676,,Control,355679,,Control,355668,,SV2A,355670,,SV2A,355675,,Control,355673,,SV2A,355669,,SV2A,355677,,SV2A
Day 23-20231031(15).edf,batch 1,,355676,,Control,355679,,Control,355668,,SV2A,355670,,SV2A,355675,,Control,355673,,SV2A,355669,,SV2A,355677,,SV2A
Day 23-20231031(16).edf,batch 1,,355676,,Control,355679,,Control,355668,,SV2A,355670,,SV2A,355675,,Control,355673,,SV2A,355669,,SV2A,355677,,SV2A
Day 23-20231031(17).edf,batch 1,,355676,,Control,355679,,Control,355668,,SV2A,355670,,SV2A,355675,,Control,355673,,SV2A,355669,,SV2A,355677,,SV2A
Day 23-20231031(18).edf,batch 1,,355676,,Control,355679,,Control,355668,,SV2A,355670,,SV2A,355675,,Control,355673,,SV2A,355669,,SV2A,355677,,SV2A
Day 23-20231031(19).edf,batch 1,,355676,,Control,355679,,Control,355668,,SV2A,355670,,SV2A,355675,,Control,355673,,SV2A,355669,,SV2A,355677,,SV2A
Day 23-20231031(1).edf,batch 1,,355676,,Control,355679,,Control,355668,,SV2A,355670,,SV2A,355675,,Control,355673,,SV2A,355669,,SV2A,355677,,SV2A
Day 23-20231031(2).edf,batch 1,,355676,,Control,355679,,Control,355668,,SV2A,355670,,SV2A,355675,,Control,355673,,SV2A,355669,,SV2A,355677,,SV2A
Day 23-20231031(3).edf,batch 1,,355676,,Control,355679,,Control,355668,,SV2A,355670,,SV2A,355675,,Control,355673,,SV2A,355669,,SV2A,355677,,SV2A
Day 23-20231031(4).edf,batch 1,,355676,,Control,355679,,Control,355668,,SV2A,355670,,SV2A,355675,,Control,355673,,SV2A,355669,,SV2A,355677,,SV2A
Day 23-20231031(5).edf,batch 1,,355676,,Control,355679,,Control,355668,,SV2A,355670,,SV2A,355675,,Control,355673,,SV2A,355669,,SV2A,355677,,SV2A
Day 23-20231031(6).edf,batch 1,,355676,,Control,355679,,Control,355668,,SV2A,355670,,SV2A,355675,,Control,355673,,SV2A,355669,,SV2A,355677,,SV2A
Day 23-20231031(7).edf,batch 1,,355676,,Control,355679,,Control,355668,,SV2A,355670,,SV2A,355675,,Control,355673,,SV2A,355669,,SV2A,355677,,SV2A
Day 23-20231031(8).edf,batch 1,,355676,,Control,355679,,Control,355668,,SV2A,355670,,SV2A,355675,,Control,355673,,SV2A,355669,,SV2A,355677,,SV2A
Day 23-20231031(9).edf,batch 1,,355676,,Control,355679,,Control,355668,,SV2A,355670,,SV2A,355675,,Control,355673,,SV2A,355669,,SV2A,355677,,SV2A
Day 24-20231101(1).edf,batch 1,,355676,,Control,355679,,Control,355668,,SV2A,355670,,SV2A,355675,,Control,355673,,SV2A,355669,,SV2A,355677,,SV2A
Day 24-20231101(2).edf,batch 1,,355676,,Control,355679,,Control,355668,,SV2A,355670,,SV2A,355675,,Control,355673,,SV2A,355669,,SV2A,355677,,SV2A
Day 24-20231101(3).edf,batch 1,,355676,,Control,355679,,Control,355668,,SV2A,355670,,SV2A,355675,,Control,355673,,SV2A,355669,,SV2A,355677,,SV2A
Day 25-20231102(10).edf,batch 1,,355676,,Control,355679,,Control,355668,,SV2A,355670,,SV2A,355675,,Control,355673,,SV2A,355669,,SV2A,355677,,SV2A
Day 25-20231102(11).edf,batch 1,,355676,,Control,355679,,Control,355668,,SV2A,355670,,SV2A,355675,,Control,355673,,SV2A,355669,,SV2A,355677,,SV2A
Day 25-20231102(12).edf,batch 1,,355676,,Control,355679,,Control,355668,,SV2A,355670,,SV2A,355675,,Control,355673,,SV2A,355669,,SV2A,355677,,SV2A
Day 25-20231102(13).edf,batch 1,,355676,,Control,355679,,Control,355668,,SV2A,355670,,SV2A,355675,,Control,355673,,SV2A,355669,,SV2A,355677,,SV2A
Day 25-20231102(14).edf,batch 1,,355676,,Control,355679,,Control,355668,,SV2A,355670,,SV2A,355675,,Control,355673,,SV2A,355669,,SV2A,355677,,SV2A
Day 25-20231102(15).edf,batch 1,,355676,,Control,355679,,Control,355668,,SV2A,355670,,SV2A,355675,,Control,355673,,SV2A,355669,,SV2A,355677,,SV2A
Day 25-20231102(16).edf,batch 1,,355676,,Control,355679,,Control,355668,,SV2A,355670,,SV2A,355675,,Control,355673,,SV2A,355669,,SV2A,355677,,SV2A
Day 25-20231102(17).edf,batch 1,,355676,,Control,355679,,Control,355668,,SV2A,355670,,SV2A,355675,,Control,355673,,SV2A,355669,,SV2A,355677,,SV2A
Day 25-20231102(18).edf,batch 1,,355676,,Control,355679,,Control,355668,,SV2A,355670,,SV2A,355675,,Control,355673,,SV2A,355669,,SV2A,355677,,SV2A
Day 25-20231102(19).edf,batch 1,,355676,,Control,355679,,Control,355668,,SV2A,355670,,SV2A,355675,,Control,355673,,SV2A,355669,,SV2A,355677,,SV2A
Day 25-20231102(1).edf,batch 1,,355676,,Control,355679,,Control,355668,,SV2A,355670,,SV2A,355675,,Control,355673,,SV2A,355669,,SV2A,355677,,SV2A
Day 25-20231102(20).edf,batch 1,,355676,,Control,355679,,Control,355668,,SV2A,355670,,SV2A,355675,,Control,355673,,SV2A,355669,,SV2A,355677,,SV2A
Day 25-20231102(21).edf,batch 1,,355676,,Control,355679,,Control,355668,,SV2A,355670,,SV2A,355675,,Control,355673,,SV2A,355669,,SV2A,355677,,SV2A
Day 25-20231102(22).edf,batch 1,,355676,,Control,355679,,Control,355668,,SV2A,355670,,SV2A,355675,,Control,355673,,SV2A,355669,,SV2A,355677,,SV2A
Day 25-20231102(23).edf,batch 1,,355676,,Control,355679,,Control,355668,,SV2A,355670,,SV2A,355675,,Control,355673,,SV2A,355669,,SV2A,355677,,SV2A
Day 25-20231102(2).edf,batch 1,,355676,,Control,355679,,Control,355668,,SV2A,355670,,SV2A,355675,,Control,355673,,SV2A,355669,,SV2A,355677,,SV2A
Day 25-20231102(3).edf,batch 1,,355676,,Control,355679,,Control,355668,,SV2A,355670,,SV2A,355675,,Control,355673,,SV2A,355669,,SV2A,355677,,SV2A
Day 25-20231102(4).edf,batch 1,,355676,,Control,355679,,Control,355668,,SV2A,355670,,SV2A,355675,,Control,355673,,SV2A,355669,,SV2A,355677,,SV2A
Day 25-20231102(5).edf,batch 1,,355676,,Control,355679,,Control,355668,,SV2A,355670,,SV2A,355675,,Control,355673,,SV2A,355669,,SV2A,355677,,SV2A
Day 25-20231102(6).edf,batch 1,,355676,,Control,355679,,Control,355668,,SV2A,355670,,SV2A,355675,,Control,355673,,SV2A,355669,,SV2A,355677,,SV2A
Day 25-20231102(7).edf,batch 1,,355676,,Control,355679,,Control,355668,,SV2A,355670,,SV2A,355675,,Control,355673,,SV2A,355669,,SV2A,355677,,SV2A
Day 25-20231102(8).edf,batch 1,,355676,,Control,355679,,Control,355668,,SV2A,355670,,SV2A,355675,,Control,355673,,SV2A,355669,,SV2A,355677,,SV2A
Day 25-20231102(9).edf,batch 1,,355676,,Control,355679,,Control,355668,,SV2A,355670,,SV2A,355675,,Control,355673,,SV2A,355669,,SV2A,355677,,SV2A
Day 26-20231103(10).edf,batch 1,,355676,,Control,355679,,Control,355668,,SV2A,355670,,SV2A,355675,,Control,355673,,SV2A,355669,,SV2A,355677,,SV2A
Day 26-20231103(11).edf,batch 1,,355676,,Control,355679,,Control,355668,,SV2A,355670,,SV2A,355675,,Control,355673,,SV2A,355669,,SV2A,355677,,SV2A
Day 26-20231103(12).edf,batch 1,,355676,,Control,355679,,Control,355668,,SV2A,355670,,SV2A,355675,,Control,355673,,SV2A,355669,,SV2A,355677,,SV2A
Day 26-20231103(13).edf,batch 1,,355676,,Control,355679,,Control,355668,,SV2A,355670,,SV2A,355675,,Control,355673,,SV2A,355669,,SV2A,355677,,SV2A
Day 26-20231103(14).edf,batch 1,,355676,,Control,355679,,Control,355668,,SV2A,355670,,SV2A,355675,,Control,355673,,SV2A,355669,,SV2A,355677,,SV2A
Day 26-20231103(15).edf,batch 1,,355676,,Control,355679,,Control,355668,,SV2A,355670,,SV2A,355675,,Control,355673,,SV2A,355669,,SV2A,355677,,SV2A
Day 26-20231103(1).edf,batch 1,,355676,,Control,355679,,Control,355668,,SV2A,355670,,SV2A,355675,,Control,355673,,SV2A,355669,,SV2A,355677,,SV2A
Day 26-20231103(2).edf,batch 1,,355676,,Control,355679,,Control,355668,,SV2A,355670,,SV2A,355675,,Control,355673,,SV2A,355669,,SV2A,355677,,SV2A
Day 26-20231103(3).edf,batch 1,,355676,,Control,355679,,Control,355668,,SV2A,355670,,SV2A,355675,,Control,355673,,SV2A,355669,,SV2A,355677,,SV2A
Day 26-20231103(4).edf,batch 1,,355676,,Control,355679,,Control,355668,,SV2A,355670,,SV2A,355675,,Control,355673,,SV2A,355669,,SV2A,355677,,SV2A
Day 26-20231103(5).edf,batch 1,,355676,,Control,355679,,Control,355668,,SV2A,355670,,SV2A,355675,,Control,355673,,SV2A,355669,,SV2A,355677,,SV2A
Day 26-20231103(6).edf,batch 1,,355676,,Control,355679,,Control,355668,,SV2A,355670,,SV2A,355675,,Control,355673,,SV2A,355669,,SV2A,355677,,SV2A
Day 26-20231103(7).edf,batch 1,,355676,,Control,355679,,Control,355668,,SV2A,355670,,SV2A,355675,,Control,355673,,SV2A,355669,,SV2A,355677,,SV2A
Day 26-20231103(8).edf,batch 1,,355676,,Control,355679,,Control,355668,,SV2A,355670,,SV2A,355675,,Control,355673,,SV2A,355669,,SV2A,355677,,SV2A
Day 26-20231103(9).edf,batch 1,,355676,,Control,355679,,Control,355668,,SV2A,355670,,SV2A,355675,,Control,355673,,SV2A,355669,,SV2A,355677,,SV2A
Day 27-20231104(10).edf,batch 1,,355676,,Control,355679,,Control,355668,,SV2A,355670,,SV2A,355675,,Control,355673,,SV2A,355669,,SV2A,355677,,SV2A
Day 27-20231104(11).edf,batch 1,,355676,,Control,355679,,Control,355668,,SV2A,355670,,SV2A,355675,,Control,355673,,SV2A,355669,,SV2A,355677,,SV2A
Day 27-20231104(12).edf,batch 1,,355676,,Control,355679,,Control,355668,,SV2A,355670,,SV2A,355675,,Control,355673,,SV2A,355669,,SV2A,355677,,SV2A
Day 27-20231104(13).edf,batch 1,,355676,,Control,355679,,Control,355668,,SV2A,355670,,SV2A,355675,,Control,355673,,SV2A,355669,,SV2A,355677,,SV2A
Day 27-20231104(14).edf,batch 1,,355676,,Control,355679,,Control,355668,,SV2A,355670,,SV2A,355675,,Control,355673,,SV2A,355669,,SV2A,355677,,SV2A
Day 27-20231104(15).edf,batch 1,,355676,,Control,355679,,Control,355668,,SV2A,355670,,SV2A,355675,,Control,355673,,SV2A,355669,,SV2A,355677,,SV2A
Day 27-20231104(16).edf,batch 1,,355676,,Control,355679,,Control,355668,,SV2A,355670,,SV2A,355675,,Control,355673,,SV2A,355669,,SV2A,355677,,SV2A
Day 27-20231104(17).edf,batch 1,,355676,,Control,355679,,Control,355668,,SV2A,355670,,SV2A,355675,,Control,355673,,SV2A,355669,,SV2A,355677,,SV2A
Day 27-20231104(18).edf,batch 1,,355676,,Control,355679,,Control,355668,,SV2A,355670,,SV2A,355675,,Control,355673,,SV2A,355669,,SV2A,355677,,SV2A
Day 27-20231104(1).edf,batch 1,,355676,,Control,355679,,Control,355668,,SV2A,355670,,SV2A,355675,,Control,355673,,SV2A,355669,,SV2A,355677,,SV2A
Day 27-20231104(2).edf,batch 1,,355676,,Control,355679,,Control,355668,,SV2A,355670,,SV2A,355675,,Control,355673,,SV2A,355669,,SV2A,355677,,SV2A
Day 27-20231104(3).edf,batch 1,,355676,,Control,355679,,Control,355668,,SV2A,355670,,SV2A,355675,,Control,355673,,SV2A,355669,,SV2A,355677,,SV2A
Day 27-20231104(4).edf,batch 1,,355676,,Control,355679,,Control,355668,,SV2A,355670,,SV2A,355675,,Control,355673,,SV2A,355669,,SV2A,355677,,SV2A
Day 27-20231104(5).edf,batch 1,,355676,,Control,355679,,Control,355668,,SV2A,355670,,SV2A,355675,,Control,355673,,SV2A,355669,,SV2A,355677,,SV2A
Day 27-20231104(6).edf,batch 1,,355676,,Control,355679,,Control,355668,,SV2A,355670,,SV2A,355675,,Control,355673,,SV2A,355669,,SV2A,355677,,SV2A
Day 27-20231104(7).edf,batch 1,,355676,,Control,355679,,Control,355668,,SV2A,355670,,SV2A,355675,,Control,355673,,SV2A,355669,,SV2A,355677,,SV2A
Day 27-20231104(8).edf,batch 1,,355676,,Control,355679,,Control,355668,,SV2A,355670,,SV2A,355675,,Control,355673,,SV2A,355669,,SV2A,355677,,SV2A
Day 27-20231104(9).edf,batch 1,,355676,,Control,355679,,Control,355668,,SV2A,355670,,SV2A,355675,,Control,355673,,SV2A,355669,,SV2A,355677,,SV2A
Day 28-20231105(1).edf,batch 1,,355676,,Control,355679,,Control,355668,,SV2A,355670,,SV2A,355675,,Control,355673,,SV2A,355669,,SV2A,355677,,SV2A
Day 28-20231105(2).edf,batch 1,,355676,,Control,355679,,Control,355668,,SV2A,355670,,SV2A,355675,,Control,355673,,SV2A,355669,,SV2A,355677,,SV2A
Day 28-20231105(3).edf,batch 1,,355676,,Control,355679,,Control,355668,,SV2A,355670,,SV2A,355675,,Control,355673,,SV2A,355669,,SV2A,355677,,SV2A
Day 28-20231105(4).edf,batch 1,,355676,,Control,355679,,Control,355668,,SV2A,355670,,SV2A,355675,,Control,355673,,SV2A,355669,,SV2A,355677,,SV2A
Day 28-20231105(5).edf,batch 1,,355676,,Control,355679,,Control,355668,,SV2A,355670,,SV2A,355675,,Control,355673,,SV2A,355669,,SV2A,355677,,SV2A
Day 28-20231105(6).edf,batch 1,,355676,,Control,355679,,Control,355668,,SV2A,355670,,SV2A,355675,,Control,355673,,SV2A,355669,,SV2A,355677,,SV2A
Day 28-20231105(7).edf,batch 1,,355676,,Control,355679,,Control,355668,,SV2A,355670,,SV2A,355675,,Control,355673,,SV2A,355669,,SV2A,355677,,SV2A
Day 28-20231105(8).edf,batch 1,,355676,,Control,355679,,Control,355668,,SV2A,355670,,SV2A,355675,,Control,355673,,SV2A,355669,,SV2A,355677,,SV2A
Day 29-20231106(10).edf,batch 1,,355676,,Control,355679,,Control,355668,,SV2A,355670,,SV2A,355675,,Control,355673,,SV2A,355669,,SV2A,355677,,SV2A
Day 29-20231106(11).edf,batch 1,,355676,,Control,355679,,Control,355668,,SV2A,355670,,SV2A,355675,,Control,355673,,SV2A,355669,,SV2A,355677,,SV2A
Day 29-20231106(12).edf,batch 1,,355676,,Control,355679,,Control,355668,,SV2A,355670,,SV2A,355675,,Control,355673,,SV2A,355669,,SV2A,355677,,SV2A
Day 29-20231106(13).edf,batch 1,,355676,,Control,355679,,Control,355668,,SV2A,355670,,SV2A,355675,,Control,355673,,SV2A,355669,,SV2A,355677,,SV2A
Day 29-20231106(1).edf,batch 1,,355676,,Control,355679,,Control,355668,,SV2A,355670,,SV2A,355675,,Control,355673,,SV2A,355669,,SV2A,355677,,SV2A
Day 29-20231106(2).edf,batch 1,,355676,,Control,355679,,Control,355668,,SV2A,355670,,SV2A,355675,,Control,355673,,SV2A,355669,,SV2A,355677,,SV2A
Day 29-20231106(3).edf,batch 1,,355676,,Control,355679,,Control,355668,,SV2A,355670,,SV2A,355675,,Control,355673,,SV2A,355669,,SV2A,355677,,SV2A
Day 29-20231106(4).edf,batch 1,,355676,,Control,355679,,Control,355668,,SV2A,355670,,SV2A,355675,,Control,355673,,SV2A,355669,,SV2A,355677,,SV2A
Day 29-20231106(5).edf,batch 1,,355676,,Control,355679,,Control,355668,,SV2A,355670,,SV2A,355675,,Control,355673,,SV2A,355669,,SV2A,355677,,SV2A
Day 29-20231106(6).edf,batch 1,,355676,,Control,355679,,Control,355668,,SV2A,355670,,SV2A,355675,,Control,355673,,SV2A,355669,,SV2A,355677,,SV2A
Day 29-20231106(7).edf,batch 1,,355676,,Control,355679,,Control,355668,,SV2A,355670,,SV2A,355675,,Control,355673,,SV2A,355669,,SV2A,355677,,SV2A
Day 29-20231106(8).edf,batch 1,,355676,,Control,355679,,Control,355668,,SV2A,355670,,SV2A,355675,,Control,355673,,SV2A,355669,,SV2A,355677,,SV2A
Day 29-20231106(9).edf,batch 1,,355676,,Control,355679,,Control,355668,,SV2A,355670,,SV2A,355675,,Control,355673,,SV2A,355669,,SV2A,355677,,SV2A
Day 30-20231107(10).edf,batch 1,,355676,,Control,355679,,Control,355668,,SV2A,355670,,SV2A,355675,,Control,355673,,SV2A,355669,,SV2A,355677,,SV2A
Day 30-20231107(11).edf,batch 1,,355676,,Control,355679,,Control,355668,,SV2A,355670,,SV2A,355675,,Control,355673,,SV2A,355669,,SV2A,355677,,SV2A
Day 30-20231107(12).edf,batch 1,,355676,,Control,355679,,Control,355668,,SV2A,355670,,SV2A,355675,,Control,355673,,SV2A,355669,,SV2A,355677,,SV2A
Day 30-20231107(13).edf,batch 1,,355676,,Control,355679,,Control,355668,,SV2A,355670,,SV2A,355675,,Control,355673,,SV2A,355669,,SV2A,355677,,SV2A
Day 30-20231107(14).edf,batch 1,,355676,,Control,355679,,Control,355668,,SV2A,355670,,SV2A,355675,,Control,355673,,SV2A,355669,,SV2A,355677,,SV2A
Day 30-20231107(15).edf,batch 1,,355676,,Control,355679,,Control,355668,,SV2A,355670,,SV2A,355675,,Control,355673,,SV2A,355669,,SV2A,355677,,SV2A
Day 30-20231107(16).edf,batch 1,,355676,,Control,355679,,Control,355668,,SV2A,355670,,SV2A,355675,,Control,355673,,SV2A,355669,,SV2A,355677,,SV2A
Day 30-20231107(17).edf,batch 1,,355676,,Control,355679,,Control,355668,,SV2A,355670,,SV2A,355675,,Control,355673,,SV2A,355669,,SV2A,355677,,SV2A
Day 30-20231107(1).edf,batch 1,,355676,,Control,355679,,Control,355668,,SV2A,355670,,SV2A,355675,,Control,355673,,SV2A,355669,,SV2A,355677,,SV2A
Day 30-20231107(2).edf,batch 1,,355676,,Control,355679,,Control,355668,,SV2A,355670,,SV2A,355675,,Control,355673,,SV2A,355669,,SV2A,355677,,SV2A
Day 30-20231107(3).edf,batch 1,,355676,,Control,355679,,Control,355668,,SV2A,355670,,SV2A,355675,,Control,355673,,SV2A,355669,,SV2A,355677,,SV2A
Day 30-20231107(4).edf,batch 1,,355676,,Control,355679,,Control,355668,,SV2A,355670,,SV2A,355675,,Control,355673,,SV2A,355669,,SV2A,355677,,SV2A
Day 30-20231107(5).edf,batch 1,,355676,,Control,355679,,Control,355668,,SV2A,355670,,SV2A,355675,,Control,355673,,SV2A,355669,,SV2A,355677,,SV2A
Day 30-20231107(6).edf,batch 1,,355676,,Control,355679,,Control,355668,,SV2A,355670,,SV2A,355675,,Control,355673,,SV2A,355669,,SV2A,355677,,SV2A
Day 30-20231107(7).edf,batch 1,,355676,,Control,355679,,Control,355668,,SV2A,355670,,SV2A,355675,,Control,355673,,SV2A,355669,,SV2A,355677,,SV2A
Day 30-20231107(8).edf,batch 1,,355676,,Control,355679,,Control,355668,,SV2A,355670,,SV2A,355675,,Control,355673,,SV2A,355669,,SV2A,355677,,SV2A
Day 30-20231107(9).edf,batch 1,,355676,,Control,355679,,Control,355668,,SV2A,355670,,SV2A,355675,,Control,355673,,SV2A,355669,,SV2A,355677,,SV2A
Day 31-20231108(10).edf,batch 1,,355676,,Control,355679,,Control,355668,,SV2A,355670,,SV2A,355675,,Control,355673,,SV2A,355669,,SV2A,355677,,SV2A
Day 31-20231108(11).edf,batch 1,,355676,,Control,355679,,Control,355668,,SV2A,355670,,SV2A,355675,,Control,355673,,SV2A,355669,,SV2A,355677,,SV2A
Day 31-20231108(12).edf,batch 1,,355676,,Control,355679,,Control,355668,,SV2A,355670,,SV2A,355675,,Control,355673,,SV2A,355669,,SV2A,355677,,SV2A
Day 31-20231108(13).edf,batch 1,,355676,,Control,355679,,Control,355668,,SV2A,355670,,SV2A,355675,,Control,355673,,SV2A,355669,,SV2A,355677,,SV2A
Day 31-20231108(14).edf,batch 1,,355676,,Control,355679,,Control,355668,,SV2A,355670,,SV2A,355675,,Control,355673,,SV2A,355669,,SV2A,355677,,SV2A
Day 31-20231108(15).edf,batch 1,,355676,,Control,355679,,Control,355668,,SV2A,355670,,SV2A,355675,,Control,355673,,SV2A,355669,,SV2A,355677,,SV2A
Day 31-20231108(16).edf,batch 1,,355676,,Control,355679,,Control,355668,,SV2A,355670,,SV2A,355675,,Control,355673,,SV2A,355669,,SV2A,355677,,SV2A
Day 31-20231108(1).edf,batch 1,,355676,,Control,355679,,Control,355668,,SV2A,355670,,SV2A,355675,,Control,355673,,SV2A,355669,,SV2A,355677,,SV2A
Day 31-20231108(2).edf,batch 1,,355676,,Control,355679,,Control,355668,,SV2A,355670,,SV2A,355675,,Control,355673,,SV2A,355669,,SV2A,355677,,SV2A
Day 31-20231108(3).edf,batch 1,,355676,,Control,355679,,Control,355668,,SV2A,355670,,SV2A,355675,,Control,355673,,SV2A,355669,,SV2A,355677,,SV2A
Day 31-20231108(4).edf,batch 1,,355676,,Control,355679,,Control,355668,,SV2A,355670,,SV2A,355675,,Control,355673,,SV2A,355669,,SV2A,355677,,SV2A
Day 31-20231108(5).edf,batch 1,,355676,,Control,355679,,Control,355668,,SV2A,355670,,SV2A,355675,,Control,355673,,SV2A,355669,,SV2A,355677,,SV2A
Day 31-20231108(6).edf,batch 1,,355676,,Control,355679,,Control,355668,,SV2A,355670,,SV2A,355675,,Control,355673,,SV2A,355669,,SV2A,355677,,SV2A
Day 31-20231108(7).edf,batch 1,,355676,,Control,355679,,Control,355668,,SV2A,355670,,SV2A,355675,,Control,355673,,SV2A,355669,,SV2A,355677,,SV2A
Day 31-20231108(8).edf,batch 1,,355676,,Control,355679,,Control,355668,,SV2A,355670,,SV2A,355675,,Control,355673,,SV2A,355669,,SV2A,355677,,SV2A
Day 31-20231108(9).edf,batch 1,,355676,,Control,355679,,Control,355668,,SV2A,355670,,SV2A,355675,,Control,355673,,SV2A,355669,,SV2A,355677,,SV2A
Day 32-20231109(10).edf,batch 1,,355676,,Control,355679,,Control,355668,,SV2A,355670,,SV2A,355675,,Control,355673,,SV2A,355669,,SV2A,355677,,SV2A
Day 32-20231109(11).edf,batch 1,,355676,,Control,355679,,Control,355668,,SV2A,355670,,SV2A,355675,,Control,355673,,SV2A,355669,,SV2A,355677,,SV2A
Day 32-20231109(12).edf,batch 1,,355676,,Control,355679,,Control,355668,,SV2A,355670,,SV2A,355675,,Control,355673,,SV2A,355669,,SV2A,355677,,SV2A
Day 32-20231109(13).edf,batch 1,,355676,,Control,355679,,Control,355668,,SV2A,355670,,SV2A,355675,,Control,355673,,SV2A,355669,,SV2A,355677,,SV2A
Day 32-20231109(1).edf,batch 1,,355676,,Control,355679,,Control,355668,,SV2A,355670,,SV2A,355675,,Control,355673,,SV2A,355669,,SV2A,355677,,SV2A
Day 32-20231109(2).edf,batch 1,,355676,,Control,355679,,Control,355668,,SV2A,355670,,SV2A,355675,,Control,355673,,SV2A,355669,,SV2A,355677,,SV2A
Day 32-20231109(3).edf,batch 1,,355676,,Control,355679,,Control,355668,,SV2A,355670,,SV2A,355675,,Control,355673,,SV2A,355669,,SV2A,355677,,SV2A
Day 32-20231109(4).edf,batch 1,,355676,,Control,355679,,Control,355668,,SV2A,355670,,SV2A,355675,,Control,355673,,SV2A,355669,,SV2A,355677,,SV2A
Day 32-20231109(5).edf,batch 1,,355676,,Control,355679,,Control,355668,,SV2A,355670,,SV2A,355675,,Control,355673,,SV2A,355669,,SV2A,355677,,SV2A
Day 32-20231109(6).edf,batch 1,,355676,,Control,355679,,Control,355668,,SV2A,355670,,SV2A,355675,,Control,355673,,SV2A,355669,,SV2A,355677,,SV2A
Day 32-20231109(7).edf,batch 1,,355676,,Control,355679,,Control,355668,,SV2A,355670,,SV2A,355675,,Control,355673,,SV2A,355669,,SV2A,355677,,SV2A
Day 32-20231109(8).edf,batch 1,,355676,,Control,355679,,Control,355668,,SV2A,355670,,SV2A,355675,,Control,355673,,SV2A,355669,,SV2A,355677,,SV2A
Day 32-20231109(9).edf,batch 1,,355676,,Control,355679,,Control,355668,,SV2A,355670,,SV2A,355675,,Control,355673,,SV2A,355669,,SV2A,355677,,SV2A
Day 33+34-20231110(10).edf,batch 1,,355676,,Control,355679,,Control,355668,,SV2A,355670,,SV2A,355675,,Control,355673,,SV2A,355669,,SV2A,355677,,SV2A
Day 33+34-20231110(11).edf,batch 1,,355676,,Control,355679,,Control,355668,,SV2A,355670,,SV2A,355675,,Control,355673,,SV2A,355669,,SV2A,355677,,SV2A
Day 33+34-20231110(12).edf,batch 1,,355676,,Control,355679,,Control,355668,,SV2A,355670,,SV2A,355675,,Control,355673,,SV2A,355669,,SV2A,355677,,SV2A
Day 33+34-20231110(13).edf,batch 1,,355676,,Control,355679,,Control,355668,,SV2A,355670,,SV2A,355675,,Control,355673,,SV2A,355669,,SV2A,355677,,SV2A
Day 33+34-20231110(14).edf,batch 1,,355676,,Control,355679,,Control,355668,,SV2A,355670,,SV2A,355675,,Control,355673,,SV2A,355669,,SV2A,355677,,SV2A
Day 33+34-20231110(15).edf,batch 1,,355676,,Control,355679,,Control,355668,,SV2A,355670,,SV2A,355675,,Control,355673,,SV2A,355669,,SV2A,355677,,SV2A
Day 33+34-20231110(16).edf,batch 1,,355676,,Control,355679,,Control,355668,,SV2A,355670,,SV2A,355675,,Control,355673,,SV2A,355669,,SV2A,355677,,SV2A
Day 33+34-20231110(17).edf,batch 1,,355676,,Control,355679,,Control,355668,,SV2A,355670,,SV2A,355675,,Control,355673,,SV2A,355669,,SV2A,355677,,SV2A
Day 33+34-20231110(18).edf,batch 1,,355676,,Control,355679,,Control,355668,,SV2A,355670,,SV2A,355675,,Control,355673,,SV2A,355669,,SV2A,355677,,SV2A
Day 33+34-20231110(19).edf,batch 1,,355676,,Control,355679,,Control,355668,,SV2A,355670,,SV2A,355675,,Control,355673,,SV2A,355669,,SV2A,355677,,SV2A
Day 33+34-20231110(1).edf,batch 1,,355676,,Control,355679,,Control,355668,,SV2A,355670,,SV2A,355675,,Control,355673,,SV2A,355669,,SV2A,355677,,SV2A
Day 33+34-20231110(20).edf,batch 1,,355676,,Control,355679,,Control,355668,,SV2A,355670,,SV2A,355675,,Control,355673,,SV2A,355669,,SV2A,355677,,SV2A
Day 33+34-20231110(21).edf,batch 1,,355676,,Control,355679,,Control,355668,,SV2A,355670,,SV2A,355675,,Control,355673,,SV2A,355669,,SV2A,355677,,SV2A
Day 33+34-20231110(22).edf,batch 1,,355676,,Control,355679,,Control,355668,,SV2A,355670,,SV2A,355675,,Control,355673,,SV2A,355669,,SV2A,355677,,SV2A
Day 33+34-20231110(23).edf,batch 1,,355676,,Control,355679,,Control,355668,,SV2A,355670,,SV2A,355675,,Control,355673,,SV2A,355669,,SV2A,355677,,SV2A
Day 33+34-20231110(24).edf,batch 1,,355676,,Control,355679,,Control,355668,,SV2A,355670,,SV2A,355675,,Control,355673,,SV2A,355669,,SV2A,355677,,SV2A
Day 33+34-20231110(25).edf,batch 1,,355676,,Control,355679,,Control,355668,,SV2A,355670,,SV2A,355675,,Control,355673,,SV2A,355669,,SV2A,355677,,SV2A
Day 33+34-20231110(26).edf,batch 1,,355676,,Control,355679,,Control,355668,,SV2A,355670,,SV2A,355675,,Control,355673,,SV2A,355669,,SV2A,355677,,SV2A
Day 33+34-20231110(27).edf,batch 1,,355676,,Control,355679,,Control,355668,,SV2A,355670,,SV2A,355675,,Control,355673,,SV2A,355669,,SV2A,355677,,SV2A
Day 33+34-20231110(28).edf,batch 1,,355676,,Control,355679,,Control,355668,,SV2A,355670,,SV2A,355675,,Control,355673,,SV2A,355669,,SV2A,355677,,SV2A
Day 33+34-20231110(29).edf,batch 1,,355676,,Control,355679,,Control,355668,,SV2A,355670,,SV2A,355675,,Control,355673,,SV2A,355669,,SV2A,355677,,SV2A
Day 33+34-20231110(2).edf,batch 1,,355676,,Control,355679,,Control,355668,,SV2A,355670,,SV2A,355675,,Control,355673,,SV2A,355669,,SV2A,355677,,SV2A
Day 33+34-20231110(30).edf,batch 1,,355676,,Control,355679,,Control,355668,,SV2A,355670,,SV2A,355675,,Control,355673,,SV2A,355669,,SV2A,355677,,SV2A
Day 33+34-20231110(31).edf,batch 1,,355676,,Control,355679,,Control,355668,,SV2A,355670,,SV2A,355675,,Control,355673,,SV2A,355669,,SV2A,355677,,SV2A
Day 33+34-20231110(32).edf,batch 1,,355676,,Control,355679,,Control,355668,,SV2A,355670,,SV2A,355675,,Control,355673,,SV2A,355669,,SV2A,355677,,SV2A
Day 33+34-20231110(33).edf,batch 1,,355676,,Control,355679,,Control,355668,,SV2A,355670,,SV2A,355675,,Control,355673,,SV2A,355669,,SV2A,355677,,SV2A
Day 33+34-20231110(34).edf,batch 1,,355676,,Control,355679,,Control,355668,,SV2A,355670,,SV2A,355675,,Control,355673,,SV2A,355669,,SV2A,355677,,SV2A
Day 33+34-20231110(35).edf,batch 1,,355676,,Control,355679,,Control,355668,,SV2A,355670,,SV2A,355675,,Control,355673,,SV2A,355669,,SV2A,355677,,SV2A
Day 33+34-20231110(36).edf,batch 1,,355676,,Control,355679,,Control,355668,,SV2A,355670,,SV2A,355675,,Control,355673,,SV2A,355669,,SV2A,355677,,SV2A
Day 33+34-20231110(37).edf,batch 1,,355676,,Control,355679,,Control,355668,,SV2A,355670,,SV2A,355675,,Control,355673,,SV2A,355669,,SV2A,355677,,SV2A
Day 33+34-20231110(38).edf,batch 1,,355676,,Control,355679,,Control,355668,,SV2A,355670,,SV2A,355675,,Control,355673,,SV2A,355669,,SV2A,355677,,SV2A
Day 33+34-20231110(39).edf,batch 1,,355676,,Control,355679,,Control,355668,,SV2A,355670,,SV2A,355675,,Control,355673,,SV2A,355669,,SV2A,355677,,SV2A
Day 33+34-20231110(3).edf,batch 1,,355676,,Control,355679,,Control,355668,,SV2A,355670,,SV2A,355675,,Control,355673,,SV2A,355669,,SV2A,355677,,SV2A
Day 33+34-20231110(40).edf,batch 1,,355676,,Control,355679,,Control,355668,,SV2A,355670,,SV2A,355675,,Control,355673,,SV2A,355669,,SV2A,355677,,SV2A
Day 33+34-20231110(41).edf,batch 1,,355676,,Control,355679,,Control,355668,,SV2A,355670,,SV2A,355675,,Control,355673,,SV2A,355669,,SV2A,355677,,SV2A
Day 33+34-20231110(4).edf,batch 1,,355676,,Control,355679,,Control,355668,,SV2A,355670,,SV2A,355675,,Control,355673,,SV2A,355669,,SV2A,355677,,SV2A
Day 33+34-20231110(5).edf,batch 1,,355676,,Control,355679,,Control,355668,,SV2A,355670,,SV2A,355675,,Control,355673,,SV2A,355669,,SV2A,355677,,SV2A
Day 33+34-20231110(6).edf,batch 1,,355676,,Control,355679,,Control,355668,,SV2A,355670,,SV2A,355675,,Control,355673,,SV2A,355669,,SV2A,355677,,SV2A
Day 33+34-20231110(7).edf,batch 1,,355676,,Control,355679,,Control,355668,,SV2A,355670,,SV2A,355675,,Control,355673,,SV2A,355669,,SV2A,355677,,SV2A
Day 33+34-20231110(8).edf,batch 1,,355676,,Control,355679,,Control,355668,,SV2A,355670,,SV2A,355675,,Control,355673,,SV2A,355669,,SV2A,355677,,SV2A
Day 33+34-20231110(9).edf,batch 1,,355676,,Control,355679,,Control,355668,,SV2A,355670,,SV2A,355675,,Control,355673,,SV2A,355669,,SV2A,355677,,SV2A
Day 35-20231112(1).edf,batch 1,,355676,,Control,355679,,Control,355668,,SV2A,355670,,SV2A,355675,,Control,355673,,SV2A,355669,,SV2A,355677,,SV2A
Day 35-20231112(2).edf,batch 1,,355676,,Control,355679,,Control,355668,,SV2A,355670,,SV2A,355675,,Control,355673,,SV2A,355669,,SV2A,355677,,SV2A
Day 35-20231112(3).edf,batch 1,,355676,,Control,355679,,Control,355668,,SV2A,355670,,SV2A,355675,,Control,355673,,SV2A,355669,,SV2A,355677,,SV2A
Day 35-20231112(4).edf,batch 1,,355676,,Control,355679,,Control,355668,,SV2A,355670,,SV2A,355675,,Control,355673,,SV2A,355669,,SV2A,355677,,SV2A
Day 35-20231112(5).edf,batch 1,,355676,,Control,355679,,Control,355668,,SV2A,355670,,SV2A,355675,,Control,355673,,SV2A,355669,,SV2A,355677,,SV2A
Day 35-20231112(6).edf,batch 1,,355676,,Control,355679,,Control,355668,,SV2A,355670,,SV2A,355675,,Control,355673,,SV2A,355669,,SV2A,355677,,SV2A
Day 35-20231112(7).edf,batch 1,,355676,,Control,355679,,Control,355668,,SV2A,355670,,SV2A,355675,,Control,355673,,SV2A,355669,,SV2A,355677,,SV2A
Day 36-20231113(10).edf,batch 1,,355676,,Control,355679,,Control,355668,,SV2A,355670,,SV2A,355675,,Control,355673,,SV2A,355669,,SV2A,355677,,SV2A
Day 36-20231113(11).edf,batch 1,,355676,,Control,355679,,Control,355668,,SV2A,355670,,SV2A,355675,,Control,355673,,SV2A,355669,,SV2A,355677,,SV2A
Day 36-20231113(12).edf,batch 1,,355676,,Control,355679,,Control,355668,,SV2A,355670,,SV2A,355675,,Control,355673,,SV2A,355669,,SV2A,355677,,SV2A
Day 36-20231113(13).edf,batch 1,,355676,,Control,355679,,Control,355668,,SV2A,355670,,SV2A,355675,,Control,355673,,SV2A,355669,,SV2A,355677,,SV2A
Day 36-20231113(14).edf,batch 1,,355676,,Control,355679,,Control,355668,,SV2A,355670,,SV2A,355675,,Control,355673,,SV2A,355669,,SV2A,355677,,SV2A
Day 36-20231113(15).edf,batch 1,,355676,,Control,355679,,Control,355668,,SV2A,355670,,SV2A,355675,,Control,355673,,SV2A,355669,,SV2A,355677,,SV2A
Day 36-20231113(16).edf,batch 1,,355676,,Control,355679,,Control,355668,,SV2A,355670,,SV2A,355675,,Control,355673,,SV2A,355669,,SV2A,355677,,SV2A
Day 36-20231113(17).edf,batch 1,,355676,,Control,355679,,Control,355668,,SV2A,355670,,SV2A,355675,,Control,355673,,SV2A,355669,,SV2A,355677,,SV2A
Day 36-20231113(18).edf,batch 1,,355676,,Control,355679,,Control,355668,,SV2A,355670,,SV2A,355675,,Control,355673,,SV2A,355669,,SV2A,355677,,SV2A
Day 36-20231113(19).edf,batch 1,,355676,,Control,355679,,Control,355668,,SV2A,355670,,SV2A,355675,,Control,355673,,SV2A,355669,,SV2A,355677,,SV2A
Day 36-20231113(1).edf,batch 1,,355676,,Control,355679,,Control,355668,,SV2A,355670,,SV2A,355675,,Control,355673,,SV2A,355669,,SV2A,355677,,SV2A
Day 36-20231113(20).edf,batch 1,,355676,,Control,355679,,Control,355668,,SV2A,355670,,SV2A,355675,,Control,355673,,SV2A,355669,,SV2A,355677,,SV2A
Day 36-20231113(21).edf,batch 1,,355676,,Control,355679,,Control,355668,,SV2A,355670,,SV2A,355675,,Control,355673,,SV2A,355669,,SV2A,355677,,SV2A
Day 36-20231113(2).edf,batch 1,,355676,,Control,355679,,Control,355668,,SV2A,355670,,SV2A,355675,,Control,355673,,SV2A,355669,,SV2A,355677,,SV2A
Day 36-20231113(3).edf,batch 1,,355676,,Control,355679,,Control,355668,,SV2A,355670,,SV2A,355675,,Control,355673,,SV2A,355669,,SV2A,355677,,SV2A
Day 36-20231113(4).edf,batch 1,,355676,,Control,355679,,Control,355668,,SV2A,355670,,SV2A,355675,,Control,355673,,SV2A,355669,,SV2A,355677,,SV2A
Day 36-20231113(5).edf,batch 1,,355676,,Control,355679,,Control,355668,,SV2A,355670,,SV2A,355675,,Control,355673,,SV2A,355669,,SV2A,355677,,SV2A
Day 36-20231113(6).edf,batch 1,,355676,,Control,355679,,Control,355668,,SV2A,355670,,SV2A,355675,,Control,355673,,SV2A,355669,,SV2A,355677,,SV2A
Day 36-20231113(7).edf,batch 1,,355676,,Control,355679,,Control,355668,,SV2A,355670,,SV2A,355675,,Control,355673,,SV2A,355669,,SV2A,355677,,SV2A
Day 36-20231113(8).edf,batch 1,,355676,,Control,355679,,Control,355668,,SV2A,355670,,SV2A,355675,,Control,355673,,SV2A,355669,,SV2A,355677,,SV2A
Day 36-20231113(9).edf,batch 1,,355676,,Control,355679,,Control,355668,,SV2A,355670,,SV2A,355675,,Control,355673,,SV2A,355669,,SV2A,355677,,SV2A
Day 37-20231114(10).edf,batch 1,,355676,,Control,355679,,Control,355668,,SV2A,355670,,SV2A,355675,,Control,355673,,SV2A,355669,,SV2A,355677,,SV2A
Day 37-20231114(11).edf,batch 1,,355676,,Control,355679,,Control,355668,,SV2A,355670,,SV2A,355675,,Control,355673,,SV2A,355669,,SV2A,355677,,SV2A
Day 37-20231114(12).edf,batch 1,,355676,,Control,355679,,Control,355668,,SV2A,355670,,SV2A,355675,,Control,355673,,SV2A,355669,,SV2A,355677,,SV2A
Day 37-20231114(13).edf,batch 1,,355676,,Control,355679,,Control,355668,,SV2A,355670,,SV2A,355675,,Control,355673,,SV2A,355669,,SV2A,355677,,SV2A
Day 37-20231114(14).edf,batch 1,,355676,,Control,355679,,Control,355668,,SV2A,355670,,SV2A,355675,,Control,355673,,SV2A,355669,,SV2A,355677,,SV2A
Day 37-20231114(15).edf,batch 1,,355676,,Control,355679,,Control,355668,,SV2A,355670,,SV2A,355675,,Control,355673,,SV2A,355669,,SV2A,355677,,SV2A
Day 37-20231114(1).edf,batch 1,,355676,,Control,355679,,Control,355668,,SV2A,355670,,SV2A,355675,,Control,355673,,SV2A,355669,,SV2A,355677,,SV2A
Day 37-20231114(2).edf,batch 1,,355676,,Control,355679,,Control,355668,,SV2A,355670,,SV2A,355675,,Control,355673,,SV2A,355669,,SV2A,355677,,SV2A
Day 37-20231114(3).edf,batch 1,,355676,,Control,355679,,Control,355668,,SV2A,355670,,SV2A,355675,,Control,355673,,SV2A,355669,,SV2A,355677,,SV2A
Day 37-20231114(4).edf,batch 1,,355676,,Control,355679,,Control,355668,,SV2A,355670,,SV2A,355675,,Control,355673,,SV2A,355669,,SV2A,355677,,SV2A
Day 37-20231114(5).edf,batch 1,,355676,,Control,355679,,Control,355668,,SV2A,355670,,SV2A,355675,,Control,355673,,SV2A,355669,,SV2A,355677,,SV2A
Day 37-20231114(6).edf,batch 1,,355676,,Control,355679,,Control,355668,,SV2A,355670,,SV2A,355675,,Control,355673,,SV2A,355669,,SV2A,355677,,SV2A
Day 37-20231114(7).edf,batch 1,,355676,,Control,355679,,Control,355668,,SV2A,355670,,SV2A,355675,,Control,355673,,SV2A,355669,,SV2A,355677,,SV2A
Day 37-20231114(8).edf,batch 1,,355676,,Control,355679,,Control,355668,,SV2A,355670,,SV2A,355675,,Control,355673,,SV2A,355669,,SV2A,355677,,SV2A
Day 37-20231114(9).edf,batch 1,,355676,,Control,355679,,Control,355668,,SV2A,355670,,SV2A,355675,,Control,355673,,SV2A,355669,,SV2A,355677,,SV2A
Day 38-20231115(10).edf,batch 1,,355676,,Control,355679,,Control,355668,,SV2A,355670,,SV2A,355675,,Control,355673,,SV2A,355669,,SV2A,355677,,SV2A
Day 38-20231115(11).edf,batch 1,,355676,,Control,355679,,Control,355668,,SV2A,355670,,SV2A,355675,,Control,355673,,SV2A,355669,,SV2A,355677,,SV2A
Day 38-20231115(1).edf,batch 1,,355676,,Control,355679,,Control,355668,,SV2A,355670,,SV2A,355675,,Control,355673,,SV2A,355669,,SV2A,355677,,SV2A
Day 38-20231115(2).edf,batch 1,,355676,,Control,355679,,Control,355668,,SV2A,355670,,SV2A,355675,,Control,355673,,SV2A,355669,,SV2A,355677,,SV2A
Day 38-20231115(3).edf,batch 1,,355676,,Control,355679,,Control,355668,,SV2A,355670,,SV2A,355675,,Control,355673,,SV2A,355669,,SV2A,355677,,SV2A
Day 38-20231115(4).edf,batch 1,,355676,,Control,355679,,Control,355668,,SV2A,355670,,SV2A,355675,,Control,355673,,SV2A,355669,,SV2A,355677,,SV2A
Day 38-20231115(5).edf,batch 1,,355676,,Control,355679,,Control,355668,,SV2A,355670,,SV2A,355675,,Control,355673,,SV2A,355669,,SV2A,355677,,SV2A
Day 38-20231115(6).edf,batch 1,,355676,,Control,355679,,Control,355668,,SV2A,355670,,SV2A,355675,,Control,355673,,SV2A,355669,,SV2A,355677,,SV2A
Day 38-20231115(7).edf,batch 1,,355676,,Control,355679,,Control,355668,,SV2A,355670,,SV2A,355675,,Control,355673,,SV2A,355669,,SV2A,355677,,SV2A
Day 38-20231115(8).edf,batch 1,,355676,,Control,355679,,Control,355668,,SV2A,355670,,SV2A,355675,,Control,355673,,SV2A,355669,,SV2A,355677,,SV2A
Day 38-20231115(9).edf,batch 1,,355676,,Control,355679,,Control,355668,,SV2A,355670,,SV2A,355675,,Control,355673,,SV2A,355669,,SV2A,355677,,SV2A
Day 39-20231116(10).edf,batch 1,,355676,,Control,355679,,Control,355668,,SV2A,355670,,SV2A,355675,,Control,355673,,SV2A,355669,,SV2A,355677,,SV2A
Day 39-20231116(11).edf,batch 1,,355676,,Control,355679,,Control,355668,,SV2A,355670,,SV2A,355675,,Control,355673,,SV2A,355669,,SV2A,355677,,SV2A
Day 39-20231116(12).edf,batch 1,,355676,,Control,355679,,Control,355668,,SV2A,355670,,SV2A,355675,,Control,355673,,SV2A,355669,,SV2A,355677,,SV2A
Day 39-20231116(13).edf,batch 1,,355676,,Control,355679,,Control,355668,,SV2A,355670,,SV2A,355675,,Control,355673,,SV2A,355669,,SV2A,355677,,SV2A
Day 39-20231116(14).edf,batch 1,,355676,,Control,355679,,Control,355668,,SV2A,355670,,SV2A,355675,,Control,355673,,SV2A,355669,,SV2A,355677,,SV2A
Day 39-20231116(1).edf,batch 1,,355676,,Control,355679,,Control,355668,,SV2A,355670,,SV2A,355675,,Control,355673,,SV2A,355669,,SV2A,355677,,SV2A
Day 39-20231116(2).edf,batch 1,,355676,,Control,355679,,Control,355668,,SV2A,355670,,SV2A,355675,,Control,355673,,SV2A,355669,,SV2A,355677,,SV2A
Day 39-20231116(3).edf,batch 1,,355676,,Control,355679,,Control,355668,,SV2A,355670,,SV2A,355675,,Control,355673,,SV2A,355669,,SV2A,355677,,SV2A
Day 39-20231116(4).edf,batch 1,,355676,,Control,355679,,Control,355668,,SV2A,355670,,SV2A,355675,,Control,355673,,SV2A,355669,,SV2A,355677,,SV2A
Day 39-20231116(5).edf,batch 1,,355676,,Control,355679,,Control,355668,,SV2A,355670,,SV2A,355675,,Control,355673,,SV2A,355669,,SV2A,355677,,SV2A
Day 39-20231116(6).edf,batch 1,,355676,,Control,355679,,Control,355668,,SV2A,355670,,SV2A,355675,,Control,355673,,SV2A,355669,,SV2A,355677,,SV2A
Day 39-20231116(7).edf,batch 1,,355676,,Control,355679,,Control,355668,,SV2A,355670,,SV2A,355675,,Control,355673,,SV2A,355669,,SV2A,355677,,SV2A
Day 39-20231116(8).edf,batch 1,,355676,,Control,355679,,Control,355668,,SV2A,355670,,SV2A,355675,,Control,355673,,SV2A,355669,,SV2A,355677,,SV2A
Day 39-20231116(9).edf,batch 1,,355676,,Control,355679,,Control,355668,,SV2A,355670,,SV2A,355675,,Control,355673,,SV2A,355669,,SV2A,355677,,SV2A
Day 40-42-20231117(10).edf,batch 1,,355676,,Control,355679,,Control,355668,,SV2A,355670,,SV2A,355675,,Control,355673,,SV2A,355669,,SV2A,355677,,SV2A
Day 40-42-20231117(11).edf,batch 1,,355676,,Control,355679,,Control,355668,,SV2A,355670,,SV2A,355675,,Control,355673,,SV2A,355669,,SV2A,355677,,SV2A
Day 40-42-20231117(12).edf,batch 1,,355676,,Control,355679,,Control,355668,,SV2A,355670,,SV2A,355675,,Control,355673,,SV2A,355669,,SV2A,355677,,SV2A
Day 40-42-20231117(13).edf,batch 1,,355676,,Control,355679,,Control,355668,,SV2A,355670,,SV2A,355675,,Control,355673,,SV2A,355669,,SV2A,355677,,SV2A
Day 40-42-20231117(14).edf,batch 1,,355676,,Control,355679,,Control,355668,,SV2A,355670,,SV2A,355675,,Control,355673,,SV2A,355669,,SV2A,355677,,SV2A
Day 40-42-20231117(15).edf,batch 1,,355676,,Control,355679,,Control,355668,,SV2A,355670,,SV2A,355675,,Control,355673,,SV2A,355669,,SV2A,355677,,SV2A
Day 40-42-20231117(16).edf,batch 1,,355676,,Control,355679,,Control,355668,,SV2A,355670,,SV2A,355675,,Control,355673,,SV2A,355669,,SV2A,355677,,SV2A
Day 40-42-20231117(17).edf,batch 1,,355676,,Control,355679,,Control,355668,,SV2A,355670,,SV2A,355675,,Control,355673,,SV2A,355669,,SV2A,355677,,SV2A
Day 40-42-20231117(18).edf,batch 1,,355676,,Control,355679,,Control,355668,,SV2A,355670,,SV2A,355675,,Control,355673,,SV2A,355669,,SV2A,355677,,SV2A
Day 40-42-20231117(19).edf,batch 1,,355676,,Control,355679,,Control,355668,,SV2A,355670,,SV2A,355675,,Control,355673,,SV2A,355669,,SV2A,355677,,SV2A
Day 40-42-20231117(1).edf,batch 1,,355676,,Control,355679,,Control,355668,,SV2A,355670,,SV2A,355675,,Control,355673,,SV2A,355669,,SV2A,355677,,SV2A
Day 40-42-20231117(20).edf,batch 1,,355676,,Control,355679,,Control,355668,,SV2A,355670,,SV2A,355675,,Control,355673,,SV2A,355669,,SV2A,355677,,SV2A
Day 40-42-20231117(21).edf,batch 1,,355676,,Control,355679,,Control,355668,,SV2A,355670,,SV2A,355675,,Control,355673,,SV2A,355669,,SV2A,355677,,SV2A
Day 40-42-20231117(22).edf,batch 1,,355676,,Control,355679,,Control,355668,,SV2A,355670,,SV2A,355675,,Control,355673,,SV2A,355669,,SV2A,355677,,SV2A
Day 40-42-20231117(23).edf,batch 1,,355676,,Control,355679,,Control,355668,,SV2A,355670,,SV2A,355675,,Control,355673,,SV2A,355669,,SV2A,355677,,SV2A
Day 40-42-20231117(24).edf,batch 1,,355676,,Control,355679,,Control,355668,,SV2A,355670,,SV2A,355675,,Control,355673,,SV2A,355669,,SV2A,355677,,SV2A
Day 40-42-20231117(25).edf,batch 1,,355676,,Control,355679,,Control,355668,,SV2A,355670,,SV2A,355675,,Control,355673,,SV2A,355669,,SV2A,355677,,SV2A
Day 40-42-20231117(26).edf,batch 1,,355676,,Control,355679,,Control,355668,,SV2A,355670,,SV2A,355675,,Control,355673,,SV2A,355669,,SV2A,355677,,SV2A
Day 40-42-20231117(27).edf,batch 1,,355676,,Control,355679,,Control,355668,,SV2A,355670,,SV2A,355675,,Control,355673,,SV2A,355669,,SV2A,355677,,SV2A
Day 40-42-20231117(28).edf,batch 1,,355676,,Control,355679,,Control,355668,,SV2A,355670,,SV2A,355675,,Control,355673,,SV2A,355669,,SV2A,355677,,SV2A
Day 40-42-20231117(29).edf,batch 1,,355676,,Control,355679,,Control,355668,,SV2A,355670,,SV2A,355675,,Control,355673,,SV2A,355669,,SV2A,355677,,SV2A
Day 40-42-20231117(2).edf,batch 1,,355676,,Control,355679,,Control,355668,,SV2A,355670,,SV2A,355675,,Control,355673,,SV2A,355669,,SV2A,355677,,SV2A
Day 40-42-20231117(30).edf,batch 1,,355676,,Control,355679,,Control,355668,,SV2A,355670,,SV2A,355675,,Control,355673,,SV2A,355669,,SV2A,355677,,SV2A
Day 40-42-20231117(31).edf,batch 1,,355676,,Control,355679,,Control,355668,,SV2A,355670,,SV2A,355675,,Control,355673,,SV2A,355669,,SV2A,355677,,SV2A
Day 40-42-20231117(32).edf,batch 1,,355676,,Control,355679,,Control,355668,,SV2A,355670,,SV2A,355675,,Control,355673,,SV2A,355669,,SV2A,355677,,SV2A
Day 40-42-20231117(33).edf,batch 1,,355676,,Control,355679,,Control,355668,,SV2A,355670,,SV2A,355675,,Control,355673,,SV2A,355669,,SV2A,355677,,SV2A
Day 40-42-20231117(34).edf,batch 1,,355676,,Control,355679,,Control,355668,,SV2A,355670,,SV2A,355675,,Control,355673,,SV2A,355669,,SV2A,355677,,SV2A
Day 40-42-20231117(35).edf,batch 1,,355676,,Control,355679,,Control,355668,,SV2A,355670,,SV2A,355675,,Control,355673,,SV2A,355669,,SV2A,355677,,SV2A
Day 40-42-20231117(36).edf,batch 1,,355676,,Control,355679,,Control,355668,,SV2A,355670,,SV2A,355675,,Control,355673,,SV2A,355669,,SV2A,355677,,SV2A
Day 40-42-20231117(37).edf,batch 1,,355676,,Control,355679,,Control,355668,,SV2A,355670,,SV2A,355675,,Control,355673,,SV2A,355669,,SV2A,355677,,SV2A
Day 40-42-20231117(38).edf,batch 1,,355676,,Control,355679,,Control,355668,,SV2A,355670,,SV2A,355675,,Control,355673,,SV2A,355669,,SV2A,355677,,SV2A
Day 40-42-20231117(39).edf,batch 1,,355676,,Control,355679,,Control,355668,,SV2A,355670,,SV2A,355675,,Control,355673,,SV2A,355669,,SV2A,355677,,SV2A
Day 40-42-20231117(3).edf,batch 1,,355676,,Control,355679,,Control,355668,,SV2A,355670,,SV2A,355675,,Control,355673,,SV2A,355669,,SV2A,355677,,SV2A
Day 40-42-20231117(40).edf,batch 1,,355676,,Control,355679,,Control,355668,,SV2A,355670,,SV2A,355675,,Control,355673,,SV2A,355669,,SV2A,355677,,SV2A
Day 40-42-20231117(41).edf,batch 1,,355676,,Control,355679,,Control,355668,,SV2A,355670,,SV2A,355675,,Control,355673,,SV2A,355669,,SV2A,355677,,SV2A
Day 40-42-20231117(42).edf,batch 1,,355676,,Control,355679,,Control,355668,,SV2A,355670,,SV2A,355675,,Control,355673,,SV2A,355669,,SV2A,355677,,SV2A
Day 40-42-20231117(43).edf,batch 1,,355676,,Control,355679,,Control,355668,,SV2A,355670,,SV2A,355675,,Control,355673,,SV2A,355669,,SV2A,355677,,SV2A
Day 40-42-20231117(44).edf,batch 1,,355676,,Control,355679,,Control,355668,,SV2A,355670,,SV2A,355675,,Control,355673,,SV2A,355669,,SV2A,355677,,SV2A
Day 40-42-20231117(45).edf,batch 1,,355676,,Control,355679,,Control,355668,,SV2A,355670,,SV2A,355675,,Control,355673,,SV2A,355669,,SV2A,355677,,SV2A
Day 40-42-20231117(46).edf,batch 1,,355676,,Control,355679,,Control,355668,,SV2A,355670,,SV2A,355675,,Control,355673,,SV2A,355669,,SV2A,355677,,SV2A
Day 40-42-20231117(47).edf,batch 1,,355676,,Control,355679,,Control,355668,,SV2A,355670,,SV2A,355675,,Control,355673,,SV2A,355669,,SV2A,355677,,SV2A
Day 40-42-20231117(4).edf,batch 1,,355676,,Control,355679,,Control,355668,,SV2A,355670,,SV2A,355675,,Control,355673,,SV2A,355669,,SV2A,355677,,SV2A
Day 40-42-20231117(5).edf,batch 1,,355676,,Control,355679,,Control,355668,,SV2A,355670,,SV2A,355675,,Control,355673,,SV2A,355669,,SV2A,355677,,SV2A
Day 40-42-20231117(6).edf,batch 1,,355676,,Control,355679,,Control,355668,,SV2A,355670,,SV2A,355675,,Control,355673,,SV2A,355669,,SV2A,355677,,SV2A
Day 40-42-20231117(7).edf,batch 1,,355676,,Control,355679,,Control,355668,,SV2A,355670,,SV2A,355675,,Control,355673,,SV2A,355669,,SV2A,355677,,SV2A
Day 40-42-20231117(8).edf,batch 1,,355676,,Control,355679,,Control,355668,,SV2A,355670,,SV2A,355675,,Control,355673,,SV2A,355669,,SV2A,355677,,SV2A
Day 40-42-20231117(9).edf,batch 1,,355676,,Control,355679,,Control,355668,,SV2A,355670,,SV2A,355675,,Control,355673,,SV2A,355669,,SV2A,355677,,SV2A
Day 43-20231120(10).edf,batch 1,,355676,,Control,355679,,Control,355668,,SV2A,355670,,SV2A,355675,,Control,355673,,SV2A,355669,,SV2A,355677,,SV2A
Day 43-20231120(11).edf,batch 1,,355676,,Control,355679,,Control,355668,,SV2A,355670,,SV2A,355675,,Control,355673,,SV2A,355669,,SV2A,355677,,SV2A
Day 43-20231120(12).edf,batch 1,,355676,,Control,355679,,Control,355668,,SV2A,355670,,SV2A,355675,,Control,355673,,SV2A,355669,,SV2A,355677,,SV2A
Day 43-20231120(13).edf,batch 1,,355676,,Control,355679,,Control,355668,,SV2A,355670,,SV2A,355675,,Control,355673,,SV2A,355669,,SV2A,355677,,SV2A
Day 43-20231120(14).edf,batch 1,,355676,,Control,355679,,Control,355668,,SV2A,355670,,SV2A,355675,,Control,355673,,SV2A,355669,,SV2A,355677,,SV2A
Day 43-20231120(15).edf,batch 1,,355676,,Control,355679,,Control,355668,,SV2A,355670,,SV2A,355675,,Control,355673,,SV2A,355669,,SV2A,355677,,SV2A
Day 43-20231120(1).edf,batch 1,,355676,,Control,355679,,Control,355668,,SV2A,355670,,SV2A,355675,,Control,355673,,SV2A,355669,,SV2A,355677,,SV2A
Day 43-20231120(2).edf,batch 1,,355676,,Control,355679,,Control,355668,,SV2A,355670,,SV2A,355675,,Control,355673,,SV2A,355669,,SV2A,355677,,SV2A
Day 43-20231120(3).edf,batch 1,,355676,,Control,355679,,Control,355668,,SV2A,355670,,SV2A,355675,,Control,355673,,SV2A,355669,,SV2A,355677,,SV2A
Day 43-20231120(4).edf,batch 1,,355676,,Control,355679,,Control,355668,,SV2A,355670,,SV2A,355675,,Control,355673,,SV2A,355669,,SV2A,355677,,SV2A
Day 43-20231120(5).edf,batch 1,,355676,,Control,355679,,Control,355668,,SV2A,355670,,SV2A,355675,,Control,355673,,SV2A,355669,,SV2A,355677,,SV2A
Day 43-20231120(6).edf,batch 1,,355676,,Control,355679,,Control,355668,,SV2A,355670,,SV2A,355675,,Control,355673,,SV2A,355669,,SV2A,355677,,SV2A
Day 43-20231120(7).edf,batch 1,,355676,,Control,355679,,Control,355668,,SV2A,355670,,SV2A,355675,,Control,355673,,SV2A,355669,,SV2A,355677,,SV2A
Day 43-20231120(8).edf,batch 1,,355676,,Control,355679,,Control,355668,,SV2A,355670,,SV2A,355675,,Control,355673,,SV2A,355669,,SV2A,355677,,SV2A
Day 43-20231120(9).edf,batch 1,,355676,,Control,355679,,Control,355668,,SV2A,355670,,SV2A,355675,,Control,355673,,SV2A,355669,,SV2A,355677,,SV2A
Day1-20240115(10).edf,batch 2,,372830,,SV2A,372829,,SV2A,372828,,SV2A,372832,,SV2A,372833,,Control,372837,,Control,372838,,Control,x,,x
Day1-20240115(11).edf,batch 2,,372830,,SV2A,372829,,SV2A,372828,,SV2A,372832,,SV2A,372833,,Control,372837,,Control,372838,,Control,x,,x
Day1-20240115(12).edf,batch 2,,372830,,SV2A,372829,,SV2A,372828,,SV2A,372832,,SV2A,372833,,Control,372837,,Control,372838,,Control,x,,x
Day1-20240115(13).edf,batch 2,,372830,,SV2A,372829,,SV2A,372828,,SV2A,372832,,SV2A,372833,,Control,372837,,Control,372838,,Control,x,,x
Day1-20240115(14).edf,batch 2,,372830,,SV2A,372829,,SV2A,372828,,SV2A,372832,,SV2A,372833,,Control,372837,,Control,372838,,Control,x,,x
Day1-20240115(1).edf,batch 2,,372830,,SV2A,372829,,SV2A,372828,,SV2A,372832,,SV2A,372833,,Control,372837,,Control,372838,,Control,x,,x
Day1-20240115(2).edf,batch 2,,372830,,SV2A,372829,,SV2A,372828,,SV2A,372832,,SV2A,372833,,Control,372837,,Control,372838,,Control,x,,x
Day1-20240115(3).edf,batch 2,,372830,,SV2A,372829,,SV2A,372828,,SV2A,372832,,SV2A,372833,,Control,372837,,Control,372838,,Control,x,,x
Day1-20240115(4).edf,batch 2,,372830,,SV2A,372829,,SV2A,372828,,SV2A,372832,,SV2A,372833,,Control,372837,,Control,372838,,Control,x,,x
Day1-20240115(5).edf,batch 2,,372830,,SV2A,372829,,SV2A,372828,,SV2A,372832,,SV2A,372833,,Control,372837,,Control,372838,,Control,x,,x
Day1-20240115(6).edf,batch 2,,372830,,SV2A,372829,,SV2A,372828,,SV2A,372832,,SV2A,372833,,Control,372837,,Control,372838,,Control,x,,x
Day1-20240115(7).edf,batch 2,,372830,,SV2A,372829,,SV2A,372828,,SV2A,372832,,SV2A,372833,,Control,372837,,Control,372838,,Control,x,,x
Day1-20240115(8).edf,batch 2,,372830,,SV2A,372829,,SV2A,372828,,SV2A,372832,,SV2A,372833,,Control,372837,,Control,372838,,Control,x,,x
Day1-20240115(9).edf,batch 2,,372830,,SV2A,372829,,SV2A,372828,,SV2A,372832,,SV2A,372833,,Control,372837,,Control,372838,,Control,x,,x
Day2-20240116(10).edf,batch 2,,372830,,SV2A,372829,,SV2A,372828,,SV2A,372832,,SV2A,372833,,Control,372837,,Control,372838,,Control,x,,x
Day2-20240116(11).edf,batch 2,,372830,,SV2A,372829,,SV2A,372828,,SV2A,372832,,SV2A,372833,,Control,372837,,Control,372838,,Control,x,,x
Day2-20240116(12).edf,batch 2,,372830,,SV2A,372829,,SV2A,372828,,SV2A,372832,,SV2A,372833,,Control,372837,,Control,372838,,Control,x,,x
Day2-20240116(13).edf,batch 2,,372830,,SV2A,372829,,SV2A,372828,,SV2A,372832,,SV2A,372833,,Control,372837,,Control,372838,,Control,x,,x
Day2-20240116(14).edf,batch 2,,372830,,SV2A,372829,,SV2A,372828,,SV2A,372832,,SV2A,372833,,Control,372837,,Control,372838,,Control,x,,x
Day2-20240116(15).edf,batch 2,,372830,,SV2A,372829,,SV2A,372828,,SV2A,372832,,SV2A,372833,,Control,372837,,Control,372838,,Control,x,,x
Day2-20240116(16).edf,batch 2,,372830,,SV2A,372829,,SV2A,372828,,SV2A,372832,,SV2A,372833,,Control,372837,,Control,372838,,Control,x,,x
Day2-20240116(17).edf,batch 2,,372830,,SV2A,372829,,SV2A,372828,,SV2A,372832,,SV2A,372833,,Control,372837,,Control,372838,,Control,x,,x
Day2-20240116(1).edf,batch 2,,372830,,SV2A,372829,,SV2A,372828,,SV2A,372832,,SV2A,372833,,Control,372837,,Control,372838,,Control,x,,x
Day2-20240116(2).edf,batch 2,,372830,,SV2A,372829,,SV2A,372828,,SV2A,372832,,SV2A,372833,,Control,372837,,Control,372838,,Control,x,,x
Day2-20240116(3).edf,batch 2,,372830,,SV2A,372829,,SV2A,372828,,SV2A,372832,,SV2A,372833,,Control,372837,,Control,372838,,Control,x,,x
Day2-20240116(4).edf,batch 2,,372830,,SV2A,372829,,SV2A,372828,,SV2A,372832,,SV2A,372833,,Control,372837,,Control,372838,,Control,x,,x
Day2-20240116(5).edf,batch 2,,372830,,SV2A,372829,,SV2A,372828,,SV2A,372832,,SV2A,372833,,Control,372837,,Control,372838,,Control,x,,x
Day2-20240116(6).edf,batch 2,,372830,,SV2A,372829,,SV2A,372828,,SV2A,372832,,SV2A,372833,,Control,372837,,Control,372838,,Control,x,,x
Day2-20240116(7).edf,batch 2,,372830,,SV2A,372829,,SV2A,372828,,SV2A,372832,,SV2A,372833,,Control,372837,,Control,372838,,Control,x,,x
Day2-20240116(8).edf,batch 2,,372830,,SV2A,372829,,SV2A,372828,,SV2A,372832,,SV2A,372833,,Control,372837,,Control,372838,,Control,x,,x
Day2-20240116(9).edf,batch 2,,372830,,SV2A,372829,,SV2A,372828,,SV2A,372832,,SV2A,372833,,Control,372837,,Control,372838,,Control,x,,x
Day3-20240117(10).edf,batch 2,,372830,,SV2A,372829,,SV2A,372828,,SV2A,372832,,SV2A,372833,,Control,372837,,Control,372838,,Control,x,,x
Day3-20240117(11).edf,batch 2,,372830,,SV2A,372829,,SV2A,372828,,SV2A,372832,,SV2A,372833,,Control,372837,,Control,372838,,Control,x,,x
Day3-20240117(12).edf,batch 2,,372830,,SV2A,372829,,SV2A,372828,,SV2A,372832,,SV2A,372833,,Control,372837,,Control,372838,,Control,x,,x
Day3-20240117(13).edf,batch 2,,372830,,SV2A,372829,,SV2A,372828,,SV2A,372832,,SV2A,372833,,Control,372837,,Control,372838,,Control,x,,x
Day3-20240117(14).edf,batch 2,,372830,,SV2A,372829,,SV2A,372828,,SV2A,372832,,SV2A,372833,,Control,372837,,Control,372838,,Control,x,,x
Day3-20240117(15).edf,batch 2,,372830,,SV2A,372829,,SV2A,372828,,SV2A,372832,,SV2A,372833,,Control,372837,,Control,372838,,Control,x,,x
Day3-20240117(16).edf,batch 2,,372830,,SV2A,372829,,SV2A,372828,,SV2A,372832,,SV2A,372833,,Control,372837,,Control,372838,,Control,x,,x
Day3-20240117(1).edf,batch 2,,372830,,SV2A,372829,,SV2A,372828,,SV2A,372832,,SV2A,372833,,Control,372837,,Control,372838,,Control,x,,x
Day3-20240117(2).edf,batch 2,,372830,,SV2A,372829,,SV2A,372828,,SV2A,372832,,SV2A,372833,,Control,372837,,Control,372838,,Control,x,,x
Day3-20240117(3).edf,batch 2,,372830,,SV2A,372829,,SV2A,372828,,SV2A,372832,,SV2A,372833,,Control,372837,,Control,372838,,Control,x,,x
Day3-20240117(4).edf,batch 2,,372830,,SV2A,372829,,SV2A,372828,,SV2A,372832,,SV2A,372833,,Control,372837,,Control,372838,,Control,x,,x
Day3-20240117(5).edf,batch 2,,372830,,SV2A,372829,,SV2A,372828,,SV2A,372832,,SV2A,372833,,Control,372837,,Control,372838,,Control,x,,x
Day3-20240117(6).edf,batch 2,,372830,,SV2A,372829,,SV2A,372828,,SV2A,372832,,SV2A,372833,,Control,372837,,Control,372838,,Control,x,,x
Day3-20240117(7).edf,batch 2,,372830,,SV2A,372829,,SV2A,372828,,SV2A,372832,,SV2A,372833,,Control,372837,,Control,372838,,Control,x,,x
Day3-20240117(8).edf,batch 2,,372830,,SV2A,372829,,SV2A,372828,,SV2A,372832,,SV2A,372833,,Control,372837,,Control,372838,,Control,x,,x
Day3-20240117(9).edf,batch 2,,372830,,SV2A,372829,,SV2A,372828,,SV2A,372832,,SV2A,372833,,Control,372837,,Control,372838,,Control,x,,x
Day4-20240118(10).edf,batch 2,,372830,,SV2A,372829,,SV2A,372828,,SV2A,372832,,SV2A,372833,,Control,372837,,Control,372838,,Control,x,,x
Day4-20240118(11).edf,batch 2,,372830,,SV2A,372829,,SV2A,372828,,SV2A,372832,,SV2A,372833,,Control,372837,,Control,372838,,Control,x,,x
Day4-20240118(12).edf,batch 2,,372830,,SV2A,372829,,SV2A,372828,,SV2A,372832,,SV2A,372833,,Control,372837,,Control,372838,,Control,x,,x
Day4-20240118(13).edf,batch 2,,372830,,SV2A,372829,,SV2A,372828,,SV2A,372832,,SV2A,372833,,Control,372837,,Control,372838,,Control,x,,x
Day4-20240118(14).edf,batch 2,,372830,,SV2A,372829,,SV2A,372828,,SV2A,372832,,SV2A,372833,,Control,372837,,Control,372838,,Control,x,,x
Day4-20240118(15).edf,batch 2,,372830,,SV2A,372829,,SV2A,372828,,SV2A,372832,,SV2A,372833,,Control,372837,,Control,372838,,Control,x,,x
Day4-20240118(16).edf,batch 2,,372830,,SV2A,372829,,SV2A,372828,,SV2A,372832,,SV2A,372833,,Control,372837,,Control,372838,,Control,x,,x
Day4-20240118(17).edf,batch 2,,372830,,SV2A,372829,,SV2A,372828,,SV2A,372832,,SV2A,372833,,Control,372837,,Control,372838,,Control,x,,x
Day4-20240118(18).edf,batch 2,,372830,,SV2A,372829,,SV2A,372828,,SV2A,372832,,SV2A,372833,,Control,372837,,Control,372838,,Control,x,,x
Day4-20240118(1).edf,batch 2,,372830,,SV2A,372829,,SV2A,372828,,SV2A,372832,,SV2A,372833,,Control,372837,,Control,372838,,Control,x,,x
Day4-20240118(2).edf,batch 2,,372830,,SV2A,372829,,SV2A,372828,,SV2A,372832,,SV2A,372833,,Control,372837,,Control,372838,,Control,x,,x
Day4-20240118(3).edf,batch 2,,372830,,SV2A,372829,,SV2A,372828,,SV2A,372832,,SV2A,372833,,Control,372837,,Control,372838,,Control,x,,x
Day4-20240118(4).edf,batch 2,,372830,,SV2A,372829,,SV2A,372828,,SV2A,372832,,SV2A,372833,,Control,372837,,Control,372838,,Control,x,,x
Day4-20240118(5).edf,batch 2,,372830,,SV2A,372829,,SV2A,372828,,SV2A,372832,,SV2A,372833,,Control,372837,,Control,372838,,Control,x,,x
Day4-20240118(6).edf,batch 2,,372830,,SV2A,372829,,SV2A,372828,,SV2A,372832,,SV2A,372833,,Control,372837,,Control,372838,,Control,x,,x
Day4-20240118(7).edf,batch 2,,372830,,SV2A,372829,,SV2A,372828,,SV2A,372832,,SV2A,372833,,Control,372837,,Control,372838,,Control,x,,x
Day4-20240118(8).edf,batch 2,,372830,,SV2A,372829,,SV2A,372828,,SV2A,372832,,SV2A,372833,,Control,372837,,Control,372838,,Control,x,,x
Day4-20240118(9).edf,batch 2,,372830,,SV2A,372829,,SV2A,372828,,SV2A,372832,,SV2A,372833,,Control,372837,,Control,372838,,Control,x,,x
Day5+6-20240119(10).edf,batch 2,,372830,,SV2A,372829,,SV2A,372828,,SV2A,372832,,SV2A,372833,,Control,372837,,Control,372838,,Control,x,,x
Day5+6-20240119(11).edf,batch 2,,372830,,SV2A,372829,,SV2A,372828,,SV2A,372832,,SV2A,372833,,Control,372837,,Control,372838,,Control,x,,x
Day5+6-20240119(12).edf,batch 2,,372830,,SV2A,372829,,SV2A,372828,,SV2A,372832,,SV2A,372833,,Control,372837,,Control,372838,,Control,x,,x
Day5+6-20240119(13).edf,batch 2,,372830,,SV2A,372829,,SV2A,372828,,SV2A,372832,,SV2A,372833,,Control,372837,,Control,372838,,Control,x,,x
Day5+6-20240119(14).edf,batch 2,,372830,,SV2A,372829,,SV2A,372828,,SV2A,372832,,SV2A,372833,,Control,372837,,Control,372838,,Control,x,,x
Day5+6-20240119(15).edf,batch 2,,372830,,SV2A,372829,,SV2A,372828,,SV2A,372832,,SV2A,372833,,Control,372837,,Control,372838,,Control,x,,x
Day5+6-20240119(16).edf,batch 2,,372830,,SV2A,372829,,SV2A,372828,,SV2A,372832,,SV2A,372833,,Control,372837,,Control,372838,,Control,x,,x
Day5+6-20240119(17).edf,batch 2,,372830,,SV2A,372829,,SV2A,372828,,SV2A,372832,,SV2A,372833,,Control,372837,,Control,372838,,Control,x,,x
Day5+6-20240119(18).edf,batch 2,,372830,,SV2A,372829,,SV2A,372828,,SV2A,372832,,SV2A,372833,,Control,372837,,Control,372838,,Control,x,,x
Day5+6-20240119(19).edf,batch 2,,372830,,SV2A,372829,,SV2A,372828,,SV2A,372832,,SV2A,372833,,Control,372837,,Control,372838,,Control,x,,x
Day5+6-20240119(1).edf,batch 2,,372830,,SV2A,372829,,SV2A,372828,,SV2A,372832,,SV2A,372833,,Control,372837,,Control,372838,,Control,x,,x
Day5+6-20240119(20).edf,batch 2,,372830,,SV2A,372829,,SV2A,372828,,SV2A,372832,,SV2A,372833,,Control,372837,,Control,372838,,Control,x,,x
Day5+6-20240119(21).edf,batch 2,,372830,,SV2A,372829,,SV2A,372828,,SV2A,372832,,SV2A,372833,,Control,372837,,Control,372838,,Control,x,,x
Day5+6-20240119(22).edf,batch 2,,372830,,SV2A,372829,,SV2A,372828,,SV2A,372832,,SV2A,372833,,Control,372837,,Control,372838,,Control,x,,x
Day5+6-20240119(23).edf,batch 2,,372830,,SV2A,372829,,SV2A,372828,,SV2A,372832,,SV2A,372833,,Control,372837,,Control,372838,,Control,x,,x
Day5+6-20240119(24).edf,batch 2,,372830,,SV2A,372829,,SV2A,372828,,SV2A,372832,,SV2A,372833,,Control,372837,,Control,372838,,Control,x,,x
Day5+6-20240119(25).edf,batch 2,,372830,,SV2A,372829,,SV2A,372828,,SV2A,372832,,SV2A,372833,,Control,372837,,Control,372838,,Control,x,,x
Day5+6-20240119(26).edf,batch 2,,372830,,SV2A,372829,,SV2A,372828,,SV2A,372832,,SV2A,372833,,Control,372837,,Control,372838,,Control,x,,x
Day5+6-20240119(27).edf,batch 2,,372830,,SV2A,372829,,SV2A,372828,,SV2A,372832,,SV2A,372833,,Control,372837,,Control,372838,,Control,x,,x
Day5+6-20240119(28).edf,batch 2,,372830,,SV2A,372829,,SV2A,372828,,SV2A,372832,,SV2A,372833,,Control,372837,,Control,372838,,Control,x,,x
Day5+6-20240119(29).edf,batch 2,,372830,,SV2A,372829,,SV2A,372828,,SV2A,372832,,SV2A,372833,,Control,372837,,Control,372838,,Control,x,,x
Day5+6-20240119(2).edf,batch 2,,372830,,SV2A,372829,,SV2A,372828,,SV2A,372832,,SV2A,372833,,Control,372837,,Control,372838,,Control,x,,x
Day5+6-20240119(30).edf,batch 2,,372830,,SV2A,372829,,SV2A,372828,,SV2A,372832,,SV2A,372833,,Control,372837,,Control,372838,,Control,x,,x
Day5+6-20240119(31).edf,batch 2,,372830,,SV2A,372829,,SV2A,372828,,SV2A,372832,,SV2A,372833,,Control,372837,,Control,372838,,Control,x,,x
Day5+6-20240119(32).edf,batch 2,,372830,,SV2A,372829,,SV2A,372828,,SV2A,372832,,SV2A,372833,,Control,372837,,Control,372838,,Control,x,,x
Day5+6-20240119(33).edf,batch 2,,372830,,SV2A,372829,,SV2A,372828,,SV2A,372832,,SV2A,372833,,Control,372837,,Control,372838,,Control,x,,x
Day5+6-20240119(34).edf,batch 2,,372830,,SV2A,372829,,SV2A,372828,,SV2A,372832,,SV2A,372833,,Control,372837,,Control,372838,,Control,x,,x
Day5+6-20240119(35).edf,batch 2,,372830,,SV2A,372829,,SV2A,372828,,SV2A,372832,,SV2A,372833,,Control,372837,,Control,372838,,Control,x,,x
Day5+6-20240119(36).edf,batch 2,,372830,,SV2A,372829,,SV2A,372828,,SV2A,372832,,SV2A,372833,,Control,372837,,Control,372838,,Control,x,,x
Day5+6-20240119(3).edf,batch 2,,372830,,SV2A,372829,,SV2A,372828,,SV2A,372832,,SV2A,372833,,Control,372837,,Control,372838,,Control,x,,x
Day5+6-20240119(4).edf,batch 2,,372830,,SV2A,372829,,SV2A,372828,,SV2A,372832,,SV2A,372833,,Control,372837,,Control,372838,,Control,x,,x
Day5+6-20240119(5).edf,batch 2,,372830,,SV2A,372829,,SV2A,372828,,SV2A,372832,,SV2A,372833,,Control,372837,,Control,372838,,Control,x,,x
Day5+6-20240119(6).edf,batch 2,,372830,,SV2A,372829,,SV2A,372828,,SV2A,372832,,SV2A,372833,,Control,372837,,Control,372838,,Control,x,,x
Day5+6-20240119(7).edf,batch 2,,372830,,SV2A,372829,,SV2A,372828,,SV2A,372832,,SV2A,372833,,Control,372837,,Control,372838,,Control,x,,x
Day5+6-20240119(8).edf,batch 2,,372830,,SV2A,372829,,SV2A,372828,,SV2A,372832,,SV2A,372833,,Control,372837,,Control,372838,,Control,x,,x
Day5+6-20240119(9).edf,batch 2,,372830,,SV2A,372829,,SV2A,372828,,SV2A,372832,,SV2A,372833,,Control,372837,,Control,372838,,Control,x,,x
Day7-20240121(10).edf,batch 2,,372830,,SV2A,372829,,SV2A,372828,,SV2A,372832,,SV2A,372833,,Control,372837,,Control,372838,,Control,x,,x
Day7-20240121(11).edf,batch 2,,372830,,SV2A,372829,,SV2A,372828,,SV2A,372832,,SV2A,372833,,Control,372837,,Control,372838,,Control,x,,x
Day7-20240121(12).edf,batch 2,,372830,,SV2A,372829,,SV2A,372828,,SV2A,372832,,SV2A,372833,,Control,372837,,Control,372838,,Control,x,,x
Day7-20240121(13).edf,batch 2,,372830,,SV2A,372829,,SV2A,372828,,SV2A,372832,,SV2A,372833,,Control,372837,,Control,372838,,Control,x,,x
Day7-20240121(14).edf,batch 2,,372830,,SV2A,372829,,SV2A,372828,,SV2A,372832,,SV2A,372833,,Control,372837,,Control,372838,,Control,x,,x
Day7-20240121(1).edf,batch 2,,372830,,SV2A,372829,,SV2A,372828,,SV2A,372832,,SV2A,372833,,Control,372837,,Control,372838,,Control,x,,x
Day7-20240121(2).edf,batch 2,,372830,,SV2A,372829,,SV2A,372828,,SV2A,372832,,SV2A,372833,,Control,372837,,Control,372838,,Control,x,,x
Day7-20240121(3).edf,batch 2,,372830,,SV2A,372829,,SV2A,372828,,SV2A,372832,,SV2A,372833,,Control,372837,,Control,372838,,Control,x,,x
Day7-20240121(4).edf,batch 2,,372830,,SV2A,372829,,SV2A,372828,,SV2A,372832,,SV2A,372833,,Control,372837,,Control,372838,,Control,x,,x
Day7-20240121(5).edf,batch 2,,372830,,SV2A,372829,,SV2A,372828,,SV2A,372832,,SV2A,372833,,Control,372837,,Control,372838,,Control,x,,x
Day7-20240121(6).edf,batch 2,,372830,,SV2A,372829,,SV2A,372828,,SV2A,372832,,SV2A,372833,,Control,372837,,Control,372838,,Control,x,,x
Day7-20240121(7).edf,batch 2,,372830,,SV2A,372829,,SV2A,372828,,SV2A,372832,,SV2A,372833,,Control,372837,,Control,372838,,Control,x,,x
Day7-20240121(8).edf,batch 2,,372830,,SV2A,372829,,SV2A,372828,,SV2A,372832,,SV2A,372833,,Control,372837,,Control,372838,,Control,x,,x
Day7-20240121(9).edf,batch 2,,372830,,SV2A,372829,,SV2A,372828,,SV2A,372832,,SV2A,372833,,Control,372837,,Control,372838,,Control,x,,x
Day8-20240122(10).edf,batch 2,,372830,,SV2A,372829,,SV2A,372828,,SV2A,372832,,SV2A,372833,,Control,372837,,Control,372838,,Control,x,,x
Day8-20240122(11).edf,batch 2,,372830,,SV2A,372829,,SV2A,372828,,SV2A,372832,,SV2A,372833,,Control,372837,,Control,372838,,Control,x,,x
Day8-20240122(12).edf,batch 2,,372830,,SV2A,372829,,SV2A,372828,,SV2A,372832,,SV2A,372833,,Control,372837,,Control,372838,,Control,x,,x
Day8-20240122(13).edf,batch 2,,372830,,SV2A,372829,,SV2A,372828,,SV2A,372832,,SV2A,372833,,Control,372837,,Control,372838,,Control,x,,x
Day8-20240122(14).edf,batch 2,,372830,,SV2A,372829,,SV2A,372828,,SV2A,372832,,SV2A,372833,,Control,372837,,Control,372838,,Control,x,,x
Day8-20240122(15).edf,batch 2,,372830,,SV2A,372829,,SV2A,372828,,SV2A,372832,,SV2A,372833,,Control,372837,,Control,372838,,Control,x,,x
Day8-20240122(16).edf,batch 2,,372830,,SV2A,372829,,SV2A,372828,,SV2A,372832,,SV2A,372833,,Control,372837,,Control,372838,,Control,x,,x
Day8-20240122(1).edf,batch 2,,372830,,SV2A,372829,,SV2A,372828,,SV2A,372832,,SV2A,372833,,Control,372837,,Control,372838,,Control,x,,x
Day8-20240122(2).edf,batch 2,,372830,,SV2A,372829,,SV2A,372828,,SV2A,372832,,SV2A,372833,,Control,372837,,Control,372838,,Control,x,,x
Day8-20240122(3).edf,batch 2,,372830,,SV2A,372829,,SV2A,372828,,SV2A,372832,,SV2A,372833,,Control,372837,,Control,372838,,Control,x,,x
Day8-20240122(4).edf,batch 2,,372830,,SV2A,372829,,SV2A,372828,,SV2A,372832,,SV2A,372833,,Control,372837,,Control,372838,,Control,x,,x
Day8-20240122(5).edf,batch 2,,372830,,SV2A,372829,,SV2A,372828,,SV2A,372832,,SV2A,372833,,Control,372837,,Control,372838,,Control,x,,x
Day8-20240122(6).edf,batch 2,,372830,,SV2A,372829,,SV2A,372828,,SV2A,372832,,SV2A,372833,,Control,372837,,Control,372838,,Control,x,,x
Day8-20240122(7).edf,batch 2,,372830,,SV2A,372829,,SV2A,372828,,SV2A,372832,,SV2A,372833,,Control,372837,,Control,372838,,Control,x,,x
Day8-20240122(8).edf,batch 2,,372830,,SV2A,372829,,SV2A,372828,,SV2A,372832,,SV2A,372833,,Control,372837,,Control,372838,,Control,x,,x
Day8-20240122(9).edf,batch 2,,372830,,SV2A,372829,,SV2A,372828,,SV2A,372832,,SV2A,372833,,Control,372837,,Control,372838,,Control,x,,x
Day9-20240123(10).edf,batch 2,,372830,,SV2A,372829,,SV2A,372828,,SV2A,372832,,SV2A,372833,,Control,372837,,Control,372838,,Control,x,,x
Day9-20240123(11).edf,batch 2,,372830,,SV2A,372829,,SV2A,372828,,SV2A,372832,,SV2A,372833,,Control,372837,,Control,372838,,Control,x,,x
Day9-20240123(12).edf,batch 2,,372830,,SV2A,372829,,SV2A,372828,,SV2A,372832,,SV2A,372833,,Control,372837,,Control,372838,,Control,x,,x
Day9-20240123(13).edf,batch 2,,372830,,SV2A,372829,,SV2A,372828,,SV2A,372832,,SV2A,372833,,Control,372837,,Control,372838,,Control,x,,x
Day9-20240123(14).edf,batch 2,,372830,,SV2A,372829,,SV2A,372828,,SV2A,372832,,SV2A,372833,,Control,372837,,Control,372838,,Control,x,,x
Day9-20240123(15).edf,batch 2,,372830,,SV2A,372829,,SV2A,372828,,SV2A,372832,,SV2A,372833,,Control,372837,,Control,372838,,Control,x,,x
Day9-20240123(16).edf,batch 2,,372830,,SV2A,372829,,SV2A,372828,,SV2A,372832,,SV2A,372833,,Control,372837,,Control,372838,,Control,x,,x
Day9-20240123(1).edf,batch 2,,372830,,SV2A,372829,,SV2A,372828,,SV2A,372832,,SV2A,372833,,Control,372837,,Control,372838,,Control,x,,x
Day9-20240123(2).edf,batch 2,,372830,,SV2A,372829,,SV2A,372828,,SV2A,372832,,SV2A,372833,,Control,372837,,Control,372838,,Control,x,,x
Day9-20240123(3).edf,batch 2,,372830,,SV2A,372829,,SV2A,372828,,SV2A,372832,,SV2A,372833,,Control,372837,,Control,372838,,Control,x,,x
Day9-20240123(4).edf,batch 2,,372830,,SV2A,372829,,SV2A,372828,,SV2A,372832,,SV2A,372833,,Control,372837,,Control,372838,,Control,x,,x
Day9-20240123(5).edf,batch 2,,372830,,SV2A,372829,,SV2A,372828,,SV2A,372832,,SV2A,372833,,Control,372837,,Control,372838,,Control,x,,x
Day9-20240123(6).edf,batch 2,,372830,,SV2A,372829,,SV2A,372828,,SV2A,372832,,SV2A,372833,,Control,372837,,Control,372838,,Control,x,,x
Day9-20240123(7).edf,batch 2,,372830,,SV2A,372829,,SV2A,372828,,SV2A,372832,,SV2A,372833,,Control,372837,,Control,372838,,Control,x,,x
Day9-20240123(8).edf,batch 2,,372830,,SV2A,372829,,SV2A,372828,,SV2A,372832,,SV2A,372833,,Control,372837,,Control,372838,,Control,x,,x
Day9-20240123(9).edf,batch 2,,372830,,SV2A,372829,,SV2A,372828,,SV2A,372832,,SV2A,372833,,Control,372837,,Control,372838,,Control,x,,x
Day10-20240124(10).edf,batch 2,,372830,,SV2A,372829,,SV2A,372828,,SV2A,372832,,SV2A,372833,,Control,372837,,Control,372838,,Control,x,,x
Day10-20240124(11).edf,batch 2,,372830,,SV2A,372829,,SV2A,372828,,SV2A,372832,,SV2A,372833,,Control,372837,,Control,372838,,Control,x,,x
Day10-20240124(12).edf,batch 2,,372830,,SV2A,372829,,SV2A,372828,,SV2A,372832,,SV2A,372833,,Control,372837,,Control,372838,,Control,x,,x
Day10-20240124(13).edf,batch 2,,372830,,SV2A,372829,,SV2A,372828,,SV2A,372832,,SV2A,372833,,Control,372837,,Control,372838,,Control,x,,x
Day10-20240124(14).edf,batch 2,,372830,,SV2A,372829,,SV2A,372828,,SV2A,372832,,SV2A,372833,,Control,372837,,Control,372838,,Control,x,,x
Day10-20240124(15).edf,batch 2,,372830,,SV2A,372829,,SV2A,372828,,SV2A,372832,,SV2A,372833,,Control,372837,,Control,372838,,Control,x,,x
Day10-20240124(16).edf,batch 2,,372830,,SV2A,372829,,SV2A,372828,,SV2A,372832,,SV2A,372833,,Control,372837,,Control,372838,,Control,x,,x
Day10-20240124(17).edf,batch 2,,372830,,SV2A,372829,,SV2A,372828,,SV2A,372832,,SV2A,372833,,Control,372837,,Control,372838,,Control,x,,x
Day10-20240124(1).edf,batch 2,,372830,,SV2A,372829,,SV2A,372828,,SV2A,372832,,SV2A,372833,,Control,372837,,Control,372838,,Control,x,,x
Day10-20240124(2).edf,batch 2,,372830,,SV2A,372829,,SV2A,372828,,SV2A,372832,,SV2A,372833,,Control,372837,,Control,372838,,Control,x,,x
Day10-20240124(3).edf,batch 2,,372830,,SV2A,372829,,SV2A,372828,,SV2A,372832,,SV2A,372833,,Control,372837,,Control,372838,,Control,x,,x
Day10-20240124(4).edf,batch 2,,372830,,SV2A,372829,,SV2A,372828,,SV2A,372832,,SV2A,372833,,Control,372837,,Control,372838,,Control,x,,x
Day10-20240124(5).edf,batch 2,,372830,,SV2A,372829,,SV2A,372828,,SV2A,372832,,SV2A,372833,,Control,372837,,Control,372838,,Control,x,,x
Day10-20240124(6).edf,batch 2,,372830,,SV2A,372829,,SV2A,372828,,SV2A,372832,,SV2A,372833,,Control,372837,,Control,372838,,Control,x,,x
Day10-20240124(7).edf,batch 2,,372830,,SV2A,372829,,SV2A,372828,,SV2A,372832,,SV2A,372833,,Control,372837,,Control,372838,,Control,x,,x
Day10-20240124(8).edf,batch 2,,372830,,SV2A,372829,,SV2A,372828,,SV2A,372832,,SV2A,372833,,Control,372837,,Control,372838,,Control,x,,x
Day10-20240124(9).edf,batch 2,,372830,,SV2A,372829,,SV2A,372828,,SV2A,372832,,SV2A,372833,,Control,372837,,Control,372838,,Control,x,,x
Day11-20240125(10).edf,batch 2,,372830,,SV2A,372829,,SV2A,372828,,SV2A,372832,,SV2A,372833,,Control,372837,,Control,372838,,Control,x,,x
Day11-20240125(11).edf,batch 2,,372830,,SV2A,372829,,SV2A,372828,,SV2A,372832,,SV2A,372833,,Control,372837,,Control,372838,,Control,x,,x
Day11-20240125(12).edf,batch 2,,372830,,SV2A,372829,,SV2A,372828,,SV2A,372832,,SV2A,372833,,Control,372837,,Control,372838,,Control,x,,x
Day11-20240125(13).edf,batch 2,,372830,,SV2A,372829,,SV2A,372828,,SV2A,372832,,SV2A,372833,,Control,372837,,Control,372838,,Control,x,,x
Day11-20240125(14).edf,batch 2,,372830,,SV2A,372829,,SV2A,372828,,SV2A,372832,,SV2A,372833,,Control,372837,,Control,372838,,Control,x,,x
Day11-20240125(15).edf,batch 2,,372830,,SV2A,372829,,SV2A,372828,,SV2A,372832,,SV2A,372833,,Control,372837,,Control,372838,,Control,x,,x
Day11-20240125(16).edf,batch 2,,372830,,SV2A,372829,,SV2A,372828,,SV2A,372832,,SV2A,372833,,Control,372837,,Control,372838,,Control,x,,x
Day11-20240125(1).edf,batch 2,,372830,,SV2A,372829,,SV2A,372828,,SV2A,372832,,SV2A,372833,,Control,372837,,Control,372838,,Control,x,,x
Day11-20240125(2).edf,batch 2,,372830,,SV2A,372829,,SV2A,372828,,SV2A,372832,,SV2A,372833,,Control,372837,,Control,372838,,Control,x,,x
Day11-20240125(3).edf,batch 2,,372830,,SV2A,372829,,SV2A,372828,,SV2A,372832,,SV2A,372833,,Control,372837,,Control,372838,,Control,x,,x
Day11-20240125(4).edf,batch 2,,372830,,SV2A,372829,,SV2A,372828,,SV2A,372832,,SV2A,372833,,Control,372837,,Control,372838,,Control,x,,x
Day11-20240125(5).edf,batch 2,,372830,,SV2A,372829,,SV2A,372828,,SV2A,372832,,SV2A,372833,,Control,372837,,Control,372838,,Control,x,,x
Day11-20240125(6).edf,batch 2,,372830,,SV2A,372829,,SV2A,372828,,SV2A,372832,,SV2A,372833,,Control,372837,,Control,372838,,Control,x,,x
Day11-20240125(7).edf,batch 2,,372830,,SV2A,372829,,SV2A,372828,,SV2A,372832,,SV2A,372833,,Control,372837,,Control,372838,,Control,x,,x
Day11-20240125(8).edf,batch 2,,372830,,SV2A,372829,,SV2A,372828,,SV2A,372832,,SV2A,372833,,Control,372837,,Control,372838,,Control,x,,x
Day11-20240125(9).edf,batch 2,,372830,,SV2A,372829,,SV2A,372828,,SV2A,372832,,SV2A,372833,,Control,372837,,Control,372838,,Control,x,,x
Day12+13-20240126+27(10).edf,batch 2,,372830,,SV2A,372829,,SV2A,372828,,SV2A,372832,,SV2A,372833,,Control,372837,,Control,372838,,Control,x,,x
Day12+13-20240126+27(11).edf,batch 2,,372830,,SV2A,372829,,SV2A,372828,,SV2A,372832,,SV2A,372833,,Control,372837,,Control,372838,,Control,x,,x
Day12+13-20240126+27(12).edf,batch 2,,372830,,SV2A,372829,,SV2A,372828,,SV2A,372832,,SV2A,372833,,Control,372837,,Control,372838,,Control,x,,x
Day12+13-20240126+27(13).edf,batch 2,,372830,,SV2A,372829,,SV2A,372828,,SV2A,372832,,SV2A,372833,,Control,372837,,Control,372838,,Control,x,,x
Day12+13-20240126+27(14).edf,batch 2,,372830,,SV2A,372829,,SV2A,372828,,SV2A,372832,,SV2A,372833,,Control,372837,,Control,372838,,Control,x,,x
Day12+13-20240126+27(15).edf,batch 2,,372830,,SV2A,372829,,SV2A,372828,,SV2A,372832,,SV2A,372833,,Control,372837,,Control,372838,,Control,x,,x
Day12+13-20240126+27(16).edf,batch 2,,372830,,SV2A,372829,,SV2A,372828,,SV2A,372832,,SV2A,372833,,Control,372837,,Control,372838,,Control,x,,x
Day12+13-20240126+27(17).edf,batch 2,,372830,,SV2A,372829,,SV2A,372828,,SV2A,372832,,SV2A,372833,,Control,372837,,Control,372838,,Control,x,,x
Day12+13-20240126+27(18).edf,batch 2,,372830,,SV2A,372829,,SV2A,372828,,SV2A,372832,,SV2A,372833,,Control,372837,,Control,372838,,Control,x,,x
Day12+13-20240126+27(19).edf,batch 2,,372830,,SV2A,372829,,SV2A,372828,,SV2A,372832,,SV2A,372833,,Control,372837,,Control,372838,,Control,x,,x
Day12+13-20240126+27(1).edf,batch 2,,372830,,SV2A,372829,,SV2A,372828,,SV2A,372832,,SV2A,372833,,Control,372837,,Control,372838,,Control,x,,x
Day12+13-20240126+27(20).edf,batch 2,,372830,,SV2A,372829,,SV2A,372828,,SV2A,372832,,SV2A,372833,,Control,372837,,Control,372838,,Control,x,,x
Day12+13-20240126+27(21).edf,batch 2,,372830,,SV2A,372829,,SV2A,372828,,SV2A,372832,,SV2A,372833,,Control,372837,,Control,372838,,Control,x,,x
Day12+13-20240126+27(22).edf,batch 2,,372830,,SV2A,372829,,SV2A,372828,,SV2A,372832,,SV2A,372833,,Control,372837,,Control,372838,,Control,x,,x
Day12+13-20240126+27(23).edf,batch 2,,372830,,SV2A,372829,,SV2A,372828,,SV2A,372832,,SV2A,372833,,Control,372837,,Control,372838,,Control,x,,x
Day12+13-20240126+27(24).edf,batch 2,,372830,,SV2A,372829,,SV2A,372828,,SV2A,372832,,SV2A,372833,,Control,372837,,Control,372838,,Control,x,,x
Day12+13-20240126+27(25).edf,batch 2,,372830,,SV2A,372829,,SV2A,372828,,SV2A,372832,,SV2A,372833,,Control,372837,,Control,372838,,Control,x,,x
Day12+13-20240126+27(26).edf,batch 2,,372830,,SV2A,372829,,SV2A,372828,,SV2A,372832,,SV2A,372833,,Control,372837,,Control,372838,,Control,x,,x
Day12+13-20240126+27(27).edf,batch 2,,372830,,SV2A,372829,,SV2A,372828,,SV2A,372832,,SV2A,372833,,Control,372837,,Control,372838,,Control,x,,x
Day12+13-20240126+27(28).edf,batch 2,,372830,,SV2A,372829,,SV2A,372828,,SV2A,372832,,SV2A,372833,,Control,372837,,Control,372838,,Control,x,,x
Day12+13-20240126+27(29).edf,batch 2,,372830,,SV2A,372829,,SV2A,372828,,SV2A,372832,,SV2A,372833,,Control,372837,,Control,372838,,Control,x,,x
Day12+13-20240126+27(2).edf,batch 2,,372830,,SV2A,372829,,SV2A,372828,,SV2A,372832,,SV2A,372833,,Control,372837,,Control,372838,,Control,x,,x
Day12+13-20240126+27(30).edf,batch 2,,372830,,SV2A,372829,,SV2A,372828,,SV2A,372832,,SV2A,372833,,Control,372837,,Control,372838,,Control,x,,x
Day12+13-20240126+27(31).edf,batch 2,,372830,,SV2A,372829,,SV2A,372828,,SV2A,372832,,SV2A,372833,,Control,372837,,Control,372838,,Control,x,,x
Day12+13-20240126+27(32).edf,batch 2,,372830,,SV2A,372829,,SV2A,372828,,SV2A,372832,,SV2A,372833,,Control,372837,,Control,372838,,Control,x,,x
Day12+13-20240126+27(33).edf,batch 2,,372830,,SV2A,372829,,SV2A,372828,,SV2A,372832,,SV2A,372833,,Control,372837,,Control,372838,,Control,x,,x
Day12+13-20240126+27(34).edf,batch 2,,372830,,SV2A,372829,,SV2A,372828,,SV2A,372832,,SV2A,372833,,Control,372837,,Control,372838,,Control,x,,x
Day12+13-20240126+27(35).edf,batch 2,,372830,,SV2A,372829,,SV2A,372828,,SV2A,372832,,SV2A,372833,,Control,372837,,Control,372838,,Control,x,,x
Day12+13-20240126+27(36).edf,batch 2,,372830,,SV2A,372829,,SV2A,372828,,SV2A,372832,,SV2A,372833,,Control,372837,,Control,372838,,Control,x,,x
Day12+13-20240126+27(3).edf,batch 2,,372830,,SV2A,372829,,SV2A,372828,,SV2A,372832,,SV2A,372833,,Control,372837,,Control,372838,,Control,x,,x
Day12+13-20240126+27(4).edf,batch 2,,372830,,SV2A,372829,,SV2A,372828,,SV2A,372832,,SV2A,372833,,Control,372837,,Control,372838,,Control,x,,x
Day12+13-20240126+27(5).edf,batch 2,,372830,,SV2A,372829,,SV2A,372828,,SV2A,372832,,SV2A,372833,,Control,372837,,Control,372838,,Control,x,,x
Day12+13-20240126+27(6).edf,batch 2,,372830,,SV2A,372829,,SV2A,372828,,SV2A,372832,,SV2A,372833,,Control,372837,,Control,372838,,Control,x,,x
Day12+13-20240126+27(7).edf,batch 2,,372830,,SV2A,372829,,SV2A,372828,,SV2A,372832,,SV2A,372833,,Control,372837,,Control,372838,,Control,x,,x
Day12+13-20240126+27(8).edf,batch 2,,372830,,SV2A,372829,,SV2A,372828,,SV2A,372832,,SV2A,372833,,Control,372837,,Control,372838,,Control,x,,x
Day12+13-20240126+27(9).edf,batch 2,,372830,,SV2A,372829,,SV2A,372828,,SV2A,372832,,SV2A,372833,,Control,372837,,Control,372838,,Control,x,,x
Day14-20240128(10).edf,batch 2,,372830,,SV2A,372829,,SV2A,372828,,SV2A,372832,,SV2A,372833,,Control,372837,,Control,372838,,Control,x,,x
Day14-20240128(11).edf,batch 2,,372830,,SV2A,372829,,SV2A,372828,,SV2A,372832,,SV2A,372833,,Control,372837,,Control,372838,,Control,x,,x
Day14-20240128(12).edf,batch 2,,372830,,SV2A,372829,,SV2A,372828,,SV2A,372832,,SV2A,372833,,Control,372837,,Control,372838,,Control,x,,x
Day14-20240128(13).edf,batch 2,,372830,,SV2A,372829,,SV2A,372828,,SV2A,372832,,SV2A,372833,,Control,372837,,Control,372838,,Control,x,,x
Day14-20240128(1).edf,batch 2,,372830,,SV2A,372829,,SV2A,372828,,SV2A,372832,,SV2A,372833,,Control,372837,,Control,372838,,Control,x,,x
Day14-20240128(2).edf,batch 2,,372830,,SV2A,372829,,SV2A,372828,,SV2A,372832,,SV2A,372833,,Control,372837,,Control,372838,,Control,x,,x
Day14-20240128(3).edf,batch 2,,372830,,SV2A,372829,,SV2A,372828,,SV2A,372832,,SV2A,372833,,Control,372837,,Control,372838,,Control,x,,x
Day14-20240128(4).edf,batch 2,,372830,,SV2A,372829,,SV2A,372828,,SV2A,372832,,SV2A,372833,,Control,372837,,Control,372838,,Control,x,,x
Day14-20240128(5).edf,batch 2,,372830,,SV2A,372829,,SV2A,372828,,SV2A,372832,,SV2A,372833,,Control,372837,,Control,372838,,Control,x,,x
Day14-20240128(6).edf,batch 2,,372830,,SV2A,372829,,SV2A,372828,,SV2A,372832,,SV2A,372833,,Control,372837,,Control,372838,,Control,x,,x
Day14-20240128(7).edf,batch 2,,372830,,SV2A,372829,,SV2A,372828,,SV2A,372832,,SV2A,372833,,Control,372837,,Control,372838,,Control,x,,x
Day14-20240128(8).edf,batch 2,,372830,,SV2A,372829,,SV2A,372828,,SV2A,372832,,SV2A,372833,,Control,372837,,Control,372838,,Control,x,,x
Day14-20240128(9).edf,batch 2,,372830,,SV2A,372829,,SV2A,372828,,SV2A,372832,,SV2A,372833,,Control,372837,,Control,372838,,Control,x,,x
Day15-20240129(10).edf,batch 2,,372830,,SV2A,372829,,SV2A,372828,,SV2A,372832,,SV2A,372833,,Control,372837,,Control,372838,,Control,x,,x
Day15-20240129(11).edf,batch 2,,372830,,SV2A,372829,,SV2A,372828,,SV2A,372832,,SV2A,372833,,Control,372837,,Control,372838,,Control,x,,x
Day15-20240129(12).edf,batch 2,,372830,,SV2A,372829,,SV2A,372828,,SV2A,372832,,SV2A,372833,,Control,372837,,Control,372838,,Control,x,,x
Day15-20240129(13).edf,batch 2,,372830,,SV2A,372829,,SV2A,372828,,SV2A,372832,,SV2A,372833,,Control,372837,,Control,372838,,Control,x,,x
Day15-20240129(14).edf,batch 2,,372830,,SV2A,372829,,SV2A,372828,,SV2A,372832,,SV2A,372833,,Control,372837,,Control,372838,,Control,x,,x
Day15-20240129(15).edf,batch 2,,372830,,SV2A,372829,,SV2A,372828,,SV2A,372832,,SV2A,372833,,Control,372837,,Control,372838,,Control,x,,x
Day15-20240129(16).edf,batch 2,,372830,,SV2A,372829,,SV2A,372828,,SV2A,372832,,SV2A,372833,,Control,372837,,Control,372838,,Control,x,,x
Day15-20240129(1).edf,batch 2,,372830,,SV2A,372829,,SV2A,372828,,SV2A,372832,,SV2A,372833,,Control,372837,,Control,372838,,Control,x,,x
Day15-20240129(2).edf,batch 2,,372830,,SV2A,372829,,SV2A,372828,,SV2A,372832,,SV2A,372833,,Control,372837,,Control,372838,,Control,x,,x
Day15-20240129(3).edf,batch 2,,372830,,SV2A,372829,,SV2A,372828,,SV2A,372832,,SV2A,372833,,Control,372837,,Control,372838,,Control,x,,x
Day15-20240129(4).edf,batch 2,,372830,,SV2A,372829,,SV2A,372828,,SV2A,372832,,SV2A,372833,,Control,372837,,Control,372838,,Control,x,,x
Day15-20240129(5).edf,batch 2,,372830,,SV2A,372829,,SV2A,372828,,SV2A,372832,,SV2A,372833,,Control,372837,,Control,372838,,Control,x,,x
Day15-20240129(6).edf,batch 2,,372830,,SV2A,372829,,SV2A,372828,,SV2A,372832,,SV2A,372833,,Control,372837,,Control,372838,,Control,x,,x
Day15-20240129(7).edf,batch 2,,372830,,SV2A,372829,,SV2A,372828,,SV2A,372832,,SV2A,372833,,Control,372837,,Control,372838,,Control,x,,x
Day15-20240129(8).edf,batch 2,,372830,,SV2A,372829,,SV2A,372828,,SV2A,372832,,SV2A,372833,,Control,372837,,Control,372838,,Control,x,,x
Day15-20240129(9).edf,batch 2,,372830,,SV2A,372829,,SV2A,372828,,SV2A,372832,,SV2A,372833,,Control,372837,,Control,372838,,Control,x,,x
Day16-20240130(10).edf,batch 2,,372830,,SV2A,372829,,SV2A,372828,,SV2A,372832,,SV2A,372833,,Control,372837,,Control,372838,,Control,x,,x
Day16-20240130(11).edf,batch 2,,372830,,SV2A,372829,,SV2A,372828,,SV2A,372832,,SV2A,372833,,Control,372837,,Control,372838,,Control,x,,x
Day16-20240130(12).edf,batch 2,,372830,,SV2A,372829,,SV2A,372828,,SV2A,372832,,SV2A,372833,,Control,372837,,Control,372838,,Control,x,,x
Day16-20240130(13).edf,batch 2,,372830,,SV2A,372829,,SV2A,372828,,SV2A,372832,,SV2A,372833,,Control,372837,,Control,372838,,Control,x,,x
Day16-20240130(14).edf,batch 2,,372830,,SV2A,372829,,SV2A,372828,,SV2A,372832,,SV2A,372833,,Control,372837,,Control,372838,,Control,x,,x
Day16-20240130(15).edf,batch 2,,372830,,SV2A,372829,,SV2A,372828,,SV2A,372832,,SV2A,372833,,Control,372837,,Control,372838,,Control,x,,x
Day16-20240130(16).edf,batch 2,,372830,,SV2A,372829,,SV2A,372828,,SV2A,372832,,SV2A,372833,,Control,372837,,Control,372838,,Control,x,,x
Day16-20240130(17).edf,batch 2,,372830,,SV2A,372829,,SV2A,372828,,SV2A,372832,,SV2A,372833,,Control,372837,,Control,372838,,Control,x,,x
Day16-20240130(1).edf,batch 2,,372830,,SV2A,372829,,SV2A,372828,,SV2A,372832,,SV2A,372833,,Control,372837,,Control,372838,,Control,x,,x
Day16-20240130(2).edf,batch 2,,372830,,SV2A,372829,,SV2A,372828,,SV2A,372832,,SV2A,372833,,Control,372837,,Control,372838,,Control,x,,x
Day16-20240130(3).edf,batch 2,,372830,,SV2A,372829,,SV2A,372828,,SV2A,372832,,SV2A,372833,,Control,372837,,Control,372838,,Control,x,,x
Day16-20240130(4).edf,batch 2,,372830,,SV2A,372829,,SV2A,372828,,SV2A,372832,,SV2A,372833,,Control,372837,,Control,372838,,Control,x,,x
Day16-20240130(5).edf,batch 2,,372830,,SV2A,372829,,SV2A,372828,,SV2A,372832,,SV2A,372833,,Control,372837,,Control,372838,,Control,x,,x
Day16-20240130(6).edf,batch 2,,372830,,SV2A,372829,,SV2A,372828,,SV2A,372832,,SV2A,372833,,Control,372837,,Control,372838,,Control,x,,x
Day16-20240130(7).edf,batch 2,,372830,,SV2A,372829,,SV2A,372828,,SV2A,372832,,SV2A,372833,,Control,372837,,Control,372838,,Control,x,,x
Day16-20240130(8).edf,batch 2,,372830,,SV2A,372829,,SV2A,372828,,SV2A,372832,,SV2A,372833,,Control,372837,,Control,372838,,Control,x,,x
Day16-20240130(9).edf,batch 2,,372830,,SV2A,372829,,SV2A,372828,,SV2A,372832,,SV2A,372833,,Control,372837,,Control,372838,,Control,x,,x
Day17-20240131(10).edf,batch 2,,372830,,SV2A,372829,,SV2A,372828,,SV2A,372832,,SV2A,372833,,Control,372837,,Control,372838,,Control,x,,x
Day17-20240131(11).edf,batch 2,,372830,,SV2A,372829,,SV2A,372828,,SV2A,372832,,SV2A,372833,,Control,372837,,Control,372838,,Control,x,,x
Day17-20240131(12).edf,batch 2,,372830,,SV2A,372829,,SV2A,372828,,SV2A,372832,,SV2A,372833,,Control,372837,,Control,372838,,Control,x,,x
Day17-20240131(13).edf,batch 2,,372830,,SV2A,372829,,SV2A,372828,,SV2A,372832,,SV2A,372833,,Control,372837,,Control,372838,,Control,x,,x
Day17-20240131(14).edf,batch 2,,372830,,SV2A,372829,,SV2A,372828,,SV2A,372832,,SV2A,372833,,Control,372837,,Control,372838,,Control,x,,x
Day17-20240131(15).edf,batch 2,,372830,,SV2A,372829,,SV2A,372828,,SV2A,372832,,SV2A,372833,,Control,372837,,Control,372838,,Control,x,,x
Day17-20240131(16).edf,batch 2,,372830,,SV2A,372829,,SV2A,372828,,SV2A,372832,,SV2A,372833,,Control,372837,,Control,372838,,Control,x,,x
Day17-20240131(17).edf,batch 2,,372830,,SV2A,372829,,SV2A,372828,,SV2A,372832,,SV2A,372833,,Control,372837,,Control,372838,,Control,x,,x
Day17-20240131(1).edf,batch 2,,372830,,SV2A,372829,,SV2A,372828,,SV2A,372832,,SV2A,372833,,Control,372837,,Control,372838,,Control,x,,x
Day17-20240131(2).edf,batch 2,,372830,,SV2A,372829,,SV2A,372828,,SV2A,372832,,SV2A,372833,,Control,372837,,Control,372838,,Control,x,,x
Day17-20240131(3).edf,batch 2,,372830,,SV2A,372829,,SV2A,372828,,SV2A,372832,,SV2A,372833,,Control,372837,,Control,372838,,Control,x,,x
Day17-20240131(4).edf,batch 2,,372830,,SV2A,372829,,SV2A,372828,,SV2A,372832,,SV2A,372833,,Control,372837,,Control,372838,,Control,x,,x
Day17-20240131(5).edf,batch 2,,372830,,SV2A,372829,,SV2A,372828,,SV2A,372832,,SV2A,372833,,Control,372837,,Control,372838,,Control,x,,x
Day17-20240131(6).edf,batch 2,,372830,,SV2A,372829,,SV2A,372828,,SV2A,372832,,SV2A,372833,,Control,372837,,Control,372838,,Control,x,,x
Day17-20240131(7).edf,batch 2,,372830,,SV2A,372829,,SV2A,372828,,SV2A,372832,,SV2A,372833,,Control,372837,,Control,372838,,Control,x,,x
Day17-20240131(8).edf,batch 2,,372830,,SV2A,372829,,SV2A,372828,,SV2A,372832,,SV2A,372833,,Control,372837,,Control,372838,,Control,x,,x
Day17-20240131(9).edf,batch 2,,372830,,SV2A,372829,,SV2A,372828,,SV2A,372832,,SV2A,372833,,Control,372837,,Control,372838,,Control,x,,x
Day18-20240201(10).edf,batch 2,,372830,,SV2A,372829,,SV2A,372828,,SV2A,372832,,SV2A,372833,,Control,372837,,Control,372838,,Control,x,,x
Day18-20240201(11).edf,batch 2,,372830,,SV2A,372829,,SV2A,372828,,SV2A,372832,,SV2A,372833,,Control,372837,,Control,372838,,Control,x,,x
Day18-20240201(12).edf,batch 2,,372830,,SV2A,372829,,SV2A,372828,,SV2A,372832,,SV2A,372833,,Control,372837,,Control,372838,,Control,x,,x
Day18-20240201(13).edf,batch 2,,372830,,SV2A,372829,,SV2A,372828,,SV2A,372832,,SV2A,372833,,Control,372837,,Control,372838,,Control,x,,x
Day18-20240201(14).edf,batch 2,,372830,,SV2A,372829,,SV2A,372828,,SV2A,372832,,SV2A,372833,,Control,372837,,Control,372838,,Control,x,,x
Day18-20240201(15).edf,batch 2,,372830,,SV2A,372829,,SV2A,372828,,SV2A,372832,,SV2A,372833,,Control,372837,,Control,372838,,Control,x,,x
Day18-20240201(16).edf,batch 2,,372830,,SV2A,372829,,SV2A,372828,,SV2A,372832,,SV2A,372833,,Control,372837,,Control,372838,,Control,x,,x
Day18-20240201(1).edf,batch 2,,372830,,SV2A,372829,,SV2A,372828,,SV2A,372832,,SV2A,372833,,Control,372837,,Control,372838,,Control,x,,x
Day18-20240201(2).edf,batch 2,,372830,,SV2A,372829,,SV2A,372828,,SV2A,372832,,SV2A,372833,,Control,372837,,Control,372838,,Control,x,,x
Day18-20240201(3).edf,batch 2,,372830,,SV2A,372829,,SV2A,372828,,SV2A,372832,,SV2A,372833,,Control,372837,,Control,372838,,Control,x,,x
Day18-20240201(4).edf,batch 2,,372830,,SV2A,372829,,SV2A,372828,,SV2A,372832,,SV2A,372833,,Control,372837,,Control,372838,,Control,x,,x
Day18-20240201(5).edf,batch 2,,372830,,SV2A,372829,,SV2A,372828,,SV2A,372832,,SV2A,372833,,Control,372837,,Control,372838,,Control,x,,x
Day18-20240201(6).edf,batch 2,,372830,,SV2A,372829,,SV2A,372828,,SV2A,372832,,SV2A,372833,,Control,372837,,Control,372838,,Control,x,,x
Day18-20240201(7).edf,batch 2,,372830,,SV2A,372829,,SV2A,372828,,SV2A,372832,,SV2A,372833,,Control,372837,,Control,372838,,Control,x,,x
Day18-20240201(8).edf,batch 2,,372830,,SV2A,372829,,SV2A,372828,,SV2A,372832,,SV2A,372833,,Control,372837,,Control,372838,,Control,x,,x
Day18-20240201(9).edf,batch 2,,372830,,SV2A,372829,,SV2A,372828,,SV2A,372832,,SV2A,372833,,Control,372837,,Control,372838,,Control,x,,x
Day19-20240202(10).edf,batch 2,,372830,,SV2A,372829,,SV2A,372828,,SV2A,372832,,SV2A,372833,,Control,372837,,Control,372838,,Control,x,,x
Day19-20240202(11).edf,batch 2,,372830,,SV2A,372829,,SV2A,372828,,SV2A,372832,,SV2A,372833,,Control,372837,,Control,372838,,Control,x,,x
Day19-20240202(12).edf,batch 2,,372830,,SV2A,372829,,SV2A,372828,,SV2A,372832,,SV2A,372833,,Control,372837,,Control,372838,,Control,x,,x
Day19-20240202(13).edf,batch 2,,372830,,SV2A,372829,,SV2A,372828,,SV2A,372832,,SV2A,372833,,Control,372837,,Control,372838,,Control,x,,x
Day19-20240202(14).edf,batch 2,,372830,,SV2A,372829,,SV2A,372828,,SV2A,372832,,SV2A,372833,,Control,372837,,Control,372838,,Control,x,,x
Day19-20240202(15).edf,batch 2,,372830,,SV2A,372829,,SV2A,372828,,SV2A,372832,,SV2A,372833,,Control,372837,,Control,372838,,Control,x,,x
Day19-20240202(16).edf,batch 2,,372830,,SV2A,372829,,SV2A,372828,,SV2A,372832,,SV2A,372833,,Control,372837,,Control,372838,,Control,x,,x
Day19-20240202(17).edf,batch 2,,372830,,SV2A,372829,,SV2A,372828,,SV2A,372832,,SV2A,372833,,Control,372837,,Control,372838,,Control,x,,x
Day19-20240202(18).edf,batch 2,,372830,,SV2A,372829,,SV2A,372828,,SV2A,372832,,SV2A,372833,,Control,372837,,Control,372838,,Control,x,,x
Day19-20240202(19).edf,batch 2,,372830,,SV2A,372829,,SV2A,372828,,SV2A,372832,,SV2A,372833,,Control,372837,,Control,372838,,Control,x,,x
Day19-20240202(1).edf,batch 2,,372830,,SV2A,372829,,SV2A,372828,,SV2A,372832,,SV2A,372833,,Control,372837,,Control,372838,,Control,x,,x
Day19-20240202(20).edf,batch 2,,372830,,SV2A,372829,,SV2A,372828,,SV2A,372832,,SV2A,372833,,Control,372837,,Control,372838,,Control,x,,x
Day19-20240202(21).edf,batch 2,,372830,,SV2A,372829,,SV2A,372828,,SV2A,372832,,SV2A,372833,,Control,372837,,Control,372838,,Control,x,,x
Day19-20240202(2).edf,batch 2,,372830,,SV2A,372829,,SV2A,372828,,SV2A,372832,,SV2A,372833,,Control,372837,,Control,372838,,Control,x,,x
Day19-20240202(3).edf,batch 2,,372830,,SV2A,372829,,SV2A,372828,,SV2A,372832,,SV2A,372833,,Control,372837,,Control,372838,,Control,x,,x
Day19-20240202(4).edf,batch 2,,372830,,SV2A,372829,,SV2A,372828,,SV2A,372832,,SV2A,372833,,Control,372837,,Control,372838,,Control,x,,x
Day19-20240202(5).edf,batch 2,,372830,,SV2A,372829,,SV2A,372828,,SV2A,372832,,SV2A,372833,,Control,372837,,Control,372838,,Control,x,,x
Day19-20240202(6).edf,batch 2,,372830,,SV2A,372829,,SV2A,372828,,SV2A,372832,,SV2A,372833,,Control,372837,,Control,372838,,Control,x,,x
Day19-20240202(7).edf,batch 2,,372830,,SV2A,372829,,SV2A,372828,,SV2A,372832,,SV2A,372833,,Control,372837,,Control,372838,,Control,x,,x
Day19-20240202(8).edf,batch 2,,372830,,SV2A,372829,,SV2A,372828,,SV2A,372832,,SV2A,372833,,Control,372837,,Control,372838,,Control,x,,x
Day19-20240202(9).edf,batch 2,,372830,,SV2A,372829,,SV2A,372828,,SV2A,372832,,SV2A,372833,,Control,372837,,Control,372838,,Control,x,,x
Day20-20240203(10).edf,batch 2,,372830,,SV2A,372829,,SV2A,372828,,SV2A,372832,,SV2A,372833,,Control,372837,,Control,372838,,Control,x,,x
Day20-20240203(11).edf,batch 2,,372830,,SV2A,372829,,SV2A,372828,,SV2A,372832,,SV2A,372833,,Control,372837,,Control,372838,,Control,x,,x
Day20-20240203(12).edf,batch 2,,372830,,SV2A,372829,,SV2A,372828,,SV2A,372832,,SV2A,372833,,Control,372837,,Control,372838,,Control,x,,x
Day20-20240203(13).edf,batch 2,,372830,,SV2A,372829,,SV2A,372828,,SV2A,372832,,SV2A,372833,,Control,372837,,Control,372838,,Control,x,,x
Day20-20240203(14).edf,batch 2,,372830,,SV2A,372829,,SV2A,372828,,SV2A,372832,,SV2A,372833,,Control,372837,,Control,372838,,Control,x,,x
Day20-20240203(15).edf,batch 2,,372830,,SV2A,372829,,SV2A,372828,,SV2A,372832,,SV2A,372833,,Control,372837,,Control,372838,,Control,x,,x
Day20-20240203(16).edf,batch 2,,372830,,SV2A,372829,,SV2A,372828,,SV2A,372832,,SV2A,372833,,Control,372837,,Control,372838,,Control,x,,x
Day20-20240203(1).edf,batch 2,,372830,,SV2A,372829,,SV2A,372828,,SV2A,372832,,SV2A,372833,,Control,372837,,Control,372838,,Control,x,,x
Day20-20240203(2).edf,batch 2,,372830,,SV2A,372829,,SV2A,372828,,SV2A,372832,,SV2A,372833,,Control,372837,,Control,372838,,Control,x,,x
Day20-20240203(3).edf,batch 2,,372830,,SV2A,372829,,SV2A,372828,,SV2A,372832,,SV2A,372833,,Control,372837,,Control,372838,,Control,x,,x
Day20-20240203(4).edf,batch 2,,372830,,SV2A,372829,,SV2A,372828,,SV2A,372832,,SV2A,372833,,Control,372837,,Control,372838,,Control,x,,x
Day20-20240203(5).edf,batch 2,,372830,,SV2A,372829,,SV2A,372828,,SV2A,372832,,SV2A,372833,,Control,372837,,Control,372838,,Control,x,,x
Day20-20240203(6).edf,batch 2,,372830,,SV2A,372829,,SV2A,372828,,SV2A,372832,,SV2A,372833,,Control,372837,,Control,372838,,Control,x,,x
Day20-20240203(7).edf,batch 2,,372830,,SV2A,372829,,SV2A,372828,,SV2A,372832,,SV2A,372833,,Control,372837,,Control,372838,,Control,x,,x
Day20-20240203(8).edf,batch 2,,372830,,SV2A,372829,,SV2A,372828,,SV2A,372832,,SV2A,372833,,Control,372837,,Control,372838,,Control,x,,x
Day20-20240203(9).edf,batch 2,,372830,,SV2A,372829,,SV2A,372828,,SV2A,372832,,SV2A,372833,,Control,372837,,Control,372838,,Control,x,,x
Day21-20240204(10).edf,batch 2,,372830,,SV2A,372829,,SV2A,372828,,SV2A,372832,,SV2A,372833,,Control,372837,,Control,372838,,Control,x,,x
Day21-20240204(11).edf,batch 2,,372830,,SV2A,372829,,SV2A,372828,,SV2A,372832,,SV2A,372833,,Control,372837,,Control,372838,,Control,x,,x
Day21-20240204(12).edf,batch 2,,372830,,SV2A,372829,,SV2A,372828,,SV2A,372832,,SV2A,372833,,Control,372837,,Control,372838,,Control,x,,x
Day21-20240204(1).edf,batch 2,,372830,,SV2A,372829,,SV2A,372828,,SV2A,372832,,SV2A,372833,,Control,372837,,Control,372838,,Control,x,,x
Day21-20240204(2).edf,batch 2,,372830,,SV2A,372829,,SV2A,372828,,SV2A,372832,,SV2A,372833,,Control,372837,,Control,372838,,Control,x,,x
Day21-20240204(3).edf,batch 2,,372830,,SV2A,372829,,SV2A,372828,,SV2A,372832,,SV2A,372833,,Control,372837,,Control,372838,,Control,x,,x
Day21-20240204(4).edf,batch 2,,372830,,SV2A,372829,,SV2A,372828,,SV2A,372832,,SV2A,372833,,Control,372837,,Control,372838,,Control,x,,x
Day21-20240204(5).edf,batch 2,,372830,,SV2A,372829,,SV2A,372828,,SV2A,372832,,SV2A,372833,,Control,372837,,Control,372838,,Control,x,,x
Day21-20240204(6).edf,batch 2,,372830,,SV2A,372829,,SV2A,372828,,SV2A,372832,,SV2A,372833,,Control,372837,,Control,372838,,Control,x,,x
Day21-20240204(7).edf,batch 2,,372830,,SV2A,372829,,SV2A,372828,,SV2A,372832,,SV2A,372833,,Control,372837,,Control,372838,,Control,x,,x
Day21-20240204(8).edf,batch 2,,372830,,SV2A,372829,,SV2A,372828,,SV2A,372832,,SV2A,372833,,Control,372837,,Control,372838,,Control,x,,x
Day21-20240204(9).edf,batch 2,,372830,,SV2A,372829,,SV2A,372828,,SV2A,372832,,SV2A,372833,,Control,372837,,Control,372838,,Control,x,,x
Day22-20240205(10).edf,batch 2,,372830,,SV2A,372829,,SV2A,372828,,SV2A,372832,,SV2A,372833,,Control,372837,,Control,372838,,Control,x,,x
Day22-20240205(11).edf,batch 2,,372830,,SV2A,372829,,SV2A,372828,,SV2A,372832,,SV2A,372833,,Control,372837,,Control,372838,,Control,x,,x
Day22-20240205(12).edf,batch 2,,372830,,SV2A,372829,,SV2A,372828,,SV2A,372832,,SV2A,372833,,Control,372837,,Control,372838,,Control,x,,x
Day22-20240205(13).edf,batch 2,,372830,,SV2A,372829,,SV2A,372828,,SV2A,372832,,SV2A,372833,,Control,372837,,Control,372838,,Control,x,,x
Day22-20240205(14).edf,batch 2,,372830,,SV2A,372829,,SV2A,372828,,SV2A,372832,,SV2A,372833,,Control,372837,,Control,372838,,Control,x,,x
Day22-20240205(15).edf,batch 2,,372830,,SV2A,372829,,SV2A,372828,,SV2A,372832,,SV2A,372833,,Control,372837,,Control,372838,,Control,x,,x
Day22-20240205(16).edf,batch 2,,372830,,SV2A,372829,,SV2A,372828,,SV2A,372832,,SV2A,372833,,Control,372837,,Control,372838,,Control,x,,x
Day22-20240205(1).edf,batch 2,,372830,,SV2A,372829,,SV2A,372828,,SV2A,372832,,SV2A,372833,,Control,372837,,Control,372838,,Control,x,,x
Day22-20240205(2).edf,batch 2,,372830,,SV2A,372829,,SV2A,372828,,SV2A,372832,,SV2A,372833,,Control,372837,,Control,372838,,Control,x,,x
Day22-20240205(3).edf,batch 2,,372830,,SV2A,372829,,SV2A,372828,,SV2A,372832,,SV2A,372833,,Control,372837,,Control,372838,,Control,x,,x
Day22-20240205(4).edf,batch 2,,372830,,SV2A,372829,,SV2A,372828,,SV2A,372832,,SV2A,372833,,Control,372837,,Control,372838,,Control,x,,x
Day22-20240205(5).edf,batch 2,,372830,,SV2A,372829,,SV2A,372828,,SV2A,372832,,SV2A,372833,,Control,372837,,Control,372838,,Control,x,,x
Day22-20240205(6).edf,batch 2,,372830,,SV2A,372829,,SV2A,372828,,SV2A,372832,,SV2A,372833,,Control,372837,,Control,372838,,Control,x,,x
Day22-20240205(7).edf,batch 2,,372830,,SV2A,372829,,SV2A,372828,,SV2A,372832,,SV2A,372833,,Control,372837,,Control,372838,,Control,x,,x
Day22-20240205(8).edf,batch 2,,372830,,SV2A,372829,,SV2A,372828,,SV2A,372832,,SV2A,372833,,Control,372837,,Control,372838,,Control,x,,x
Day22-20240205(9).edf,batch 2,,372830,,SV2A,372829,,SV2A,372828,,SV2A,372832,,SV2A,372833,,Control,372837,,Control,372838,,Control,x,,x
Day23-20240206(10).edf,batch 2,,372830,,SV2A,372829,,SV2A,372828,,SV2A,372832,,SV2A,372833,,Control,372837,,Control,372838,,Control,x,,x
Day23-20240206(11).edf,batch 2,,372830,,SV2A,372829,,SV2A,372828,,SV2A,372832,,SV2A,372833,,Control,372837,,Control,372838,,Control,x,,x
Day23-20240206(12).edf,batch 2,,372830,,SV2A,372829,,SV2A,372828,,SV2A,372832,,SV2A,372833,,Control,372837,,Control,372838,,Control,x,,x
Day23-20240206(13).edf,batch 2,,372830,,SV2A,372829,,SV2A,372828,,SV2A,372832,,SV2A,372833,,Control,372837,,Control,372838,,Control,x,,x
Day23-20240206(14).edf,batch 2,,372830,,SV2A,372829,,SV2A,372828,,SV2A,372832,,SV2A,372833,,Control,372837,,Control,372838,,Control,x,,x
Day23-20240206(15).edf,batch 2,,372830,,SV2A,372829,,SV2A,372828,,SV2A,372832,,SV2A,372833,,Control,372837,,Control,372838,,Control,x,,x
Day23-20240206(16).edf,batch 2,,372830,,SV2A,372829,,SV2A,372828,,SV2A,372832,,SV2A,372833,,Control,372837,,Control,372838,,Control,x,,x
Day23-20240206(17).edf,batch 2,,372830,,SV2A,372829,,SV2A,372828,,SV2A,372832,,SV2A,372833,,Control,372837,,Control,372838,,Control,x,,x
Day23-20240206(1).edf,batch 2,,372830,,SV2A,372829,,SV2A,372828,,SV2A,372832,,SV2A,372833,,Control,372837,,Control,372838,,Control,x,,x
Day23-20240206(2).edf,batch 2,,372830,,SV2A,372829,,SV2A,372828,,SV2A,372832,,SV2A,372833,,Control,372837,,Control,372838,,Control,x,,x
Day23-20240206(3).edf,batch 2,,372830,,SV2A,372829,,SV2A,372828,,SV2A,372832,,SV2A,372833,,Control,372837,,Control,372838,,Control,x,,x
Day23-20240206(4).edf,batch 2,,372830,,SV2A,372829,,SV2A,372828,,SV2A,372832,,SV2A,372833,,Control,372837,,Control,372838,,Control,x,,x
Day23-20240206(5).edf,batch 2,,372830,,SV2A,372829,,SV2A,372828,,SV2A,372832,,SV2A,372833,,Control,372837,,Control,372838,,Control,x,,x
Day23-20240206(6).edf,batch 2,,372830,,SV2A,372829,,SV2A,372828,,SV2A,372832,,SV2A,372833,,Control,372837,,Control,372838,,Control,x,,x
Day23-20240206(7).edf,batch 2,,372830,,SV2A,372829,,SV2A,372828,,SV2A,372832,,SV2A,372833,,Control,372837,,Control,372838,,Control,x,,x
Day23-20240206(8).edf,batch 2,,372830,,SV2A,372829,,SV2A,372828,,SV2A,372832,,SV2A,372833,,Control,372837,,Control,372838,,Control,x,,x
Day23-20240206(9).edf,batch 2,,372830,,SV2A,372829,,SV2A,372828,,SV2A,372832,,SV2A,372833,,Control,372837,,Control,372838,,Control,x,,x
Day24-20240207(10).edf,batch 2,,372830,,SV2A,372829,,SV2A,372828,,SV2A,372832,,SV2A,372833,,Control,372837,,Control,372838,,Control,x,,x
Day24-20240207(11).edf,batch 2,,372830,,SV2A,372829,,SV2A,372828,,SV2A,372832,,SV2A,372833,,Control,372837,,Control,372838,,Control,x,,x
Day24-20240207(12).edf,batch 2,,372830,,SV2A,372829,,SV2A,372828,,SV2A,372832,,SV2A,372833,,Control,372837,,Control,372838,,Control,x,,x
Day24-20240207(13).edf,batch 2,,372830,,SV2A,372829,,SV2A,372828,,SV2A,372832,,SV2A,372833,,Control,372837,,Control,372838,,Control,x,,x
Day24-20240207(14).edf,batch 2,,372830,,SV2A,372829,,SV2A,372828,,SV2A,372832,,SV2A,372833,,Control,372837,,Control,372838,,Control,x,,x
Day24-20240207(1).edf,batch 2,,372830,,SV2A,372829,,SV2A,372828,,SV2A,372832,,SV2A,372833,,Control,372837,,Control,372838,,Control,x,,x
Day24-20240207(2).edf,batch 2,,372830,,SV2A,372829,,SV2A,372828,,SV2A,372832,,SV2A,372833,,Control,372837,,Control,372838,,Control,x,,x
Day24-20240207(3).edf,batch 2,,372830,,SV2A,372829,,SV2A,372828,,SV2A,372832,,SV2A,372833,,Control,372837,,Control,372838,,Control,x,,x
Day24-20240207(4).edf,batch 2,,372830,,SV2A,372829,,SV2A,372828,,SV2A,372832,,SV2A,372833,,Control,372837,,Control,372838,,Control,x,,x
Day24-20240207(5).edf,batch 2,,372830,,SV2A,372829,,SV2A,372828,,SV2A,372832,,SV2A,372833,,Control,372837,,Control,372838,,Control,x,,x
Day24-20240207(6).edf,batch 2,,372830,,SV2A,372829,,SV2A,372828,,SV2A,372832,,SV2A,372833,,Control,372837,,Control,372838,,Control,x,,x
Day24-20240207(7).edf,batch 2,,372830,,SV2A,372829,,SV2A,372828,,SV2A,372832,,SV2A,372833,,Control,372837,,Control,372838,,Control,x,,x
Day24-20240207(8).edf,batch 2,,372830,,SV2A,372829,,SV2A,372828,,SV2A,372832,,SV2A,372833,,Control,372837,,Control,372838,,Control,x,,x
Day24-20240207(9).edf,batch 2,,372830,,SV2A,372829,,SV2A,372828,,SV2A,372832,,SV2A,372833,,Control,372837,,Control,372838,,Control,x,,x
Day25-20240208(1).edf,batch 2,,372830,,SV2A,372829,,SV2A,372828,,SV2A,372832,,SV2A,372833,,Control,372837,,Control,372838,,Control,x,,x
Day25-20240208(2).edf,batch 2,,372830,,SV2A,372829,,SV2A,372828,,SV2A,372832,,SV2A,372833,,Control,372837,,Control,372838,,Control,x,,x
Day25-20240208(3).edf,batch 2,,372830,,SV2A,372829,,SV2A,372828,,SV2A,372832,,SV2A,372833,,Control,372837,,Control,372838,,Control,x,,x
Day25-20240208(4).edf,batch 2,,372830,,SV2A,372829,,SV2A,372828,,SV2A,372832,,SV2A,372833,,Control,372837,,Control,372838,,Control,x,,x
Day25-20240208(5).edf,batch 2,,372830,,SV2A,372829,,SV2A,372828,,SV2A,372832,,SV2A,372833,,Control,372837,,Control,372838,,Control,x,,x
Day25-20240208(6).edf,batch 2,,372830,,SV2A,372829,,SV2A,372828,,SV2A,372832,,SV2A,372833,,Control,372837,,Control,372838,,Control,x,,x
Day25-20240208(7).edf,batch 2,,372830,,SV2A,372829,,SV2A,372828,,SV2A,372832,,SV2A,372833,,Control,372837,,Control,372838,,Control,x,,x
Day26-20240209(10).edf,batch 2,,372830,,SV2A,372829,,SV2A,372828,,SV2A,372832,,SV2A,372833,,Control,372837,,Control,372838,,Control,x,,x
Day26-20240209(11).edf,batch 2,,372830,,SV2A,372829,,SV2A,372828,,SV2A,372832,,SV2A,372833,,Control,372837,,Control,372838,,Control,x,,x
Day26-20240209(12).edf,batch 2,,372830,,SV2A,372829,,SV2A,372828,,SV2A,372832,,SV2A,372833,,Control,372837,,Control,372838,,Control,x,,x
Day26-20240209(13).edf,batch 2,,372830,,SV2A,372829,,SV2A,372828,,SV2A,372832,,SV2A,372833,,Control,372837,,Control,372838,,Control,x,,x
Day26-20240209(14).edf,batch 2,,372830,,SV2A,372829,,SV2A,372828,,SV2A,372832,,SV2A,372833,,Control,372837,,Control,372838,,Control,x,,x
Day26-20240209(15).edf,batch 2,,372830,,SV2A,372829,,SV2A,372828,,SV2A,372832,,SV2A,372833,,Control,372837,,Control,372838,,Control,x,,x
Day26-20240209(16).edf,batch 2,,372830,,SV2A,372829,,SV2A,372828,,SV2A,372832,,SV2A,372833,,Control,372837,,Control,372838,,Control,x,,x
Day26-20240209(17).edf,batch 2,,372830,,SV2A,372829,,SV2A,372828,,SV2A,372832,,SV2A,372833,,Control,372837,,Control,372838,,Control,x,,x
Day26-20240209(18).edf,batch 2,,372830,,SV2A,372829,,SV2A,372828,,SV2A,372832,,SV2A,372833,,Control,372837,,Control,372838,,Control,x,,x
Day26-20240209(1).edf,batch 2,,372830,,SV2A,372829,,SV2A,372828,,SV2A,372832,,SV2A,372833,,Control,372837,,Control,372838,,Control,x,,x
Day26-20240209(2).edf,batch 2,,372830,,SV2A,372829,,SV2A,372828,,SV2A,372832,,SV2A,372833,,Control,372837,,Control,372838,,Control,x,,x
Day26-20240209(3).edf,batch 2,,372830,,SV2A,372829,,SV2A,372828,,SV2A,372832,,SV2A,372833,,Control,372837,,Control,372838,,Control,x,,x
Day26-20240209(4).edf,batch 2,,372830,,SV2A,372829,,SV2A,372828,,SV2A,372832,,SV2A,372833,,Control,372837,,Control,372838,,Control,x,,x
Day26-20240209(5).edf,batch 2,,372830,,SV2A,372829,,SV2A,372828,,SV2A,372832,,SV2A,372833,,Control,372837,,Control,372838,,Control,x,,x
Day26-20240209(6).edf,batch 2,,372830,,SV2A,372829,,SV2A,372828,,SV2A,372832,,SV2A,372833,,Control,372837,,Control,372838,,Control,x,,x
Day26-20240209(7).edf,batch 2,,372830,,SV2A,372829,,SV2A,372828,,SV2A,372832,,SV2A,372833,,Control,372837,,Control,372838,,Control,x,,x
Day26-20240209(8).edf,batch 2,,372830,,SV2A,372829,,SV2A,372828,,SV2A,372832,,SV2A,372833,,Control,372837,,Control,372838,,Control,x,,x
Day26-20240209(9).edf,batch 2,,372830,,SV2A,372829,,SV2A,372828,,SV2A,372832,,SV2A,372833,,Control,372837,,Control,372838,,Control,x,,x
Day27-20240210(10).edf,batch 2,,372830,,SV2A,372829,,SV2A,372828,,SV2A,372832,,SV2A,372833,,Control,372837,,Control,372838,,Control,x,,x
Day27-20240210(11).edf,batch 2,,372830,,SV2A,372829,,SV2A,372828,,SV2A,372832,,SV2A,372833,,Control,372837,,Control,372838,,Control,x,,x
Day27-20240210(12).edf,batch 2,,372830,,SV2A,372829,,SV2A,372828,,SV2A,372832,,SV2A,372833,,Control,372837,,Control,372838,,Control,x,,x
Day27-20240210(13).edf,batch 2,,372830,,SV2A,372829,,SV2A,372828,,SV2A,372832,,SV2A,372833,,Control,372837,,Control,372838,,Control,x,,x
Day27-20240210(14).edf,batch 2,,372830,,SV2A,372829,,SV2A,372828,,SV2A,372832,,SV2A,372833,,Control,372837,,Control,372838,,Control,x,,x
Day27-20240210(15).edf,batch 2,,372830,,SV2A,372829,,SV2A,372828,,SV2A,372832,,SV2A,372833,,Control,372837,,Control,372838,,Control,x,,x
Day27-20240210(16).edf,batch 2,,372830,,SV2A,372829,,SV2A,372828,,SV2A,372832,,SV2A,372833,,Control,372837,,Control,372838,,Control,x,,x
Day27-20240210(17).edf,batch 2,,372830,,SV2A,372829,,SV2A,372828,,SV2A,372832,,SV2A,372833,,Control,372837,,Control,372838,,Control,x,,x
Day27-20240210(18).edf,batch 2,,372830,,SV2A,372829,,SV2A,372828,,SV2A,372832,,SV2A,372833,,Control,372837,,Control,372838,,Control,x,,x
Day27-20240210(19).edf,batch 2,,372830,,SV2A,372829,,SV2A,372828,,SV2A,372832,,SV2A,372833,,Control,372837,,Control,372838,,Control,x,,x
Day27-20240210(1).edf,batch 2,,372830,,SV2A,372829,,SV2A,372828,,SV2A,372832,,SV2A,372833,,Control,372837,,Control,372838,,Control,x,,x
Day27-20240210(20).edf,batch 2,,372830,,SV2A,372829,,SV2A,372828,,SV2A,372832,,SV2A,372833,,Control,372837,,Control,372838,,Control,x,,x
Day27-20240210(21).edf,batch 2,,372830,,SV2A,372829,,SV2A,372828,,SV2A,372832,,SV2A,372833,,Control,372837,,Control,372838,,Control,x,,x
Day27-20240210(2).edf,batch 2,,372830,,SV2A,372829,,SV2A,372828,,SV2A,372832,,SV2A,372833,,Control,372837,,Control,372838,,Control,x,,x
Day27-20240210(3).edf,batch 2,,372830,,SV2A,372829,,SV2A,372828,,SV2A,372832,,SV2A,372833,,Control,372837,,Control,372838,,Control,x,,x
Day27-20240210(4).edf,batch 2,,372830,,SV2A,372829,,SV2A,372828,,SV2A,372832,,SV2A,372833,,Control,372837,,Control,372838,,Control,x,,x
Day27-20240210(5).edf,batch 2,,372830,,SV2A,372829,,SV2A,372828,,SV2A,372832,,SV2A,372833,,Control,372837,,Control,372838,,Control,x,,x
Day27-20240210(6).edf,batch 2,,372830,,SV2A,372829,,SV2A,372828,,SV2A,372832,,SV2A,372833,,Control,372837,,Control,372838,,Control,x,,x
Day27-20240210(7).edf,batch 2,,372830,,SV2A,372829,,SV2A,372828,,SV2A,372832,,SV2A,372833,,Control,372837,,Control,372838,,Control,x,,x
Day27-20240210(8).edf,batch 2,,372830,,SV2A,372829,,SV2A,372828,,SV2A,372832,,SV2A,372833,,Control,372837,,Control,372838,,Control,x,,x
Day27-20240210(9).edf,batch 2,,372830,,SV2A,372829,,SV2A,372828,,SV2A,372832,,SV2A,372833,,Control,372837,,Control,372838,,Control,x,,x
Day28-20240211(10).edf,batch 2,,372830,,SV2A,372829,,SV2A,372828,,SV2A,372832,,SV2A,372833,,Control,372837,,Control,372838,,Control,x,,x
Day28-20240211(11).edf,batch 2,,372830,,SV2A,372829,,SV2A,372828,,SV2A,372832,,SV2A,372833,,Control,372837,,Control,372838,,Control,x,,x
Day28-20240211(12).edf,batch 2,,372830,,SV2A,372829,,SV2A,372828,,SV2A,372832,,SV2A,372833,,Control,372837,,Control,372838,,Control,x,,x
Day28-20240211(13).edf,batch 2,,372830,,SV2A,372829,,SV2A,372828,,SV2A,372832,,SV2A,372833,,Control,372837,,Control,372838,,Control,x,,x
Day28-20240211(14).edf,batch 2,,372830,,SV2A,372829,,SV2A,372828,,SV2A,372832,,SV2A,372833,,Control,372837,,Control,372838,,Control,x,,x
Day28-20240211(1).edf,batch 2,,372830,,SV2A,372829,,SV2A,372828,,SV2A,372832,,SV2A,372833,,Control,372837,,Control,372838,,Control,x,,x
Day28-20240211(2).edf,batch 2,,372830,,SV2A,372829,,SV2A,372828,,SV2A,372832,,SV2A,372833,,Control,372837,,Control,372838,,Control,x,,x
Day28-20240211(3).edf,batch 2,,372830,,SV2A,372829,,SV2A,372828,,SV2A,372832,,SV2A,372833,,Control,372837,,Control,372838,,Control,x,,x
Day28-20240211(4).edf,batch 2,,372830,,SV2A,372829,,SV2A,372828,,SV2A,372832,,SV2A,372833,,Control,372837,,Control,372838,,Control,x,,x
Day28-20240211(5).edf,batch 2,,372830,,SV2A,372829,,SV2A,372828,,SV2A,372832,,SV2A,372833,,Control,372837,,Control,372838,,Control,x,,x
Day28-20240211(6).edf,batch 2,,372830,,SV2A,372829,,SV2A,372828,,SV2A,372832,,SV2A,372833,,Control,372837,,Control,372838,,Control,x,,x
Day28-20240211(7).edf,batch 2,,372830,,SV2A,372829,,SV2A,372828,,SV2A,372832,,SV2A,372833,,Control,372837,,Control,372838,,Control,x,,x
Day28-20240211(8).edf,batch 2,,372830,,SV2A,372829,,SV2A,372828,,SV2A,372832,,SV2A,372833,,Control,372837,,Control,372838,,Control,x,,x
Day28-20240211(9).edf,batch 2,,372830,,SV2A,372829,,SV2A,372828,,SV2A,372832,,SV2A,372833,,Control,372837,,Control,372838,,Control,x,,x
Day29-20240212(10).edf,batch 2,,372830,,SV2A,372829,,SV2A,372828,,SV2A,372832,,SV2A,372833,,Control,372837,,Control,372838,,Control,x,,x
Day29-20240212(11).edf,batch 2,,372830,,SV2A,372829,,SV2A,372828,,SV2A,372832,,SV2A,372833,,Control,372837,,Control,372838,,Control,x,,x
Day29-20240212(12).edf,batch 2,,372830,,SV2A,372829,,SV2A,372828,,SV2A,372832,,SV2A,372833,,Control,372837,,Control,372838,,Control,x,,x
Day29-20240212(13).edf,batch 2,,372830,,SV2A,372829,,SV2A,372828,,SV2A,372832,,SV2A,372833,,Control,372837,,Control,372838,,Control,x,,x
Day29-20240212(14).edf,batch 2,,372830,,SV2A,372829,,SV2A,372828,,SV2A,372832,,SV2A,372833,,Control,372837,,Control,372838,,Control,x,,x
Day29-20240212(1).edf,batch 2,,372830,,SV2A,372829,,SV2A,372828,,SV2A,372832,,SV2A,372833,,Control,372837,,Control,372838,,Control,x,,x
Day29-20240212(2).edf,batch 2,,372830,,SV2A,372829,,SV2A,372828,,SV2A,372832,,SV2A,372833,,Control,372837,,Control,372838,,Control,x,,x
Day29-20240212(3).edf,batch 2,,372830,,SV2A,372829,,SV2A,372828,,SV2A,372832,,SV2A,372833,,Control,372837,,Control,372838,,Control,x,,x
Day29-20240212(4).edf,batch 2,,372830,,SV2A,372829,,SV2A,372828,,SV2A,372832,,SV2A,372833,,Control,372837,,Control,372838,,Control,x,,x
Day29-20240212(5).edf,batch 2,,372830,,SV2A,372829,,SV2A,372828,,SV2A,372832,,SV2A,372833,,Control,372837,,Control,372838,,Control,x,,x
Day29-20240212(6).edf,batch 2,,372830,,SV2A,372829,,SV2A,372828,,SV2A,372832,,SV2A,372833,,Control,372837,,Control,372838,,Control,x,,x
Day29-20240212(7).edf,batch 2,,372830,,SV2A,372829,,SV2A,372828,,SV2A,372832,,SV2A,372833,,Control,372837,,Control,372838,,Control,x,,x
Day29-20240212(8).edf,batch 2,,372830,,SV2A,372829,,SV2A,372828,,SV2A,372832,,SV2A,372833,,Control,372837,,Control,372838,,Control,x,,x
Day29-20240212(9).edf,batch 2,,372830,,SV2A,372829,,SV2A,372828,,SV2A,372832,,SV2A,372833,,Control,372837,,Control,372838,,Control,x,,x
Day30-20240213(10).edf,batch 2,,372830,,SV2A,372829,,SV2A,372828,,SV2A,372832,,SV2A,372833,,Control,372837,,Control,372838,,Control,x,,x
Day30-20240213(11).edf,batch 2,,372830,,SV2A,372829,,SV2A,372828,,SV2A,372832,,SV2A,372833,,Control,372837,,Control,372838,,Control,x,,x
Day30-20240213(12).edf,batch 2,,372830,,SV2A,372829,,SV2A,372828,,SV2A,372832,,SV2A,372833,,Control,372837,,Control,372838,,Control,x,,x
Day30-20240213(13).edf,batch 2,,372830,,SV2A,372829,,SV2A,372828,,SV2A,372832,,SV2A,372833,,Control,372837,,Control,372838,,Control,x,,x
Day30-20240213(14).edf,batch 2,,372830,,SV2A,372829,,SV2A,372828,,SV2A,372832,,SV2A,372833,,Control,372837,,Control,372838,,Control,x,,x
Day30-20240213(15).edf,batch 2,,372830,,SV2A,372829,,SV2A,372828,,SV2A,372832,,SV2A,372833,,Control,372837,,Control,372838,,Control,x,,x
Day30-20240213(16).edf,batch 2,,372830,,SV2A,372829,,SV2A,372828,,SV2A,372832,,SV2A,372833,,Control,372837,,Control,372838,,Control,x,,x
Day30-20240213(17).edf,batch 2,,372830,,SV2A,372829,,SV2A,372828,,SV2A,372832,,SV2A,372833,,Control,372837,,Control,372838,,Control,x,,x
Day30-20240213(18).edf,batch 2,,372830,,SV2A,372829,,SV2A,372828,,SV2A,372832,,SV2A,372833,,Control,372837,,Control,372838,,Control,x,,x
Day30-20240213(1).edf,batch 2,,372830,,SV2A,372829,,SV2A,372828,,SV2A,372832,,SV2A,372833,,Control,372837,,Control,372838,,Control,x,,x
Day30-20240213(2).edf,batch 2,,372830,,SV2A,372829,,SV2A,372828,,SV2A,372832,,SV2A,372833,,Control,372837,,Control,372838,,Control,x,,x
Day30-20240213(3).edf,batch 2,,372830,,SV2A,372829,,SV2A,372828,,SV2A,372832,,SV2A,372833,,Control,372837,,Control,372838,,Control,x,,x
Day30-20240213(4).edf,batch 2,,372830,,SV2A,372829,,SV2A,372828,,SV2A,372832,,SV2A,372833,,Control,372837,,Control,372838,,Control,x,,x
Day30-20240213(5).edf,batch 2,,372830,,SV2A,372829,,SV2A,372828,,SV2A,372832,,SV2A,372833,,Control,372837,,Control,372838,,Control,x,,x
Day30-20240213(6).edf,batch 2,,372830,,SV2A,372829,,SV2A,372828,,SV2A,372832,,SV2A,372833,,Control,372837,,Control,372838,,Control,x,,x
Day30-20240213(7).edf,batch 2,,372830,,SV2A,372829,,SV2A,372828,,SV2A,372832,,SV2A,372833,,Control,372837,,Control,372838,,Control,x,,x
Day30-20240213(8).edf,batch 2,,372830,,SV2A,372829,,SV2A,372828,,SV2A,372832,,SV2A,372833,,Control,372837,,Control,372838,,Control,x,,x
Day30-20240213(9).edf,batch 2,,372830,,SV2A,372829,,SV2A,372828,,SV2A,372832,,SV2A,372833,,Control,372837,,Control,372838,,Control,x,,x
Day31+32-20240214(10).edf,batch 2,,372830,,SV2A,372829,,SV2A,372828,,SV2A,372832,,SV2A,372833,,Control,372837,,Control,372838,,Control,x,,x
Day31+32-20240214(11).edf,batch 2,,372830,,SV2A,372829,,SV2A,372828,,SV2A,372832,,SV2A,372833,,Control,372837,,Control,372838,,Control,x,,x
Day31+32-20240214(12).edf,batch 2,,372830,,SV2A,372829,,SV2A,372828,,SV2A,372832,,SV2A,372833,,Control,372837,,Control,372838,,Control,x,,x
Day31+32-20240214(13).edf,batch 2,,372830,,SV2A,372829,,SV2A,372828,,SV2A,372832,,SV2A,372833,,Control,372837,,Control,372838,,Control,x,,x
Day31+32-20240214(14).edf,batch 2,,372830,,SV2A,372829,,SV2A,372828,,SV2A,372832,,SV2A,372833,,Control,372837,,Control,372838,,Control,x,,x
Day31+32-20240214(15).edf,batch 2,,372830,,SV2A,372829,,SV2A,372828,,SV2A,372832,,SV2A,372833,,Control,372837,,Control,372838,,Control,x,,x
Day31+32-20240214(16).edf,batch 2,,372830,,SV2A,372829,,SV2A,372828,,SV2A,372832,,SV2A,372833,,Control,372837,,Control,372838,,Control,x,,x
Day31+32-20240214(17).edf,batch 2,,372830,,SV2A,372829,,SV2A,372828,,SV2A,372832,,SV2A,372833,,Control,372837,,Control,372838,,Control,x,,x
Day31+32-20240214(18).edf,batch 2,,372830,,SV2A,372829,,SV2A,372828,,SV2A,372832,,SV2A,372833,,Control,372837,,Control,372838,,Control,x,,x
Day31+32-20240214(19).edf,batch 2,,372830,,SV2A,372829,,SV2A,372828,,SV2A,372832,,SV2A,372833,,Control,372837,,Control,372838,,Control,x,,x
Day31+32-20240214(1).edf,batch 2,,372830,,SV2A,372829,,SV2A,372828,,SV2A,372832,,SV2A,372833,,Control,372837,,Control,372838,,Control,x,,x
Day31+32-20240214(20).edf,batch 2,,372830,,SV2A,372829,,SV2A,372828,,SV2A,372832,,SV2A,372833,,Control,372837,,Control,372838,,Control,x,,x
Day31+32-20240214(21).edf,batch 2,,372830,,SV2A,372829,,SV2A,372828,,SV2A,372832,,SV2A,372833,,Control,372837,,Control,372838,,Control,x,,x
Day31+32-20240214(22).edf,batch 2,,372830,,SV2A,372829,,SV2A,372828,,SV2A,372832,,SV2A,372833,,Control,372837,,Control,372838,,Control,x,,x
Day31+32-20240214(23).edf,batch 2,,372830,,SV2A,372829,,SV2A,372828,,SV2A,372832,,SV2A,372833,,Control,372837,,Control,372838,,Control,x,,x
Day31+32-20240214(24).edf,batch 2,,372830,,SV2A,372829,,SV2A,372828,,SV2A,372832,,SV2A,372833,,Control,372837,,Control,372838,,Control,x,,x
Day31+32-20240214(25).edf,batch 2,,372830,,SV2A,372829,,SV2A,372828,,SV2A,372832,,SV2A,372833,,Control,372837,,Control,372838,,Control,x,,x
Day31+32-20240214(26).edf,batch 2,,372830,,SV2A,372829,,SV2A,372828,,SV2A,372832,,SV2A,372833,,Control,372837,,Control,372838,,Control,x,,x
Day31+32-20240214(27).edf,batch 2,,372830,,SV2A,372829,,SV2A,372828,,SV2A,372832,,SV2A,372833,,Control,372837,,Control,372838,,Control,x,,x
Day31+32-20240214(28).edf,batch 2,,372830,,SV2A,372829,,SV2A,372828,,SV2A,372832,,SV2A,372833,,Control,372837,,Control,372838,,Control,x,,x
Day31+32-20240214(29).edf,batch 2,,372830,,SV2A,372829,,SV2A,372828,,SV2A,372832,,SV2A,372833,,Control,372837,,Control,372838,,Control,x,,x
Day31+32-20240214(2).edf,batch 2,,372830,,SV2A,372829,,SV2A,372828,,SV2A,372832,,SV2A,372833,,Control,372837,,Control,372838,,Control,x,,x
Day31+32-20240214(30).edf,batch 2,,372830,,SV2A,372829,,SV2A,372828,,SV2A,372832,,SV2A,372833,,Control,372837,,Control,372838,,Control,x,,x
Day31+32-20240214(31).edf,batch 2,,372830,,SV2A,372829,,SV2A,372828,,SV2A,372832,,SV2A,372833,,Control,372837,,Control,372838,,Control,x,,x
Day31+32-20240214(3).edf,batch 2,,372830,,SV2A,372829,,SV2A,372828,,SV2A,372832,,SV2A,372833,,Control,372837,,Control,372838,,Control,x,,x
Day31+32-20240214(4).edf,batch 2,,372830,,SV2A,372829,,SV2A,372828,,SV2A,372832,,SV2A,372833,,Control,372837,,Control,372838,,Control,x,,x
Day31+32-20240214(5).edf,batch 2,,372830,,SV2A,372829,,SV2A,372828,,SV2A,372832,,SV2A,372833,,Control,372837,,Control,372838,,Control,x,,x
Day31+32-20240214(6).edf,batch 2,,372830,,SV2A,372829,,SV2A,372828,,SV2A,372832,,SV2A,372833,,Control,372837,,Control,372838,,Control,x,,x
Day31+32-20240214(7).edf,batch 2,,372830,,SV2A,372829,,SV2A,372828,,SV2A,372832,,SV2A,372833,,Control,372837,,Control,372838,,Control,x,,x
Day31+32-20240214(8).edf,batch 2,,372830,,SV2A,372829,,SV2A,372828,,SV2A,372832,,SV2A,372833,,Control,372837,,Control,372838,,Control,x,,x
Day31+32-20240214(9).edf,batch 2,,372830,,SV2A,372829,,SV2A,372828,,SV2A,372832,,SV2A,372833,,Control,372837,,Control,372838,,Control,x,,x
Day33+34-20240216(10).edf,batch 2,,372830,,SV2A,372829,,SV2A,372828,,SV2A,372832,,SV2A,372833,,Control,372837,,Control,372838,,Control,x,,x
Day33+34-20240216(11).edf,batch 2,,372830,,SV2A,372829,,SV2A,372828,,SV2A,372832,,SV2A,372833,,Control,372837,,Control,372838,,Control,x,,x
Day33+34-20240216(12).edf,batch 2,,372830,,SV2A,372829,,SV2A,372828,,SV2A,372832,,SV2A,372833,,Control,372837,,Control,372838,,Control,x,,x
Day33+34-20240216(13).edf,batch 2,,372830,,SV2A,372829,,SV2A,372828,,SV2A,372832,,SV2A,372833,,Control,372837,,Control,372838,,Control,x,,x
Day33+34-20240216(14).edf,batch 2,,372830,,SV2A,372829,,SV2A,372828,,SV2A,372832,,SV2A,372833,,Control,372837,,Control,372838,,Control,x,,x
Day33+34-20240216(15).edf,batch 2,,372830,,SV2A,372829,,SV2A,372828,,SV2A,372832,,SV2A,372833,,Control,372837,,Control,372838,,Control,x,,x
Day33+34-20240216(16).edf,batch 2,,372830,,SV2A,372829,,SV2A,372828,,SV2A,372832,,SV2A,372833,,Control,372837,,Control,372838,,Control,x,,x
Day33+34-20240216(17).edf,batch 2,,372830,,SV2A,372829,,SV2A,372828,,SV2A,372832,,SV2A,372833,,Control,372837,,Control,372838,,Control,x,,x
Day33+34-20240216(18).edf,batch 2,,372830,,SV2A,372829,,SV2A,372828,,SV2A,372832,,SV2A,372833,,Control,372837,,Control,372838,,Control,x,,x
Day33+34-20240216(19).edf,batch 2,,372830,,SV2A,372829,,SV2A,372828,,SV2A,372832,,SV2A,372833,,Control,372837,,Control,372838,,Control,x,,x
Day33+34-20240216(1).edf,batch 2,,372830,,SV2A,372829,,SV2A,372828,,SV2A,372832,,SV2A,372833,,Control,372837,,Control,372838,,Control,x,,x
Day33+34-20240216(20).edf,batch 2,,372830,,SV2A,372829,,SV2A,372828,,SV2A,372832,,SV2A,372833,,Control,372837,,Control,372838,,Control,x,,x
Day33+34-20240216(21).edf,batch 2,,372830,,SV2A,372829,,SV2A,372828,,SV2A,372832,,SV2A,372833,,Control,372837,,Control,372838,,Control,x,,x
Day33+34-20240216(22).edf,batch 2,,372830,,SV2A,372829,,SV2A,372828,,SV2A,372832,,SV2A,372833,,Control,372837,,Control,372838,,Control,x,,x
Day33+34-20240216(23).edf,batch 2,,372830,,SV2A,372829,,SV2A,372828,,SV2A,372832,,SV2A,372833,,Control,372837,,Control,372838,,Control,x,,x
Day33+34-20240216(24).edf,batch 2,,372830,,SV2A,372829,,SV2A,372828,,SV2A,372832,,SV2A,372833,,Control,372837,,Control,372838,,Control,x,,x
Day33+34-20240216(25).edf,batch 2,,372830,,SV2A,372829,,SV2A,372828,,SV2A,372832,,SV2A,372833,,Control,372837,,Control,372838,,Control,x,,x
Day33+34-20240216(26).edf,batch 2,,372830,,SV2A,372829,,SV2A,372828,,SV2A,372832,,SV2A,372833,,Control,372837,,Control,372838,,Control,x,,x
Day33+34-20240216(27).edf,batch 2,,372830,,SV2A,372829,,SV2A,372828,,SV2A,372832,,SV2A,372833,,Control,372837,,Control,372838,,Control,x,,x
Day33+34-20240216(28).edf,batch 2,,372830,,SV2A,372829,,SV2A,372828,,SV2A,372832,,SV2A,372833,,Control,372837,,Control,372838,,Control,x,,x
Day33+34-20240216(29).edf,batch 2,,372830,,SV2A,372829,,SV2A,372828,,SV2A,372832,,SV2A,372833,,Control,372837,,Control,372838,,Control,x,,x
Day33+34-20240216(2).edf,batch 2,,372830,,SV2A,372829,,SV2A,372828,,SV2A,372832,,SV2A,372833,,Control,372837,,Control,372838,,Control,x,,x
Day33+34-20240216(30).edf,batch 2,,372830,,SV2A,372829,,SV2A,372828,,SV2A,372832,,SV2A,372833,,Control,372837,,Control,372838,,Control,x,,x
Day33+34-20240216(31).edf,batch 2,,372830,,SV2A,372829,,SV2A,372828,,SV2A,372832,,SV2A,372833,,Control,372837,,Control,372838,,Control,x,,x
Day33+34-20240216(32).edf,batch 2,,372830,,SV2A,372829,,SV2A,372828,,SV2A,372832,,SV2A,372833,,Control,372837,,Control,372838,,Control,x,,x
Day33+34-20240216(33).edf,batch 2,,372830,,SV2A,372829,,SV2A,372828,,SV2A,372832,,SV2A,372833,,Control,372837,,Control,372838,,Control,x,,x
Day33+34-20240216(3).edf,batch 2,,372830,,SV2A,372829,,SV2A,372828,,SV2A,372832,,SV2A,372833,,Control,372837,,Control,372838,,Control,x,,x
Day33+34-20240216(4).edf,batch 2,,372830,,SV2A,372829,,SV2A,372828,,SV2A,372832,,SV2A,372833,,Control,372837,,Control,372838,,Control,x,,x
Day33+34-20240216(5).edf,batch 2,,372830,,SV2A,372829,,SV2A,372828,,SV2A,372832,,SV2A,372833,,Control,372837,,Control,372838,,Control,x,,x
Day33+34-20240216(6).edf,batch 2,,372830,,SV2A,372829,,SV2A,372828,,SV2A,372832,,SV2A,372833,,Control,372837,,Control,372838,,Control,x,,x
Day33+34-20240216(7).edf,batch 2,,372830,,SV2A,372829,,SV2A,372828,,SV2A,372832,,SV2A,372833,,Control,372837,,Control,372838,,Control,x,,x
Day33+34-20240216(8).edf,batch 2,,372830,,SV2A,372829,,SV2A,372828,,SV2A,372832,,SV2A,372833,,Control,372837,,Control,372838,,Control,x,,x
Day33+34-20240216(9).edf,batch 2,,372830,,SV2A,372829,,SV2A,372828,,SV2A,372832,,SV2A,372833,,Control,372837,,Control,372838,,Control,x,,x
Day35-20240218(10).edf,batch 2,,372830,,SV2A,372829,,SV2A,372828,,SV2A,372832,,SV2A,372833,,Control,372837,,Control,372838,,Control,x,,x
Day35-20240218(11).edf,batch 2,,372830,,SV2A,372829,,SV2A,372828,,SV2A,372832,,SV2A,372833,,Control,372837,,Control,372838,,Control,x,,x
Day35-20240218(12).edf,batch 2,,372830,,SV2A,372829,,SV2A,372828,,SV2A,372832,,SV2A,372833,,Control,372837,,Control,372838,,Control,x,,x
Day35-20240218(13).edf,batch 2,,372830,,SV2A,372829,,SV2A,372828,,SV2A,372832,,SV2A,372833,,Control,372837,,Control,372838,,Control,x,,x
Day35-20240218(14).edf,batch 2,,372830,,SV2A,372829,,SV2A,372828,,SV2A,372832,,SV2A,372833,,Control,372837,,Control,372838,,Control,x,,x
Day35-20240218(15).edf,batch 2,,372830,,SV2A,372829,,SV2A,372828,,SV2A,372832,,SV2A,372833,,Control,372837,,Control,372838,,Control,x,,x
Day35-20240218(16).edf,batch 2,,372830,,SV2A,372829,,SV2A,372828,,SV2A,372832,,SV2A,372833,,Control,372837,,Control,372838,,Control,x,,x
Day35-20240218(17).edf,batch 2,,372830,,SV2A,372829,,SV2A,372828,,SV2A,372832,,SV2A,372833,,Control,372837,,Control,372838,,Control,x,,x
Day35-20240218(18).edf,batch 2,,372830,,SV2A,372829,,SV2A,372828,,SV2A,372832,,SV2A,372833,,Control,372837,,Control,372838,,Control,x,,x
Day35-20240218(1).edf,batch 2,,372830,,SV2A,372829,,SV2A,372828,,SV2A,372832,,SV2A,372833,,Control,372837,,Control,372838,,Control,x,,x
Day35-20240218(2).edf,batch 2,,372830,,SV2A,372829,,SV2A,372828,,SV2A,372832,,SV2A,372833,,Control,372837,,Control,372838,,Control,x,,x
Day35-20240218(3).edf,batch 2,,372830,,SV2A,372829,,SV2A,372828,,SV2A,372832,,SV2A,372833,,Control,372837,,Control,372838,,Control,x,,x
Day35-20240218(4).edf,batch 2,,372830,,SV2A,372829,,SV2A,372828,,SV2A,372832,,SV2A,372833,,Control,372837,,Control,372838,,Control,x,,x
Day35-20240218(5).edf,batch 2,,372830,,SV2A,372829,,SV2A,372828,,SV2A,372832,,SV2A,372833,,Control,372837,,Control,372838,,Control,x,,x
Day35-20240218(6).edf,batch 2,,372830,,SV2A,372829,,SV2A,372828,,SV2A,372832,,SV2A,372833,,Control,372837,,Control,372838,,Control,x,,x
Day35-20240218(7).edf,batch 2,,372830,,SV2A,372829,,SV2A,372828,,SV2A,372832,,SV2A,372833,,Control,372837,,Control,372838,,Control,x,,x
Day35-20240218(8).edf,batch 2,,372830,,SV2A,372829,,SV2A,372828,,SV2A,372832,,SV2A,372833,,Control,372837,,Control,372838,,Control,x,,x
Day35-20240218(9).edf,batch 2,,372830,,SV2A,372829,,SV2A,372828,,SV2A,372832,,SV2A,372833,,Control,372837,,Control,372838,,Control,x,,x
Day36-20240219(10).edf,batch 2,,372830,,SV2A,372829,,SV2A,372828,,SV2A,372832,,SV2A,372833,,Control,372837,,Control,372838,,Control,x,,x
Day36-20240219(11).edf,batch 2,,372830,,SV2A,372829,,SV2A,372828,,SV2A,372832,,SV2A,372833,,Control,372837,,Control,372838,,Control,x,,x
Day36-20240219(12).edf,batch 2,,372830,,SV2A,372829,,SV2A,372828,,SV2A,372832,,SV2A,372833,,Control,372837,,Control,372838,,Control,x,,x
Day36-20240219(13).edf,batch 2,,372830,,SV2A,372829,,SV2A,372828,,SV2A,372832,,SV2A,372833,,Control,372837,,Control,372838,,Control,x,,x
Day36-20240219(1).edf,batch 2,,372830,,SV2A,372829,,SV2A,372828,,SV2A,372832,,SV2A,372833,,Control,372837,,Control,372838,,Control,x,,x
Day36-20240219(2).edf,batch 2,,372830,,SV2A,372829,,SV2A,372828,,SV2A,372832,,SV2A,372833,,Control,372837,,Control,372838,,Control,x,,x
Day36-20240219(3).edf,batch 2,,372830,,SV2A,372829,,SV2A,372828,,SV2A,372832,,SV2A,372833,,Control,372837,,Control,372838,,Control,x,,x
Day36-20240219(4).edf,batch 2,,372830,,SV2A,372829,,SV2A,372828,,SV2A,372832,,SV2A,372833,,Control,372837,,Control,372838,,Control,x,,x
Day36-20240219(5).edf,batch 2,,372830,,SV2A,372829,,SV2A,372828,,SV2A,372832,,SV2A,372833,,Control,372837,,Control,372838,,Control,x,,x
Day36-20240219(6).edf,batch 2,,372830,,SV2A,372829,,SV2A,372828,,SV2A,372832,,SV2A,372833,,Control,372837,,Control,372838,,Control,x,,x
Day36-20240219(7).edf,batch 2,,372830,,SV2A,372829,,SV2A,372828,,SV2A,372832,,SV2A,372833,,Control,372837,,Control,372838,,Control,x,,x
Day36-20240219(8).edf,batch 2,,372830,,SV2A,372829,,SV2A,372828,,SV2A,372832,,SV2A,372833,,Control,372837,,Control,372838,,Control,x,,x
Day36-20240219(9).edf,batch 2,,372830,,SV2A,372829,,SV2A,372828,,SV2A,372832,,SV2A,372833,,Control,372837,,Control,372838,,Control,x,,x
Day37-20240220(10).edf,batch 2,,372830,,SV2A,372829,,SV2A,372828,,SV2A,372832,,SV2A,372833,,Control,372837,,Control,372838,,Control,x,,x
Day37-20240220(11).edf,batch 2,,372830,,SV2A,372829,,SV2A,372828,,SV2A,372832,,SV2A,372833,,Control,372837,,Control,372838,,Control,x,,x
Day37-20240220(12).edf,batch 2,,372830,,SV2A,372829,,SV2A,372828,,SV2A,372832,,SV2A,372833,,Control,372837,,Control,372838,,Control,x,,x
Day37-20240220(13).edf,batch 2,,372830,,SV2A,372829,,SV2A,372828,,SV2A,372832,,SV2A,372833,,Control,372837,,Control,372838,,Control,x,,x
Day37-20240220(14).edf,batch 2,,372830,,SV2A,372829,,SV2A,372828,,SV2A,372832,,SV2A,372833,,Control,372837,,Control,372838,,Control,x,,x
Day37-20240220(15).edf,batch 2,,372830,,SV2A,372829,,SV2A,372828,,SV2A,372832,,SV2A,372833,,Control,372837,,Control,372838,,Control,x,,x
Day37-20240220(16).edf,batch 2,,372830,,SV2A,372829,,SV2A,372828,,SV2A,372832,,SV2A,372833,,Control,372837,,Control,372838,,Control,x,,x
Day37-20240220(17).edf,batch 2,,372830,,SV2A,372829,,SV2A,372828,,SV2A,372832,,SV2A,372833,,Control,372837,,Control,372838,,Control,x,,x
Day37-20240220(1).edf,batch 2,,372830,,SV2A,372829,,SV2A,372828,,SV2A,372832,,SV2A,372833,,Control,372837,,Control,372838,,Control,x,,x
Day37-20240220(2).edf,batch 2,,372830,,SV2A,372829,,SV2A,372828,,SV2A,372832,,SV2A,372833,,Control,372837,,Control,372838,,Control,x,,x
Day37-20240220(3).edf,batch 2,,372830,,SV2A,372829,,SV2A,372828,,SV2A,372832,,SV2A,372833,,Control,372837,,Control,372838,,Control,x,,x
Day37-20240220(4).edf,batch 2,,372830,,SV2A,372829,,SV2A,372828,,SV2A,372832,,SV2A,372833,,Control,372837,,Control,372838,,Control,x,,x
Day37-20240220(5).edf,batch 2,,372830,,SV2A,372829,,SV2A,372828,,SV2A,372832,,SV2A,372833,,Control,372837,,Control,372838,,Control,x,,x
Day37-20240220(6).edf,batch 2,,372830,,SV2A,372829,,SV2A,372828,,SV2A,372832,,SV2A,372833,,Control,372837,,Control,372838,,Control,x,,x
Day37-20240220(7).edf,batch 2,,372830,,SV2A,372829,,SV2A,372828,,SV2A,372832,,SV2A,372833,,Control,372837,,Control,372838,,Control,x,,x
Day37-20240220(8).edf,batch 2,,372830,,SV2A,372829,,SV2A,372828,,SV2A,372832,,SV2A,372833,,Control,372837,,Control,372838,,Control,x,,x
Day37-20240220(9).edf,batch 2,,372830,,SV2A,372829,,SV2A,372828,,SV2A,372832,,SV2A,372833,,Control,372837,,Control,372838,,Control,x,,x
Day38+39-20240221+22(10).edf,batch 2,,372830,,SV2A,372829,,SV2A,372828,,SV2A,372832,,SV2A,372833,,Control,372837,,Control,372838,,Control,x,,x
Day38+39-20240221+22(11).edf,batch 2,,372830,,SV2A,372829,,SV2A,372828,,SV2A,372832,,SV2A,372833,,Control,372837,,Control,372838,,Control,x,,x
Day38+39-20240221+22(12).edf,batch 2,,372830,,SV2A,372829,,SV2A,372828,,SV2A,372832,,SV2A,372833,,Control,372837,,Control,372838,,Control,x,,x
Day38+39-20240221+22(13).edf,batch 2,,372830,,SV2A,372829,,SV2A,372828,,SV2A,372832,,SV2A,372833,,Control,372837,,Control,372838,,Control,x,,x
Day38+39-20240221+22(14).edf,batch 2,,372830,,SV2A,372829,,SV2A,372828,,SV2A,372832,,SV2A,372833,,Control,372837,,Control,372838,,Control,x,,x
Day38+39-20240221+22(15).edf,batch 2,,372830,,SV2A,372829,,SV2A,372828,,SV2A,372832,,SV2A,372833,,Control,372837,,Control,372838,,Control,x,,x
Day38+39-20240221+22(16).edf,batch 2,,372830,,SV2A,372829,,SV2A,372828,,SV2A,372832,,SV2A,372833,,Control,372837,,Control,372838,,Control,x,,x
Day38+39-20240221+22(17).edf,batch 2,,372830,,SV2A,372829,,SV2A,372828,,SV2A,372832,,SV2A,372833,,Control,372837,,Control,372838,,Control,x,,x
Day38+39-20240221+22(18).edf,batch 2,,372830,,SV2A,372829,,SV2A,372828,,SV2A,372832,,SV2A,372833,,Control,372837,,Control,372838,,Control,x,,x
Day38+39-20240221+22(19).edf,batch 2,,372830,,SV2A,372829,,SV2A,372828,,SV2A,372832,,SV2A,372833,,Control,372837,,Control,372838,,Control,x,,x
Day38+39-20240221+22(1).edf,batch 2,,372830,,SV2A,372829,,SV2A,372828,,SV2A,372832,,SV2A,372833,,Control,372837,,Control,372838,,Control,x,,x
Day38+39-20240221+22(20).edf,batch 2,,372830,,SV2A,372829,,SV2A,372828,,SV2A,372832,,SV2A,372833,,Control,372837,,Control,372838,,Control,x,,x
Day38+39-20240221+22(21).edf,batch 2,,372830,,SV2A,372829,,SV2A,372828,,SV2A,372832,,SV2A,372833,,Control,372837,,Control,372838,,Control,x,,x
Day38+39-20240221+22(22).edf,batch 2,,372830,,SV2A,372829,,SV2A,372828,,SV2A,372832,,SV2A,372833,,Control,372837,,Control,372838,,Control,x,,x
Day38+39-20240221+22(23).edf,batch 2,,372830,,SV2A,372829,,SV2A,372828,,SV2A,372832,,SV2A,372833,,Control,372837,,Control,372838,,Control,x,,x
Day38+39-20240221+22(24).edf,batch 2,,372830,,SV2A,372829,,SV2A,372828,,SV2A,372832,,SV2A,372833,,Control,372837,,Control,372838,,Control,x,,x
Day38+39-20240221+22(25).edf,batch 2,,372830,,SV2A,372829,,SV2A,372828,,SV2A,372832,,SV2A,372833,,Control,372837,,Control,372838,,Control,x,,x
Day38+39-20240221+22(26).edf,batch 2,,372830,,SV2A,372829,,SV2A,372828,,SV2A,372832,,SV2A,372833,,Control,372837,,Control,372838,,Control,x,,x
Day38+39-20240221+22(27).edf,batch 2,,372830,,SV2A,372829,,SV2A,372828,,SV2A,372832,,SV2A,372833,,Control,372837,,Control,372838,,Control,x,,x
Day38+39-20240221+22(28).edf,batch 2,,372830,,SV2A,372829,,SV2A,372828,,SV2A,372832,,SV2A,372833,,Control,372837,,Control,372838,,Control,x,,x
Day38+39-20240221+22(29).edf,batch 2,,372830,,SV2A,372829,,SV2A,372828,,SV2A,372832,,SV2A,372833,,Control,372837,,Control,372838,,Control,x,,x
Day38+39-20240221+22(2).edf,batch 2,,372830,,SV2A,372829,,SV2A,372828,,SV2A,372832,,SV2A,372833,,Control,372837,,Control,372838,,Control,x,,x
Day38+39-20240221+22(30).edf,batch 2,,372830,,SV2A,372829,,SV2A,372828,,SV2A,372832,,SV2A,372833,,Control,372837,,Control,372838,,Control,x,,x
Day38+39-20240221+22(3).edf,batch 2,,372830,,SV2A,372829,,SV2A,372828,,SV2A,372832,,SV2A,372833,,Control,372837,,Control,372838,,Control,x,,x
Day38+39-20240221+22(4).edf,batch 2,,372830,,SV2A,372829,,SV2A,372828,,SV2A,372832,,SV2A,372833,,Control,372837,,Control,372838,,Control,x,,x
Day38+39-20240221+22(5).edf,batch 2,,372830,,SV2A,372829,,SV2A,372828,,SV2A,372832,,SV2A,372833,,Control,372837,,Control,372838,,Control,x,,x
Day38+39-20240221+22(6).edf,batch 2,,372830,,SV2A,372829,,SV2A,372828,,SV2A,372832,,SV2A,372833,,Control,372837,,Control,372838,,Control,x,,x
Day38+39-20240221+22(7).edf,batch 2,,372830,,SV2A,372829,,SV2A,372828,,SV2A,372832,,SV2A,372833,,Control,372837,,Control,372838,,Control,x,,x
Day38+39-20240221+22(8).edf,batch 2,,372830,,SV2A,372829,,SV2A,372828,,SV2A,372832,,SV2A,372833,,Control,372837,,Control,372838,,Control,x,,x
Day38+39-20240221+22(9).edf,batch 2,,372830,,SV2A,372829,,SV2A,372828,,SV2A,372832,,SV2A,372833,,Control,372837,,Control,372838,,Control,x,,x
Day40-20240223(10).edf,batch 2,,372830,,SV2A,372829,,SV2A,372828,,SV2A,372832,,SV2A,372833,,Control,372837,,Control,372838,,Control,x,,x
Day40-20240223(11).edf,batch 2,,372830,,SV2A,372829,,SV2A,372828,,SV2A,372832,,SV2A,372833,,Control,372837,,Control,372838,,Control,x,,x
Day40-20240223(12).edf,batch 2,,372830,,SV2A,372829,,SV2A,372828,,SV2A,372832,,SV2A,372833,,Control,372837,,Control,372838,,Control,x,,x
Day40-20240223(13).edf,batch 2,,372830,,SV2A,372829,,SV2A,372828,,SV2A,372832,,SV2A,372833,,Control,372837,,Control,372838,,Control,x,,x
Day40-20240223(14).edf,batch 2,,372830,,SV2A,372829,,SV2A,372828,,SV2A,372832,,SV2A,372833,,Control,372837,,Control,372838,,Control,x,,x
Day40-20240223(15).edf,batch 2,,372830,,SV2A,372829,,SV2A,372828,,SV2A,372832,,SV2A,372833,,Control,372837,,Control,372838,,Control,x,,x
Day40-20240223(16).edf,batch 2,,372830,,SV2A,372829,,SV2A,372828,,SV2A,372832,,SV2A,372833,,Control,372837,,Control,372838,,Control,x,,x
Day40-20240223(17).edf,batch 2,,372830,,SV2A,372829,,SV2A,372828,,SV2A,372832,,SV2A,372833,,Control,372837,,Control,372838,,Control,x,,x
Day40-20240223(18).edf,batch 2,,372830,,SV2A,372829,,SV2A,372828,,SV2A,372832,,SV2A,372833,,Control,372837,,Control,372838,,Control,x,,x
Day40-20240223(19).edf,batch 2,,372830,,SV2A,372829,,SV2A,372828,,SV2A,372832,,SV2A,372833,,Control,372837,,Control,372838,,Control,x,,x
Day40-20240223(1).edf,batch 2,,372830,,SV2A,372829,,SV2A,372828,,SV2A,372832,,SV2A,372833,,Control,372837,,Control,372838,,Control,x,,x
Day40-20240223(20).edf,batch 2,,372830,,SV2A,372829,,SV2A,372828,,SV2A,372832,,SV2A,372833,,Control,372837,,Control,372838,,Control,x,,x
Day40-20240223(2).edf,batch 2,,372830,,SV2A,372829,,SV2A,372828,,SV2A,372832,,SV2A,372833,,Control,372837,,Control,372838,,Control,x,,x
Day40-20240223(3).edf,batch 2,,372830,,SV2A,372829,,SV2A,372828,,SV2A,372832,,SV2A,372833,,Control,372837,,Control,372838,,Control,x,,x
Day40-20240223(4).edf,batch 2,,372830,,SV2A,372829,,SV2A,372828,,SV2A,372832,,SV2A,372833,,Control,372837,,Control,372838,,Control,x,,x
Day40-20240223(5).edf,batch 2,,372830,,SV2A,372829,,SV2A,372828,,SV2A,372832,,SV2A,372833,,Control,372837,,Control,372838,,Control,x,,x
Day40-20240223(6).edf,batch 2,,372830,,SV2A,372829,,SV2A,372828,,SV2A,372832,,SV2A,372833,,Control,372837,,Control,372838,,Control,x,,x
Day40-20240223(7).edf,batch 2,,372830,,SV2A,372829,,SV2A,372828,,SV2A,372832,,SV2A,372833,,Control,372837,,Control,372838,,Control,x,,x
Day40-20240223(8).edf,batch 2,,372830,,SV2A,372829,,SV2A,372828,,SV2A,372832,,SV2A,372833,,Control,372837,,Control,372838,,Control,x,,x
Day40-20240223(9).edf,batch 2,,372830,,SV2A,372829,,SV2A,372828,,SV2A,372832,,SV2A,372833,,Control,372837,,Control,372838,,Control,x,,x
Day41-20240224(10).edf,batch 2,,372830,,SV2A,372829,,SV2A,372828,,SV2A,372832,,SV2A,372833,,Control,372837,,Control,372838,,Control,x,,x
Day41-20240224(11).edf,batch 2,,372830,,SV2A,372829,,SV2A,372828,,SV2A,372832,,SV2A,372833,,Control,372837,,Control,372838,,Control,x,,x
Day41-20240224(12).edf,batch 2,,372830,,SV2A,372829,,SV2A,372828,,SV2A,372832,,SV2A,372833,,Control,372837,,Control,372838,,Control,x,,x
Day41-20240224(13).edf,batch 2,,372830,,SV2A,372829,,SV2A,372828,,SV2A,372832,,SV2A,372833,,Control,372837,,Control,372838,,Control,x,,x
Day41-20240224(14).edf,batch 2,,372830,,SV2A,372829,,SV2A,372828,,SV2A,372832,,SV2A,372833,,Control,372837,,Control,372838,,Control,x,,x
Day41-20240224(15).edf,batch 2,,372830,,SV2A,372829,,SV2A,372828,,SV2A,372832,,SV2A,372833,,Control,372837,,Control,372838,,Control,x,,x
Day41-20240224(16).edf,batch 2,,372830,,SV2A,372829,,SV2A,372828,,SV2A,372832,,SV2A,372833,,Control,372837,,Control,372838,,Control,x,,x
Day41-20240224(17).edf,batch 2,,372830,,SV2A,372829,,SV2A,372828,,SV2A,372832,,SV2A,372833,,Control,372837,,Control,372838,,Control,x,,x
Day41-20240224(18).edf,batch 2,,372830,,SV2A,372829,,SV2A,372828,,SV2A,372832,,SV2A,372833,,Control,372837,,Control,372838,,Control,x,,x
Day41-20240224(1).edf,batch 2,,372830,,SV2A,372829,,SV2A,372828,,SV2A,372832,,SV2A,372833,,Control,372837,,Control,372838,,Control,x,,x
Day41-20240224(2).edf,batch 2,,372830,,SV2A,372829,,SV2A,372828,,SV2A,372832,,SV2A,372833,,Control,372837,,Control,372838,,Control,x,,x
Day41-20240224(3).edf,batch 2,,372830,,SV2A,372829,,SV2A,372828,,SV2A,372832,,SV2A,372833,,Control,372837,,Control,372838,,Control,x,,x
Day41-20240224(4).edf,batch 2,,372830,,SV2A,372829,,SV2A,372828,,SV2A,372832,,SV2A,372833,,Control,372837,,Control,372838,,Control,x,,x
Day41-20240224(5).edf,batch 2,,372830,,SV2A,372829,,SV2A,372828,,SV2A,372832,,SV2A,372833,,Control,372837,,Control,372838,,Control,x,,x
Day41-20240224(6).edf,batch 2,,372830,,SV2A,372829,,SV2A,372828,,SV2A,372832,,SV2A,372833,,Control,372837,,Control,372838,,Control,x,,x
Day41-20240224(7).edf,batch 2,,372830,,SV2A,372829,,SV2A,372828,,SV2A,372832,,SV2A,372833,,Control,372837,,Control,372838,,Control,x,,x
Day41-20240224(8).edf,batch 2,,372830,,SV2A,372829,,SV2A,372828,,SV2A,372832,,SV2A,372833,,Control,372837,,Control,372838,,Control,x,,x
Day41-20240224(9).edf,batch 2,,372830,,SV2A,372829,,SV2A,372828,,SV2A,372832,,SV2A,372833,,Control,372837,,Control,372838,,Control,x,,x
Day42-20240225(1).edf,batch 2,,372830,,SV2A,372829,,SV2A,372828,,SV2A,372832,,SV2A,372833,,Control,372837,,Control,372838,,Control,x,,x
Day42-20240225(2).edf,batch 2,,372830,,SV2A,372829,,SV2A,372828,,SV2A,372832,,SV2A,372833,,Control,372837,,Control,372838,,Control,x,,x
Day42-20240225(3).edf,batch 2,,372830,,SV2A,372829,,SV2A,372828,,SV2A,372832,,SV2A,372833,,Control,372837,,Control,372838,,Control,x,,x
Day42-20240225(4).edf,batch 2,,372830,,SV2A,372829,,SV2A,372828,,SV2A,372832,,SV2A,372833,,Control,372837,,Control,372838,,Control,x,,x
Day42-20240225(5).edf,batch 2,,372830,,SV2A,372829,,SV2A,372828,,SV2A,372832,,SV2A,372833,,Control,372837,,Control,372838,,Control,x,,x
Day42-20240225(6).edf,batch 2,,372830,,SV2A,372829,,SV2A,372828,,SV2A,372832,,SV2A,372833,,Control,372837,,Control,372838,,Control,x,,x
Day42-20240225(7).edf,batch 2,,372830,,SV2A,372829,,SV2A,372828,,SV2A,372832,,SV2A,372833,,Control,372837,,Control,372838,,Control,x,,x
D1-20240304(10).edf,batch 3,,30,,SV2A,29,,SV2A,31,,Control,33,,Control,32,,SV2A,25,,Control,24,,SV2A,26,,SV2A
D1-20240304(11).edf,batch 3,,30,,SV2A,29,,SV2A,31,,Control,33,,Control,32,,SV2A,25,,Control,24,,SV2A,26,,SV2A
D1-20240304(12).edf,batch 3,,30,,SV2A,29,,SV2A,31,,Control,33,,Control,32,,SV2A,25,,Control,24,,SV2A,26,,SV2A
D1-20240304(1).edf,batch 3,,30,,SV2A,29,,SV2A,31,,Control,33,,Control,32,,SV2A,25,,Control,24,,SV2A,26,,SV2A
D1-20240304(2).edf,batch 3,,30,,SV2A,29,,SV2A,31,,Control,33,,Control,32,,SV2A,25,,Control,24,,SV2A,26,,SV2A
D1-20240304(3).edf,batch 3,,30,,SV2A,29,,SV2A,31,,Control,33,,Control,32,,SV2A,25,,Control,24,,SV2A,26,,SV2A
D1-20240304(4).edf,batch 3,,30,,SV2A,29,,SV2A,31,,Control,33,,Control,32,,SV2A,25,,Control,24,,SV2A,26,,SV2A
D1-20240304(5).edf,batch 3,,30,,SV2A,29,,SV2A,31,,Control,33,,Control,32,,SV2A,25,,Control,24,,SV2A,26,,SV2A
D1-20240304(6).edf,batch 3,,30,,SV2A,29,,SV2A,31,,Control,33,,Control,32,,SV2A,25,,Control,24,,SV2A,26,,SV2A
D1-20240304(7).edf,batch 3,,30,,SV2A,29,,SV2A,31,,Control,33,,Control,32,,SV2A,25,,Control,24,,SV2A,26,,SV2A
D1-20240304(8).edf,batch 3,,30,,SV2A,29,,SV2A,31,,Control,33,,Control,32,,SV2A,25,,Control,24,,SV2A,26,,SV2A
D1-20240304(9).edf,batch 3,,30,,SV2A,29,,SV2A,31,,Control,33,,Control,32,,SV2A,25,,Control,24,,SV2A,26,,SV2A
D2-20240305(10).edf,batch 3,,30,,SV2A,29,,SV2A,31,,Control,33,,Control,32,,SV2A,25,,Control,24,,SV2A,26,,SV2A
D2-20240305(11).edf,batch 3,,30,,SV2A,29,,SV2A,31,,Control,33,,Control,32,,SV2A,25,,Control,24,,SV2A,26,,SV2A
D2-20240305(12).edf,batch 3,,30,,SV2A,29,,SV2A,31,,Control,33,,Control,32,,SV2A,25,,Control,24,,SV2A,26,,SV2A
D2-20240305(1).edf,batch 3,,30,,SV2A,29,,SV2A,31,,Control,33,,Control,32,,SV2A,25,,Control,24,,SV2A,26,,SV2A
D2-20240305(2).edf,batch 3,,30,,SV2A,29,,SV2A,31,,Control,33,,Control,32,,SV2A,25,,Control,24,,SV2A,26,,SV2A
D2-20240305(3).edf,batch 3,,30,,SV2A,29,,SV2A,31,,Control,33,,Control,32,,SV2A,25,,Control,24,,SV2A,26,,SV2A
D2-20240305(4).edf,batch 3,,30,,SV2A,29,,SV2A,31,,Control,33,,Control,32,,SV2A,25,,Control,24,,SV2A,26,,SV2A
D2-20240305(5).edf,batch 3,,30,,SV2A,29,,SV2A,31,,Control,33,,Control,32,,SV2A,25,,Control,24,,SV2A,26,,SV2A
D2-20240305(6).edf,batch 3,,30,,SV2A,29,,SV2A,31,,Control,33,,Control,32,,SV2A,25,,Control,24,,SV2A,26,,SV2A
D2-20240305(7).edf,batch 3,,30,,SV2A,29,,SV2A,31,,Control,33,,Control,32,,SV2A,25,,Control,24,,SV2A,26,,SV2A
D2-20240305(8).edf,batch 3,,30,,SV2A,29,,SV2A,31,,Control,33,,Control,32,,SV2A,25,,Control,24,,SV2A,26,,SV2A
D2-20240305(9).edf,batch 3,,30,,SV2A,29,,SV2A,31,,Control,33,,Control,32,,SV2A,25,,Control,24,,SV2A,26,,SV2A
D3-20240306(10).edf,batch 3,,30,,SV2A,29,,SV2A,31,,Control,33,,Control,32,,SV2A,25,,Control,24,,SV2A,26,,SV2A
D3-20240306(1).edf,batch 3,,30,,SV2A,29,,SV2A,31,,Control,33,,Control,32,,SV2A,25,,Control,24,,SV2A,26,,SV2A
D3-20240306(2).edf,batch 3,,30,,SV2A,29,,SV2A,31,,Control,33,,Control,32,,SV2A,25,,Control,24,,SV2A,26,,SV2A
D3-20240306(3).edf,batch 3,,30,,SV2A,29,,SV2A,31,,Control,33,,Control,32,,SV2A,25,,Control,24,,SV2A,26,,SV2A
D3-20240306(4).edf,batch 3,,30,,SV2A,29,,SV2A,31,,Control,33,,Control,32,,SV2A,25,,Control,24,,SV2A,26,,SV2A
D3-20240306(5).edf,batch 3,,30,,SV2A,29,,SV2A,31,,Control,33,,Control,32,,SV2A,25,,Control,24,,SV2A,26,,SV2A
D3-20240306(6).edf,batch 3,,30,,SV2A,29,,SV2A,31,,Control,33,,Control,32,,SV2A,25,,Control,24,,SV2A,26,,SV2A
D3-20240306(7).edf,batch 3,,30,,SV2A,29,,SV2A,31,,Control,33,,Control,32,,SV2A,25,,Control,24,,SV2A,26,,SV2A
D3-20240306(8).edf,batch 3,,30,,SV2A,29,,SV2A,31,,Control,33,,Control,32,,SV2A,25,,Control,24,,SV2A,26,,SV2A
D3-20240306(9).edf,batch 3,,30,,SV2A,29,,SV2A,31,,Control,33,,Control,32,,SV2A,25,,Control,24,,SV2A,26,,SV2A
D4-20240307(10).edf,batch 3,,30,,SV2A,29,,SV2A,31,,Control,33,,Control,32,,SV2A,25,,Control,24,,SV2A,26,,SV2A
D4-20240307(11).edf,batch 3,,30,,SV2A,29,,SV2A,31,,Control,33,,Control,32,,SV2A,25,,Control,24,,SV2A,26,,SV2A
D4-20240307(12).edf,batch 3,,30,,SV2A,29,,SV2A,31,,Control,33,,Control,32,,SV2A,25,,Control,24,,SV2A,26,,SV2A
D4-20240307(13).edf,batch 3,,30,,SV2A,29,,SV2A,31,,Control,33,,Control,32,,SV2A,25,,Control,24,,SV2A,26,,SV2A
D4-20240307(14).edf,batch 3,,30,,SV2A,29,,SV2A,31,,Control,33,,Control,32,,SV2A,25,,Control,24,,SV2A,26,,SV2A
D4-20240307(15).edf,batch 3,,30,,SV2A,29,,SV2A,31,,Control,33,,Control,32,,SV2A,25,,Control,24,,SV2A,26,,SV2A
D4-20240307(1).edf,batch 3,,30,,SV2A,29,,SV2A,31,,Control,33,,Control,32,,SV2A,25,,Control,24,,SV2A,26,,SV2A
D4-20240307(2).edf,batch 3,,30,,SV2A,29,,SV2A,31,,Control,33,,Control,32,,SV2A,25,,Control,24,,SV2A,26,,SV2A
D4-20240307(3).edf,batch 3,,30,,SV2A,29,,SV2A,31,,Control,33,,Control,32,,SV2A,25,,Control,24,,SV2A,26,,SV2A
D4-20240307(4).edf,batch 3,,30,,SV2A,29,,SV2A,31,,Control,33,,Control,32,,SV2A,25,,Control,24,,SV2A,26,,SV2A
D4-20240307(5).edf,batch 3,,30,,SV2A,29,,SV2A,31,,Control,33,,Control,32,,SV2A,25,,Control,24,,SV2A,26,,SV2A
D4-20240307(6).edf,batch 3,,30,,SV2A,29,,SV2A,31,,Control,33,,Control,32,,SV2A,25,,Control,24,,SV2A,26,,SV2A
D4-20240307(7).edf,batch 3,,30,,SV2A,29,,SV2A,31,,Control,33,,Control,32,,SV2A,25,,Control,24,,SV2A,26,,SV2A
D4-20240307(8).edf,batch 3,,30,,SV2A,29,,SV2A,31,,Control,33,,Control,32,,SV2A,25,,Control,24,,SV2A,26,,SV2A
D4-20240307(9).edf,batch 3,,30,,SV2A,29,,SV2A,31,,Control,33,,Control,32,,SV2A,25,,Control,24,,SV2A,26,,SV2A
D5-20240308(10).edf,batch 3,,30,,SV2A,29,,SV2A,31,,Control,33,,Control,32,,SV2A,25,,Control,24,,SV2A,26,,SV2A
D5-20240308(11).edf,batch 3,,30,,SV2A,29,,SV2A,31,,Control,33,,Control,32,,SV2A,25,,Control,24,,SV2A,26,,SV2A
D5-20240308(12).edf,batch 3,,30,,SV2A,29,,SV2A,31,,Control,33,,Control,32,,SV2A,25,,Control,24,,SV2A,26,,SV2A
D5-20240308(13).edf,batch 3,,30,,SV2A,29,,SV2A,31,,Control,33,,Control,32,,SV2A,25,,Control,24,,SV2A,26,,SV2A
D5-20240308(1).edf,batch 3,,30,,SV2A,29,,SV2A,31,,Control,33,,Control,32,,SV2A,25,,Control,24,,SV2A,26,,SV2A
D5-20240308(2).edf,batch 3,,30,,SV2A,29,,SV2A,31,,Control,33,,Control,32,,SV2A,25,,Control,24,,SV2A,26,,SV2A
D5-20240308(3).edf,batch 3,,30,,SV2A,29,,SV2A,31,,Control,33,,Control,32,,SV2A,25,,Control,24,,SV2A,26,,SV2A
D5-20240308(4).edf,batch 3,,30,,SV2A,29,,SV2A,31,,Control,33,,Control,32,,SV2A,25,,Control,24,,SV2A,26,,SV2A
D5-20240308(5).edf,batch 3,,30,,SV2A,29,,SV2A,31,,Control,33,,Control,32,,SV2A,25,,Control,24,,SV2A,26,,SV2A
D5-20240308(6).edf,batch 3,,30,,SV2A,29,,SV2A,31,,Control,33,,Control,32,,SV2A,25,,Control,24,,SV2A,26,,SV2A
D5-20240308(7).edf,batch 3,,30,,SV2A,29,,SV2A,31,,Control,33,,Control,32,,SV2A,25,,Control,24,,SV2A,26,,SV2A
D5-20240308(8).edf,batch 3,,30,,SV2A,29,,SV2A,31,,Control,33,,Control,32,,SV2A,25,,Control,24,,SV2A,26,,SV2A
D5-20240308(9).edf,batch 3,,30,,SV2A,29,,SV2A,31,,Control,33,,Control,32,,SV2A,25,,Control,24,,SV2A,26,,SV2A
D6-20240309(10).edf,batch 3,,30,,SV2A,29,,SV2A,31,,Control,33,,Control,32,,SV2A,25,,Control,24,,SV2A,26,,SV2A
D6-20240309(11).edf,batch 3,,30,,SV2A,29,,SV2A,31,,Control,33,,Control,32,,SV2A,25,,Control,24,,SV2A,26,,SV2A
D6-20240309(12).edf,batch 3,,30,,SV2A,29,,SV2A,31,,Control,33,,Control,32,,SV2A,25,,Control,24,,SV2A,26,,SV2A
D6-20240309(13).edf,batch 3,,30,,SV2A,29,,SV2A,31,,Control,33,,Control,32,,SV2A,25,,Control,24,,SV2A,26,,SV2A
D6-20240309(14).edf,batch 3,,30,,SV2A,29,,SV2A,31,,Control,33,,Control,32,,SV2A,25,,Control,24,,SV2A,26,,SV2A
D6-20240309(15).edf,batch 3,,30,,SV2A,29,,SV2A,31,,Control,33,,Control,32,,SV2A,25,,Control,24,,SV2A,26,,SV2A
D6-20240309(16).edf,batch 3,,30,,SV2A,29,,SV2A,31,,Control,33,,Control,32,,SV2A,25,,Control,24,,SV2A,26,,SV2A
D6-20240309(17).edf,batch 3,,30,,SV2A,29,,SV2A,31,,Control,33,,Control,32,,SV2A,25,,Control,24,,SV2A,26,,SV2A
D6-20240309(1).edf,batch 3,,30,,SV2A,29,,SV2A,31,,Control,33,,Control,32,,SV2A,25,,Control,24,,SV2A,26,,SV2A
D6-20240309(2).edf,batch 3,,30,,SV2A,29,,SV2A,31,,Control,33,,Control,32,,SV2A,25,,Control,24,,SV2A,26,,SV2A
D6-20240309(3).edf,batch 3,,30,,SV2A,29,,SV2A,31,,Control,33,,Control,32,,SV2A,25,,Control,24,,SV2A,26,,SV2A
D6-20240309(4).edf,batch 3,,30,,SV2A,29,,SV2A,31,,Control,33,,Control,32,,SV2A,25,,Control,24,,SV2A,26,,SV2A
D6-20240309(5).edf,batch 3,,30,,SV2A,29,,SV2A,31,,Control,33,,Control,32,,SV2A,25,,Control,24,,SV2A,26,,SV2A
D6-20240309(6).edf,batch 3,,30,,SV2A,29,,SV2A,31,,Control,33,,Control,32,,SV2A,25,,Control,24,,SV2A,26,,SV2A
D6-20240309(7).edf,batch 3,,30,,SV2A,29,,SV2A,31,,Control,33,,Control,32,,SV2A,25,,Control,24,,SV2A,26,,SV2A
D6-20240309(8).edf,batch 3,,30,,SV2A,29,,SV2A,31,,Control,33,,Control,32,,SV2A,25,,Control,24,,SV2A,26,,SV2A
D6-20240309(9).edf,batch 3,,30,,SV2A,29,,SV2A,31,,Control,33,,Control,32,,SV2A,25,,Control,24,,SV2A,26,,SV2A
D7-20240310(10).edf,batch 3,,30,,SV2A,29,,SV2A,31,,Control,33,,Control,32,,SV2A,25,,Control,24,,SV2A,26,,SV2A
D7-20240310(11).edf,batch 3,,30,,SV2A,29,,SV2A,31,,Control,33,,Control,32,,SV2A,25,,Control,24,,SV2A,26,,SV2A
D7-20240310(12).edf,batch 3,,30,,SV2A,29,,SV2A,31,,Control,33,,Control,32,,SV2A,25,,Control,24,,SV2A,26,,SV2A
D7-20240310(13).edf,batch 3,,30,,SV2A,29,,SV2A,31,,Control,33,,Control,32,,SV2A,25,,Control,24,,SV2A,26,,SV2A
D7-20240310(1).edf,batch 3,,30,,SV2A,29,,SV2A,31,,Control,33,,Control,32,,SV2A,25,,Control,24,,SV2A,26,,SV2A
D7-20240310(2).edf,batch 3,,30,,SV2A,29,,SV2A,31,,Control,33,,Control,32,,SV2A,25,,Control,24,,SV2A,26,,SV2A
D7-20240310(3).edf,batch 3,,30,,SV2A,29,,SV2A,31,,Control,33,,Control,32,,SV2A,25,,Control,24,,SV2A,26,,SV2A
D7-20240310(4).edf,batch 3,,30,,SV2A,29,,SV2A,31,,Control,33,,Control,32,,SV2A,25,,Control,24,,SV2A,26,,SV2A
D7-20240310(5).edf,batch 3,,30,,SV2A,29,,SV2A,31,,Control,33,,Control,32,,SV2A,25,,Control,24,,SV2A,26,,SV2A
D7-20240310(6).edf,batch 3,,30,,SV2A,29,,SV2A,31,,Control,33,,Control,32,,SV2A,25,,Control,24,,SV2A,26,,SV2A
D7-20240310(7).edf,batch 3,,30,,SV2A,29,,SV2A,31,,Control,33,,Control,32,,SV2A,25,,Control,24,,SV2A,26,,SV2A
D7-20240310(8).edf,batch 3,,30,,SV2A,29,,SV2A,31,,Control,33,,Control,32,,SV2A,25,,Control,24,,SV2A,26,,SV2A
D7-20240310(9).edf,batch 3,,30,,SV2A,29,,SV2A,31,,Control,33,,Control,32,,SV2A,25,,Control,24,,SV2A,26,,SV2A
D8-20240311(10).edf,batch 3,,30,,SV2A,29,,SV2A,31,,Control,33,,Control,32,,SV2A,25,,Control,24,,SV2A,26,,SV2A
D8-20240311(11).edf,batch 3,,30,,SV2A,29,,SV2A,31,,Control,33,,Control,32,,SV2A,25,,Control,24,,SV2A,26,,SV2A
D8-20240311(12).edf,batch 3,,30,,SV2A,29,,SV2A,31,,Control,33,,Control,32,,SV2A,25,,Control,24,,SV2A,26,,SV2A
D8-20240311(13).edf,batch 3,,30,,SV2A,29,,SV2A,31,,Control,33,,Control,32,,SV2A,25,,Control,24,,SV2A,26,,SV2A
D8-20240311(14).edf,batch 3,,30,,SV2A,29,,SV2A,31,,Control,33,,Control,32,,SV2A,25,,Control,24,,SV2A,26,,SV2A
D8-20240311(15).edf,batch 3,,30,,SV2A,29,,SV2A,31,,Control,33,,Control,32,,SV2A,25,,Control,24,,SV2A,26,,SV2A
D8-20240311(16).edf,batch 3,,30,,SV2A,29,,SV2A,31,,Control,33,,Control,32,,SV2A,25,,Control,24,,SV2A,26,,SV2A
D8-20240311(1).edf,batch 3,,30,,SV2A,29,,SV2A,31,,Control,33,,Control,32,,SV2A,25,,Control,24,,SV2A,26,,SV2A
D8-20240311(2).edf,batch 3,,30,,SV2A,29,,SV2A,31,,Control,33,,Control,32,,SV2A,25,,Control,24,,SV2A,26,,SV2A
D8-20240311(3).edf,batch 3,,30,,SV2A,29,,SV2A,31,,Control,33,,Control,32,,SV2A,25,,Control,24,,SV2A,26,,SV2A
D8-20240311(4).edf,batch 3,,30,,SV2A,29,,SV2A,31,,Control,33,,Control,32,,SV2A,25,,Control,24,,SV2A,26,,SV2A
D8-20240311(5).edf,batch 3,,30,,SV2A,29,,SV2A,31,,Control,33,,Control,32,,SV2A,25,,Control,24,,SV2A,26,,SV2A
D8-20240311(6).edf,batch 3,,30,,SV2A,29,,SV2A,31,,Control,33,,Control,32,,SV2A,25,,Control,24,,SV2A,26,,SV2A
D8-20240311(7).edf,batch 3,,30,,SV2A,29,,SV2A,31,,Control,33,,Control,32,,SV2A,25,,Control,24,,SV2A,26,,SV2A
D8-20240311(8).edf,batch 3,,30,,SV2A,29,,SV2A,31,,Control,33,,Control,32,,SV2A,25,,Control,24,,SV2A,26,,SV2A
D8-20240311(9).edf,batch 3,,30,,SV2A,29,,SV2A,31,,Control,33,,Control,32,,SV2A,25,,Control,24,,SV2A,26,,SV2A
D9-20240312(10).edf,batch 3,,30,,SV2A,29,,SV2A,31,,Control,33,,Control,32,,SV2A,25,,Control,24,,SV2A,26,,SV2A
D9-20240312(11).edf,batch 3,,30,,SV2A,29,,SV2A,31,,Control,33,,Control,32,,SV2A,25,,Control,24,,SV2A,26,,SV2A
D9-20240312(12).edf,batch 3,,30,,SV2A,29,,SV2A,31,,Control,33,,Control,32,,SV2A,25,,Control,24,,SV2A,26,,SV2A
D9-20240312(13).edf,batch 3,,30,,SV2A,29,,SV2A,31,,Control,33,,Control,32,,SV2A,25,,Control,24,,SV2A,26,,SV2A
D9-20240312(14).edf,batch 3,,30,,SV2A,29,,SV2A,31,,Control,33,,Control,32,,SV2A,25,,Control,24,,SV2A,26,,SV2A
D9-20240312(15).edf,batch 3,,30,,SV2A,29,,SV2A,31,,Control,33,,Control,32,,SV2A,25,,Control,24,,SV2A,26,,SV2A
D9-20240312(16).edf,batch 3,,30,,SV2A,29,,SV2A,31,,Control,33,,Control,32,,SV2A,25,,Control,24,,SV2A,26,,SV2A
D9-20240312(17).edf,batch 3,,30,,SV2A,29,,SV2A,31,,Control,33,,Control,32,,SV2A,25,,Control,24,,SV2A,26,,SV2A
D9-20240312(18).edf,batch 3,,30,,SV2A,29,,SV2A,31,,Control,33,,Control,32,,SV2A,25,,Control,24,,SV2A,26,,SV2A
D9-20240312(1).edf,batch 3,,30,,SV2A,29,,SV2A,31,,Control,33,,Control,32,,SV2A,25,,Control,24,,SV2A,26,,SV2A
D9-20240312(2).edf,batch 3,,30,,SV2A,29,,SV2A,31,,Control,33,,Control,32,,SV2A,25,,Control,24,,SV2A,26,,SV2A
D9-20240312(3).edf,batch 3,,30,,SV2A,29,,SV2A,31,,Control,33,,Control,32,,SV2A,25,,Control,24,,SV2A,26,,SV2A
D9-20240312(4).edf,batch 3,,30,,SV2A,29,,SV2A,31,,Control,33,,Control,32,,SV2A,25,,Control,24,,SV2A,26,,SV2A
D9-20240312(5).edf,batch 3,,30,,SV2A,29,,SV2A,31,,Control,33,,Control,32,,SV2A,25,,Control,24,,SV2A,26,,SV2A
D9-20240312(6).edf,batch 3,,30,,SV2A,29,,SV2A,31,,Control,33,,Control,32,,SV2A,25,,Control,24,,SV2A,26,,SV2A
D9-20240312(7).edf,batch 3,,30,,SV2A,29,,SV2A,31,,Control,33,,Control,32,,SV2A,25,,Control,24,,SV2A,26,,SV2A
D9-20240312(8).edf,batch 3,,30,,SV2A,29,,SV2A,31,,Control,33,,Control,32,,SV2A,25,,Control,24,,SV2A,26,,SV2A
D9-20240312(9).edf,batch 3,,30,,SV2A,29,,SV2A,31,,Control,33,,Control,32,,SV2A,25,,Control,24,,SV2A,26,,SV2A
D10-20240313(10).edf,batch 3,,30,,SV2A,29,,SV2A,31,,Control,33,,Control,32,,SV2A,25,,Control,24,,SV2A,26,,SV2A
D10-20240313(11).edf,batch 3,,30,,SV2A,29,,SV2A,31,,Control,33,,Control,32,,SV2A,25,,Control,24,,SV2A,26,,SV2A
D10-20240313(12).edf,batch 3,,30,,SV2A,29,,SV2A,31,,Control,33,,Control,32,,SV2A,25,,Control,24,,SV2A,26,,SV2A
D10-20240313(13).edf,batch 3,,30,,SV2A,29,,SV2A,31,,Control,33,,Control,32,,SV2A,25,,Control,24,,SV2A,26,,SV2A
D10-20240313(14).edf,batch 3,,30,,SV2A,29,,SV2A,31,,Control,33,,Control,32,,SV2A,25,,Control,24,,SV2A,26,,SV2A
D10-20240313(15).edf,batch 3,,30,,SV2A,29,,SV2A,31,,Control,33,,Control,32,,SV2A,25,,Control,24,,SV2A,26,,SV2A
D10-20240313(16).edf,batch 3,,30,,SV2A,29,,SV2A,31,,Control,33,,Control,32,,SV2A,25,,Control,24,,SV2A,26,,SV2A
D10-20240313(17).edf,batch 3,,30,,SV2A,29,,SV2A,31,,Control,33,,Control,32,,SV2A,25,,Control,24,,SV2A,26,,SV2A
D10-20240313(1).edf,batch 3,,30,,SV2A,29,,SV2A,31,,Control,33,,Control,32,,SV2A,25,,Control,24,,SV2A,26,,SV2A
D10-20240313(2).edf,batch 3,,30,,SV2A,29,,SV2A,31,,Control,33,,Control,32,,SV2A,25,,Control,24,,SV2A,26,,SV2A
D10-20240313(3).edf,batch 3,,30,,SV2A,29,,SV2A,31,,Control,33,,Control,32,,SV2A,25,,Control,24,,SV2A,26,,SV2A
D10-20240313(4).edf,batch 3,,30,,SV2A,29,,SV2A,31,,Control,33,,Control,32,,SV2A,25,,Control,24,,SV2A,26,,SV2A
D10-20240313(5).edf,batch 3,,30,,SV2A,29,,SV2A,31,,Control,33,,Control,32,,SV2A,25,,Control,24,,SV2A,26,,SV2A
D10-20240313(6).edf,batch 3,,30,,SV2A,29,,SV2A,31,,Control,33,,Control,32,,SV2A,25,,Control,24,,SV2A,26,,SV2A
D10-20240313(7).edf,batch 3,,30,,SV2A,29,,SV2A,31,,Control,33,,Control,32,,SV2A,25,,Control,24,,SV2A,26,,SV2A
D10-20240313(8).edf,batch 3,,30,,SV2A,29,,SV2A,31,,Control,33,,Control,32,,SV2A,25,,Control,24,,SV2A,26,,SV2A
D10-20240313(9).edf,batch 3,,30,,SV2A,29,,SV2A,31,,Control,33,,Control,32,,SV2A,25,,Control,24,,SV2A,26,,SV2A
D11-20240314(10).edf,batch 3,,30,,SV2A,29,,SV2A,31,,Control,33,,Control,32,,SV2A,25,,Control,24,,SV2A,26,,SV2A
D11-20240314(11).edf,batch 3,,30,,SV2A,29,,SV2A,31,,Control,33,,Control,32,,SV2A,25,,Control,24,,SV2A,26,,SV2A
D11-20240314(12).edf,batch 3,,30,,SV2A,29,,SV2A,31,,Control,33,,Control,32,,SV2A,25,,Control,24,,SV2A,26,,SV2A
D11-20240314(13).edf,batch 3,,30,,SV2A,29,,SV2A,31,,Control,33,,Control,32,,SV2A,25,,Control,24,,SV2A,26,,SV2A
D11-20240314(14).edf,batch 3,,30,,SV2A,29,,SV2A,31,,Control,33,,Control,32,,SV2A,25,,Control,24,,SV2A,26,,SV2A
D11-20240314(15).edf,batch 3,,30,,SV2A,29,,SV2A,31,,Control,33,,Control,32,,SV2A,25,,Control,24,,SV2A,26,,SV2A
D11-20240314(16).edf,batch 3,,30,,SV2A,29,,SV2A,31,,Control,33,,Control,32,,SV2A,25,,Control,24,,SV2A,26,,SV2A
D11-20240314(17).edf,batch 3,,30,,SV2A,29,,SV2A,31,,Control,33,,Control,32,,SV2A,25,,Control,24,,SV2A,26,,SV2A
D11-20240314(18).edf,batch 3,,30,,SV2A,29,,SV2A,31,,Control,33,,Control,32,,SV2A,25,,Control,24,,SV2A,26,,SV2A
D11-20240314(19).edf,batch 3,,30,,SV2A,29,,SV2A,31,,Control,33,,Control,32,,SV2A,25,,Control,24,,SV2A,26,,SV2A
D11-20240314(1).edf,batch 3,,30,,SV2A,29,,SV2A,31,,Control,33,,Control,32,,SV2A,25,,Control,24,,SV2A,26,,SV2A
D11-20240314(20).edf,batch 3,,30,,SV2A,29,,SV2A,31,,Control,33,,Control,32,,SV2A,25,,Control,24,,SV2A,26,,SV2A
D11-20240314(21).edf,batch 3,,30,,SV2A,29,,SV2A,31,,Control,33,,Control,32,,SV2A,25,,Control,24,,SV2A,26,,SV2A
D11-20240314(22).edf,batch 3,,30,,SV2A,29,,SV2A,31,,Control,33,,Control,32,,SV2A,25,,Control,24,,SV2A,26,,SV2A
D11-20240314(23).edf,batch 3,,30,,SV2A,29,,SV2A,31,,Control,33,,Control,32,,SV2A,25,,Control,24,,SV2A,26,,SV2A
D11-20240314(24).edf,batch 3,,30,,SV2A,29,,SV2A,31,,Control,33,,Control,32,,SV2A,25,,Control,24,,SV2A,26,,SV2A
D11-20240314(25).edf,batch 3,,30,,SV2A,29,,SV2A,31,,Control,33,,Control,32,,SV2A,25,,Control,24,,SV2A,26,,SV2A
D11-20240314(2).edf,batch 3,,30,,SV2A,29,,SV2A,31,,Control,33,,Control,32,,SV2A,25,,Control,24,,SV2A,26,,SV2A
D11-20240314(3).edf,batch 3,,30,,SV2A,29,,SV2A,31,,Control,33,,Control,32,,SV2A,25,,Control,24,,SV2A,26,,SV2A
D11-20240314(4).edf,batch 3,,30,,SV2A,29,,SV2A,31,,Control,33,,Control,32,,SV2A,25,,Control,24,,SV2A,26,,SV2A
D11-20240314(5).edf,batch 3,,30,,SV2A,29,,SV2A,31,,Control,33,,Control,32,,SV2A,25,,Control,24,,SV2A,26,,SV2A
D11-20240314(6).edf,batch 3,,30,,SV2A,29,,SV2A,31,,Control,33,,Control,32,,SV2A,25,,Control,24,,SV2A,26,,SV2A
D11-20240314(7).edf,batch 3,,30,,SV2A,29,,SV2A,31,,Control,33,,Control,32,,SV2A,25,,Control,24,,SV2A,26,,SV2A
D11-20240314(8).edf,batch 3,,30,,SV2A,29,,SV2A,31,,Control,33,,Control,32,,SV2A,25,,Control,24,,SV2A,26,,SV2A
D11-20240314(9).edf,batch 3,,30,,SV2A,29,,SV2A,31,,Control,33,,Control,32,,SV2A,25,,Control,24,,SV2A,26,,SV2A
D12-20240315(10).edf,batch 3,,30,,SV2A,29,,SV2A,31,,Control,33,,Control,32,,SV2A,25,,Control,24,,SV2A,26,,SV2A
D12-20240315(11).edf,batch 3,,30,,SV2A,29,,SV2A,31,,Control,33,,Control,32,,SV2A,25,,Control,24,,SV2A,26,,SV2A
D12-20240315(12).edf,batch 3,,30,,SV2A,29,,SV2A,31,,Control,33,,Control,32,,SV2A,25,,Control,24,,SV2A,26,,SV2A
D12-20240315(13).edf,batch 3,,30,,SV2A,29,,SV2A,31,,Control,33,,Control,32,,SV2A,25,,Control,24,,SV2A,26,,SV2A
D12-20240315(14).edf,batch 3,,30,,SV2A,29,,SV2A,31,,Control,33,,Control,32,,SV2A,25,,Control,24,,SV2A,26,,SV2A
D12-20240315(15).edf,batch 3,,30,,SV2A,29,,SV2A,31,,Control,33,,Control,32,,SV2A,25,,Control,24,,SV2A,26,,SV2A
D12-20240315(1).edf,batch 3,,30,,SV2A,29,,SV2A,31,,Control,33,,Control,32,,SV2A,25,,Control,24,,SV2A,26,,SV2A
D12-20240315(2).edf,batch 3,,30,,SV2A,29,,SV2A,31,,Control,33,,Control,32,,SV2A,25,,Control,24,,SV2A,26,,SV2A
D12-20240315(3).edf,batch 3,,30,,SV2A,29,,SV2A,31,,Control,33,,Control,32,,SV2A,25,,Control,24,,SV2A,26,,SV2A
D12-20240315(4).edf,batch 3,,30,,SV2A,29,,SV2A,31,,Control,33,,Control,32,,SV2A,25,,Control,24,,SV2A,26,,SV2A
D12-20240315(5).edf,batch 3,,30,,SV2A,29,,SV2A,31,,Control,33,,Control,32,,SV2A,25,,Control,24,,SV2A,26,,SV2A
D12-20240315(6).edf,batch 3,,30,,SV2A,29,,SV2A,31,,Control,33,,Control,32,,SV2A,25,,Control,24,,SV2A,26,,SV2A
D12-20240315(7).edf,batch 3,,30,,SV2A,29,,SV2A,31,,Control,33,,Control,32,,SV2A,25,,Control,24,,SV2A,26,,SV2A
D12-20240315(8).edf,batch 3,,30,,SV2A,29,,SV2A,31,,Control,33,,Control,32,,SV2A,25,,Control,24,,SV2A,26,,SV2A
D12-20240315(9).edf,batch 3,,30,,SV2A,29,,SV2A,31,,Control,33,,Control,32,,SV2A,25,,Control,24,,SV2A,26,,SV2A
D13-20240316(10).edf,batch 3,,30,,SV2A,29,,SV2A,31,,Control,33,,Control,32,,SV2A,25,,Control,24,,SV2A,26,,SV2A
D13-20240316(11).edf,batch 3,,30,,SV2A,29,,SV2A,31,,Control,33,,Control,32,,SV2A,25,,Control,24,,SV2A,26,,SV2A
D13-20240316(12).edf,batch 3,,30,,SV2A,29,,SV2A,31,,Control,33,,Control,32,,SV2A,25,,Control,24,,SV2A,26,,SV2A
D13-20240316(13).edf,batch 3,,30,,SV2A,29,,SV2A,31,,Control,33,,Control,32,,SV2A,25,,Control,24,,SV2A,26,,SV2A
D13-20240316(14).edf,batch 3,,30,,SV2A,29,,SV2A,31,,Control,33,,Control,32,,SV2A,25,,Control,24,,SV2A,26,,SV2A
D13-20240316(15).edf,batch 3,,30,,SV2A,29,,SV2A,31,,Control,33,,Control,32,,SV2A,25,,Control,24,,SV2A,26,,SV2A
D13-20240316(16).edf,batch 3,,30,,SV2A,29,,SV2A,31,,Control,33,,Control,32,,SV2A,25,,Control,24,,SV2A,26,,SV2A
D13-20240316(17).edf,batch 3,,30,,SV2A,29,,SV2A,31,,Control,33,,Control,32,,SV2A,25,,Control,24,,SV2A,26,,SV2A
D13-20240316(18).edf,batch 3,,30,,SV2A,29,,SV2A,31,,Control,33,,Control,32,,SV2A,25,,Control,24,,SV2A,26,,SV2A
D13-20240316(19).edf,batch 3,,30,,SV2A,29,,SV2A,31,,Control,33,,Control,32,,SV2A,25,,Control,24,,SV2A,26,,SV2A
D13-20240316(1).edf,batch 3,,30,,SV2A,29,,SV2A,31,,Control,33,,Control,32,,SV2A,25,,Control,24,,SV2A,26,,SV2A
D13-20240316(2).edf,batch 3,,30,,SV2A,29,,SV2A,31,,Control,33,,Control,32,,SV2A,25,,Control,24,,SV2A,26,,SV2A
D13-20240316(3).edf,batch 3,,30,,SV2A,29,,SV2A,31,,Control,33,,Control,32,,SV2A,25,,Control,24,,SV2A,26,,SV2A
D13-20240316(4).edf,batch 3,,30,,SV2A,29,,SV2A,31,,Control,33,,Control,32,,SV2A,25,,Control,24,,SV2A,26,,SV2A
D13-20240316(5).edf,batch 3,,30,,SV2A,29,,SV2A,31,,Control,33,,Control,32,,SV2A,25,,Control,24,,SV2A,26,,SV2A
D13-20240316(6).edf,batch 3,,30,,SV2A,29,,SV2A,31,,Control,33,,Control,32,,SV2A,25,,Control,24,,SV2A,26,,SV2A
D13-20240316(7).edf,batch 3,,30,,SV2A,29,,SV2A,31,,Control,33,,Control,32,,SV2A,25,,Control,24,,SV2A,26,,SV2A
D13-20240316(8).edf,batch 3,,30,,SV2A,29,,SV2A,31,,Control,33,,Control,32,,SV2A,25,,Control,24,,SV2A,26,,SV2A
D13-20240316(9).edf,batch 3,,30,,SV2A,29,,SV2A,31,,Control,33,,Control,32,,SV2A,25,,Control,24,,SV2A,26,,SV2A
D14-20240317(10).edf,batch 3,,30,,SV2A,29,,SV2A,31,,Control,33,,Control,32,,SV2A,25,,Control,24,,SV2A,26,,SV2A
D14-20240317(11).edf,batch 3,,30,,SV2A,29,,SV2A,31,,Control,33,,Control,32,,SV2A,25,,Control,24,,SV2A,26,,SV2A
D14-20240317(12).edf,batch 3,,30,,SV2A,29,,SV2A,31,,Control,33,,Control,32,,SV2A,25,,Control,24,,SV2A,26,,SV2A
D14-20240317(13).edf,batch 3,,30,,SV2A,29,,SV2A,31,,Control,33,,Control,32,,SV2A,25,,Control,24,,SV2A,26,,SV2A
D14-20240317(14).edf,batch 3,,30,,SV2A,29,,SV2A,31,,Control,33,,Control,32,,SV2A,25,,Control,24,,SV2A,26,,SV2A
D14-20240317(15).edf,batch 3,,30,,SV2A,29,,SV2A,31,,Control,33,,Control,32,,SV2A,25,,Control,24,,SV2A,26,,SV2A
D14-20240317(1).edf,batch 3,,30,,SV2A,29,,SV2A,31,,Control,33,,Control,32,,SV2A,25,,Control,24,,SV2A,26,,SV2A
D14-20240317(2).edf,batch 3,,30,,SV2A,29,,SV2A,31,,Control,33,,Control,32,,SV2A,25,,Control,24,,SV2A,26,,SV2A
D14-20240317(3).edf,batch 3,,30,,SV2A,29,,SV2A,31,,Control,33,,Control,32,,SV2A,25,,Control,24,,SV2A,26,,SV2A
D14-20240317(4).edf,batch 3,,30,,SV2A,29,,SV2A,31,,Control,33,,Control,32,,SV2A,25,,Control,24,,SV2A,26,,SV2A
D14-20240317(5).edf,batch 3,,30,,SV2A,29,,SV2A,31,,Control,33,,Control,32,,SV2A,25,,Control,24,,SV2A,26,,SV2A
D14-20240317(6).edf,batch 3,,30,,SV2A,29,,SV2A,31,,Control,33,,Control,32,,SV2A,25,,Control,24,,SV2A,26,,SV2A
D14-20240317(7).edf,batch 3,,30,,SV2A,29,,SV2A,31,,Control,33,,Control,32,,SV2A,25,,Control,24,,SV2A,26,,SV2A
D14-20240317(8).edf,batch 3,,30,,SV2A,29,,SV2A,31,,Control,33,,Control,32,,SV2A,25,,Control,24,,SV2A,26,,SV2A
D14-20240317(9).edf,batch 3,,30,,SV2A,29,,SV2A,31,,Control,33,,Control,32,,SV2A,25,,Control,24,,SV2A,26,,SV2A
D15-20240318(10).edf,batch 3,,30,,SV2A,29,,SV2A,31,,Control,33,,Control,32,,SV2A,25,,Control,24,,SV2A,26,,SV2A
D15-20240318(11).edf,batch 3,,30,,SV2A,29,,SV2A,31,,Control,33,,Control,32,,SV2A,25,,Control,24,,SV2A,26,,SV2A
D15-20240318(12).edf,batch 3,,30,,SV2A,29,,SV2A,31,,Control,33,,Control,32,,SV2A,25,,Control,24,,SV2A,26,,SV2A
D15-20240318(13).edf,batch 3,,30,,SV2A,29,,SV2A,31,,Control,33,,Control,32,,SV2A,25,,Control,24,,SV2A,26,,SV2A
D15-20240318(14).edf,batch 3,,30,,SV2A,29,,SV2A,31,,Control,33,,Control,32,,SV2A,25,,Control,24,,SV2A,26,,SV2A
D15-20240318(15).edf,batch 3,,30,,SV2A,29,,SV2A,31,,Control,33,,Control,32,,SV2A,25,,Control,24,,SV2A,26,,SV2A
D15-20240318(16).edf,batch 3,,30,,SV2A,29,,SV2A,31,,Control,33,,Control,32,,SV2A,25,,Control,24,,SV2A,26,,SV2A
D15-20240318(17).edf,batch 3,,30,,SV2A,29,,SV2A,31,,Control,33,,Control,32,,SV2A,25,,Control,24,,SV2A,26,,SV2A
D15-20240318(18).edf,batch 3,,30,,SV2A,29,,SV2A,31,,Control,33,,Control,32,,SV2A,25,,Control,24,,SV2A,26,,SV2A
D15-20240318(19).edf,batch 3,,30,,SV2A,29,,SV2A,31,,Control,33,,Control,32,,SV2A,25,,Control,24,,SV2A,26,,SV2A
D15-20240318(1).edf,batch 3,,30,,SV2A,29,,SV2A,31,,Control,33,,Control,32,,SV2A,25,,Control,24,,SV2A,26,,SV2A
D15-20240318(20).edf,batch 3,,30,,SV2A,29,,SV2A,31,,Control,33,,Control,32,,SV2A,25,,Control,24,,SV2A,26,,SV2A
D15-20240318(21).edf,batch 3,,30,,SV2A,29,,SV2A,31,,Control,33,,Control,32,,SV2A,25,,Control,24,,SV2A,26,,SV2A
D15-20240318(2).edf,batch 3,,30,,SV2A,29,,SV2A,31,,Control,33,,Control,32,,SV2A,25,,Control,24,,SV2A,26,,SV2A
D15-20240318(3).edf,batch 3,,30,,SV2A,29,,SV2A,31,,Control,33,,Control,32,,SV2A,25,,Control,24,,SV2A,26,,SV2A
D15-20240318(4).edf,batch 3,,30,,SV2A,29,,SV2A,31,,Control,33,,Control,32,,SV2A,25,,Control,24,,SV2A,26,,SV2A
D15-20240318(5).edf,batch 3,,30,,SV2A,29,,SV2A,31,,Control,33,,Control,32,,SV2A,25,,Control,24,,SV2A,26,,SV2A
D15-20240318(6).edf,batch 3,,30,,SV2A,29,,SV2A,31,,Control,33,,Control,32,,SV2A,25,,Control,24,,SV2A,26,,SV2A
D15-20240318(7).edf,batch 3,,30,,SV2A,29,,SV2A,31,,Control,33,,Control,32,,SV2A,25,,Control,24,,SV2A,26,,SV2A
D15-20240318(8).edf,batch 3,,30,,SV2A,29,,SV2A,31,,Control,33,,Control,32,,SV2A,25,,Control,24,,SV2A,26,,SV2A
D15-20240318(9).edf,batch 3,,30,,SV2A,29,,SV2A,31,,Control,33,,Control,32,,SV2A,25,,Control,24,,SV2A,26,,SV2A
D16-20240319(10).edf,batch 3,,30,,SV2A,29,,SV2A,31,,Control,33,,Control,32,,SV2A,25,,Control,24,,SV2A,26,,SV2A
D16-20240319(11).edf,batch 3,,30,,SV2A,29,,SV2A,31,,Control,33,,Control,32,,SV2A,25,,Control,24,,SV2A,26,,SV2A
D16-20240319(12).edf,batch 3,,30,,SV2A,29,,SV2A,31,,Control,33,,Control,32,,SV2A,25,,Control,24,,SV2A,26,,SV2A
D16-20240319(13).edf,batch 3,,30,,SV2A,29,,SV2A,31,,Control,33,,Control,32,,SV2A,25,,Control,24,,SV2A,26,,SV2A
D16-20240319(14).edf,batch 3,,30,,SV2A,29,,SV2A,31,,Control,33,,Control,32,,SV2A,25,,Control,24,,SV2A,26,,SV2A
D16-20240319(1).edf,batch 3,,30,,SV2A,29,,SV2A,31,,Control,33,,Control,32,,SV2A,25,,Control,24,,SV2A,26,,SV2A
D16-20240319(2).edf,batch 3,,30,,SV2A,29,,SV2A,31,,Control,33,,Control,32,,SV2A,25,,Control,24,,SV2A,26,,SV2A
D16-20240319(3).edf,batch 3,,30,,SV2A,29,,SV2A,31,,Control,33,,Control,32,,SV2A,25,,Control,24,,SV2A,26,,SV2A
D16-20240319(4).edf,batch 3,,30,,SV2A,29,,SV2A,31,,Control,33,,Control,32,,SV2A,25,,Control,24,,SV2A,26,,SV2A
D16-20240319(5).edf,batch 3,,30,,SV2A,29,,SV2A,31,,Control,33,,Control,32,,SV2A,25,,Control,24,,SV2A,26,,SV2A
D16-20240319(6).edf,batch 3,,30,,SV2A,29,,SV2A,31,,Control,33,,Control,32,,SV2A,25,,Control,24,,SV2A,26,,SV2A
D16-20240319(7).edf,batch 3,,30,,SV2A,29,,SV2A,31,,Control,33,,Control,32,,SV2A,25,,Control,24,,SV2A,26,,SV2A
D16-20240319(8).edf,batch 3,,30,,SV2A,29,,SV2A,31,,Control,33,,Control,32,,SV2A,25,,Control,24,,SV2A,26,,SV2A
D16-20240319(9).edf,batch 3,,30,,SV2A,29,,SV2A,31,,Control,33,,Control,32,,SV2A,25,,Control,24,,SV2A,26,,SV2A
D17-20240320(10).edf,batch 3,,30,,SV2A,29,,SV2A,31,,Control,33,,Control,32,,SV2A,25,,Control,24,,SV2A,26,,SV2A
D17-20240320(11).edf,batch 3,,30,,SV2A,29,,SV2A,31,,Control,33,,Control,32,,SV2A,25,,Control,24,,SV2A,26,,SV2A
D17-20240320(12).edf,batch 3,,30,,SV2A,29,,SV2A,31,,Control,33,,Control,32,,SV2A,25,,Control,24,,SV2A,26,,SV2A
D17-20240320(13).edf,batch 3,,30,,SV2A,29,,SV2A,31,,Control,33,,Control,32,,SV2A,25,,Control,24,,SV2A,26,,SV2A
D17-20240320(14).edf,batch 3,,30,,SV2A,29,,SV2A,31,,Control,33,,Control,32,,SV2A,25,,Control,24,,SV2A,26,,SV2A
D17-20240320(15).edf,batch 3,,30,,SV2A,29,,SV2A,31,,Control,33,,Control,32,,SV2A,25,,Control,24,,SV2A,26,,SV2A
D17-20240320(16).edf,batch 3,,30,,SV2A,29,,SV2A,31,,Control,33,,Control,32,,SV2A,25,,Control,24,,SV2A,26,,SV2A
D17-20240320(17).edf,batch 3,,30,,SV2A,29,,SV2A,31,,Control,33,,Control,32,,SV2A,25,,Control,24,,SV2A,26,,SV2A
D17-20240320(18).edf,batch 3,,30,,SV2A,29,,SV2A,31,,Control,33,,Control,32,,SV2A,25,,Control,24,,SV2A,26,,SV2A
D17-20240320(1).edf,batch 3,,30,,SV2A,29,,SV2A,31,,Control,33,,Control,32,,SV2A,25,,Control,24,,SV2A,26,,SV2A
D17-20240320(2).edf,batch 3,,30,,SV2A,29,,SV2A,31,,Control,33,,Control,32,,SV2A,25,,Control,24,,SV2A,26,,SV2A
D17-20240320(3).edf,batch 3,,30,,SV2A,29,,SV2A,31,,Control,33,,Control,32,,SV2A,25,,Control,24,,SV2A,26,,SV2A
D17-20240320(4).edf,batch 3,,30,,SV2A,29,,SV2A,31,,Control,33,,Control,32,,SV2A,25,,Control,24,,SV2A,26,,SV2A
D17-20240320(5).edf,batch 3,,30,,SV2A,29,,SV2A,31,,Control,33,,Control,32,,SV2A,25,,Control,24,,SV2A,26,,SV2A
D17-20240320(6).edf,batch 3,,30,,SV2A,29,,SV2A,31,,Control,33,,Control,32,,SV2A,25,,Control,24,,SV2A,26,,SV2A
D17-20240320(7).edf,batch 3,,30,,SV2A,29,,SV2A,31,,Control,33,,Control,32,,SV2A,25,,Control,24,,SV2A,26,,SV2A
D17-20240320(8).edf,batch 3,,30,,SV2A,29,,SV2A,31,,Control,33,,Control,32,,SV2A,25,,Control,24,,SV2A,26,,SV2A
D17-20240320(9).edf,batch 3,,30,,SV2A,29,,SV2A,31,,Control,33,,Control,32,,SV2A,25,,Control,24,,SV2A,26,,SV2A
D18+19-20240321(10).edf,batch 3,,30,,SV2A,29,,SV2A,31,,Control,33,,Control,32,,SV2A,25,,Control,24,,SV2A,26,,SV2A
D18+19-20240321(11).edf,batch 3,,30,,SV2A,29,,SV2A,31,,Control,33,,Control,32,,SV2A,25,,Control,24,,SV2A,26,,SV2A
D18+19-20240321(12).edf,batch 3,,30,,SV2A,29,,SV2A,31,,Control,33,,Control,32,,SV2A,25,,Control,24,,SV2A,26,,SV2A
D18+19-20240321(13).edf,batch 3,,30,,SV2A,29,,SV2A,31,,Control,33,,Control,32,,SV2A,25,,Control,24,,SV2A,26,,SV2A
D18+19-20240321(14).edf,batch 3,,30,,SV2A,29,,SV2A,31,,Control,33,,Control,32,,SV2A,25,,Control,24,,SV2A,26,,SV2A
D18+19-20240321(15).edf,batch 3,,30,,SV2A,29,,SV2A,31,,Control,33,,Control,32,,SV2A,25,,Control,24,,SV2A,26,,SV2A
D18+19-20240321(16).edf,batch 3,,30,,SV2A,29,,SV2A,31,,Control,33,,Control,32,,SV2A,25,,Control,24,,SV2A,26,,SV2A
D18+19-20240321(17).edf,batch 3,,30,,SV2A,29,,SV2A,31,,Control,33,,Control,32,,SV2A,25,,Control,24,,SV2A,26,,SV2A
D18+19-20240321(18).edf,batch 3,,30,,SV2A,29,,SV2A,31,,Control,33,,Control,32,,SV2A,25,,Control,24,,SV2A,26,,SV2A
D18+19-20240321(19).edf,batch 3,,30,,SV2A,29,,SV2A,31,,Control,33,,Control,32,,SV2A,25,,Control,24,,SV2A,26,,SV2A
D18+19-20240321(1).edf,batch 3,,30,,SV2A,29,,SV2A,31,,Control,33,,Control,32,,SV2A,25,,Control,24,,SV2A,26,,SV2A
D18+19-20240321(20).edf,batch 3,,30,,SV2A,29,,SV2A,31,,Control,33,,Control,32,,SV2A,25,,Control,24,,SV2A,26,,SV2A
D18+19-20240321(21).edf,batch 3,,30,,SV2A,29,,SV2A,31,,Control,33,,Control,32,,SV2A,25,,Control,24,,SV2A,26,,SV2A
D18+19-20240321(22).edf,batch 3,,30,,SV2A,29,,SV2A,31,,Control,33,,Control,32,,SV2A,25,,Control,24,,SV2A,26,,SV2A
D18+19-20240321(23).edf,batch 3,,30,,SV2A,29,,SV2A,31,,Control,33,,Control,32,,SV2A,25,,Control,24,,SV2A,26,,SV2A
D18+19-20240321(24).edf,batch 3,,30,,SV2A,29,,SV2A,31,,Control,33,,Control,32,,SV2A,25,,Control,24,,SV2A,26,,SV2A
D18+19-20240321(25).edf,batch 3,,30,,SV2A,29,,SV2A,31,,Control,33,,Control,32,,SV2A,25,,Control,24,,SV2A,26,,SV2A
D18+19-20240321(26).edf,batch 3,,30,,SV2A,29,,SV2A,31,,Control,33,,Control,32,,SV2A,25,,Control,24,,SV2A,26,,SV2A
D18+19-20240321(27).edf,batch 3,,30,,SV2A,29,,SV2A,31,,Control,33,,Control,32,,SV2A,25,,Control,24,,SV2A,26,,SV2A
D18+19-20240321(28).edf,batch 3,,30,,SV2A,29,,SV2A,31,,Control,33,,Control,32,,SV2A,25,,Control,24,,SV2A,26,,SV2A
D18+19-20240321(29).edf,batch 3,,30,,SV2A,29,,SV2A,31,,Control,33,,Control,32,,SV2A,25,,Control,24,,SV2A,26,,SV2A
D18+19-20240321(2).edf,batch 3,,30,,SV2A,29,,SV2A,31,,Control,33,,Control,32,,SV2A,25,,Control,24,,SV2A,26,,SV2A
D18+19-20240321(30).edf,batch 3,,30,,SV2A,29,,SV2A,31,,Control,33,,Control,32,,SV2A,25,,Control,24,,SV2A,26,,SV2A
D18+19-20240321(31).edf,batch 3,,30,,SV2A,29,,SV2A,31,,Control,33,,Control,32,,SV2A,25,,Control,24,,SV2A,26,,SV2A
D18+19-20240321(32).edf,batch 3,,30,,SV2A,29,,SV2A,31,,Control,33,,Control,32,,SV2A,25,,Control,24,,SV2A,26,,SV2A
D18+19-20240321(33).edf,batch 3,,30,,SV2A,29,,SV2A,31,,Control,33,,Control,32,,SV2A,25,,Control,24,,SV2A,26,,SV2A
D18+19-20240321(34).edf,batch 3,,30,,SV2A,29,,SV2A,31,,Control,33,,Control,32,,SV2A,25,,Control,24,,SV2A,26,,SV2A
D18+19-20240321(35).edf,batch 3,,30,,SV2A,29,,SV2A,31,,Control,33,,Control,32,,SV2A,25,,Control,24,,SV2A,26,,SV2A
D18+19-20240321(36).edf,batch 3,,30,,SV2A,29,,SV2A,31,,Control,33,,Control,32,,SV2A,25,,Control,24,,SV2A,26,,SV2A
D18+19-20240321(37).edf,batch 3,,30,,SV2A,29,,SV2A,31,,Control,33,,Control,32,,SV2A,25,,Control,24,,SV2A,26,,SV2A
D18+19-20240321(38).edf,batch 3,,30,,SV2A,29,,SV2A,31,,Control,33,,Control,32,,SV2A,25,,Control,24,,SV2A,26,,SV2A
D18+19-20240321(3).edf,batch 3,,30,,SV2A,29,,SV2A,31,,Control,33,,Control,32,,SV2A,25,,Control,24,,SV2A,26,,SV2A
D18+19-20240321(4).edf,batch 3,,30,,SV2A,29,,SV2A,31,,Control,33,,Control,32,,SV2A,25,,Control,24,,SV2A,26,,SV2A
D18+19-20240321(5).edf,batch 3,,30,,SV2A,29,,SV2A,31,,Control,33,,Control,32,,SV2A,25,,Control,24,,SV2A,26,,SV2A
D18+19-20240321(6).edf,batch 3,,30,,SV2A,29,,SV2A,31,,Control,33,,Control,32,,SV2A,25,,Control,24,,SV2A,26,,SV2A
D18+19-20240321(7).edf,batch 3,,30,,SV2A,29,,SV2A,31,,Control,33,,Control,32,,SV2A,25,,Control,24,,SV2A,26,,SV2A
D18+19-20240321(8).edf,batch 3,,30,,SV2A,29,,SV2A,31,,Control,33,,Control,32,,SV2A,25,,Control,24,,SV2A,26,,SV2A
D18+19-20240321(9).edf,batch 3,,30,,SV2A,29,,SV2A,31,,Control,33,,Control,32,,SV2A,25,,Control,24,,SV2A,26,,SV2A
D20-20240323(10).edf,batch 3,,30,,SV2A,29,,SV2A,31,,Control,33,,Control,32,,SV2A,25,,Control,24,,SV2A,26,,SV2A
D20-20240323(11).edf,batch 3,,30,,SV2A,29,,SV2A,31,,Control,33,,Control,32,,SV2A,25,,Control,24,,SV2A,26,,SV2A
D20-20240323(12).edf,batch 3,,30,,SV2A,29,,SV2A,31,,Control,33,,Control,32,,SV2A,25,,Control,24,,SV2A,26,,SV2A
D20-20240323(1).edf,batch 3,,30,,SV2A,29,,SV2A,31,,Control,33,,Control,32,,SV2A,25,,Control,24,,SV2A,26,,SV2A
D20-20240323(2).edf,batch 3,,30,,SV2A,29,,SV2A,31,,Control,33,,Control,32,,SV2A,25,,Control,24,,SV2A,26,,SV2A
D20-20240323(3).edf,batch 3,,30,,SV2A,29,,SV2A,31,,Control,33,,Control,32,,SV2A,25,,Control,24,,SV2A,26,,SV2A
D20-20240323(4).edf,batch 3,,30,,SV2A,29,,SV2A,31,,Control,33,,Control,32,,SV2A,25,,Control,24,,SV2A,26,,SV2A
D20-20240323(5).edf,batch 3,,30,,SV2A,29,,SV2A,31,,Control,33,,Control,32,,SV2A,25,,Control,24,,SV2A,26,,SV2A
D20-20240323(6).edf,batch 3,,30,,SV2A,29,,SV2A,31,,Control,33,,Control,32,,SV2A,25,,Control,24,,SV2A,26,,SV2A
D20-20240323(7).edf,batch 3,,30,,SV2A,29,,SV2A,31,,Control,33,,Control,32,,SV2A,25,,Control,24,,SV2A,26,,SV2A
D20-20240323(8).edf,batch 3,,30,,SV2A,29,,SV2A,31,,Control,33,,Control,32,,SV2A,25,,Control,24,,SV2A,26,,SV2A
D20-20240323(9).edf,batch 3,,30,,SV2A,29,,SV2A,31,,Control,33,,Control,32,,SV2A,25,,Control,24,,SV2A,26,,SV2A
D21-20240324(10).edf,batch 3,,30,,SV2A,29,,SV2A,31,,Control,33,,Control,32,,SV2A,25,,Control,24,,SV2A,26,,SV2A
D21-20240324(11).edf,batch 3,,30,,SV2A,29,,SV2A,31,,Control,33,,Control,32,,SV2A,25,,Control,24,,SV2A,26,,SV2A
D21-20240324(12).edf,batch 3,,30,,SV2A,29,,SV2A,31,,Control,33,,Control,32,,SV2A,25,,Control,24,,SV2A,26,,SV2A
D21-20240324(13).edf,batch 3,,30,,SV2A,29,,SV2A,31,,Control,33,,Control,32,,SV2A,25,,Control,24,,SV2A,26,,SV2A
D21-20240324(14).edf,batch 3,,30,,SV2A,29,,SV2A,31,,Control,33,,Control,32,,SV2A,25,,Control,24,,SV2A,26,,SV2A
D21-20240324(15).edf,batch 3,,30,,SV2A,29,,SV2A,31,,Control,33,,Control,32,,SV2A,25,,Control,24,,SV2A,26,,SV2A
D21-20240324(16).edf,batch 3,,30,,SV2A,29,,SV2A,31,,Control,33,,Control,32,,SV2A,25,,Control,24,,SV2A,26,,SV2A
D21-20240324(17).edf,batch 3,,30,,SV2A,29,,SV2A,31,,Control,33,,Control,32,,SV2A,25,,Control,24,,SV2A,26,,SV2A
D21-20240324(1).edf,batch 3,,30,,SV2A,29,,SV2A,31,,Control,33,,Control,32,,SV2A,25,,Control,24,,SV2A,26,,SV2A
D21-20240324(2).edf,batch 3,,30,,SV2A,29,,SV2A,31,,Control,33,,Control,32,,SV2A,25,,Control,24,,SV2A,26,,SV2A
D21-20240324(3).edf,batch 3,,30,,SV2A,29,,SV2A,31,,Control,33,,Control,32,,SV2A,25,,Control,24,,SV2A,26,,SV2A
D21-20240324(4).edf,batch 3,,30,,SV2A,29,,SV2A,31,,Control,33,,Control,32,,SV2A,25,,Control,24,,SV2A,26,,SV2A
D21-20240324(5).edf,batch 3,,30,,SV2A,29,,SV2A,31,,Control,33,,Control,32,,SV2A,25,,Control,24,,SV2A,26,,SV2A
D21-20240324(6).edf,batch 3,,30,,SV2A,29,,SV2A,31,,Control,33,,Control,32,,SV2A,25,,Control,24,,SV2A,26,,SV2A
D21-20240324(7).edf,batch 3,,30,,SV2A,29,,SV2A,31,,Control,33,,Control,32,,SV2A,25,,Control,24,,SV2A,26,,SV2A
D21-20240324(8).edf,batch 3,,30,,SV2A,29,,SV2A,31,,Control,33,,Control,32,,SV2A,25,,Control,24,,SV2A,26,,SV2A
D21-20240324(9).edf,batch 3,,30,,SV2A,29,,SV2A,31,,Control,33,,Control,32,,SV2A,25,,Control,24,,SV2A,26,,SV2A
D22-20240325(10).edf,batch 3,,30,,SV2A,29,,SV2A,31,,Control,33,,Control,32,,SV2A,25,,Control,24,,SV2A,26,,SV2A
D22-20240325(11).edf,batch 3,,30,,SV2A,29,,SV2A,31,,Control,33,,Control,32,,SV2A,25,,Control,24,,SV2A,26,,SV2A
D22-20240325(12).edf,batch 3,,30,,SV2A,29,,SV2A,31,,Control,33,,Control,32,,SV2A,25,,Control,24,,SV2A,26,,SV2A
D22-20240325(13).edf,batch 3,,30,,SV2A,29,,SV2A,31,,Control,33,,Control,32,,SV2A,25,,Control,24,,SV2A,26,,SV2A
D22-20240325(14).edf,batch 3,,30,,SV2A,29,,SV2A,31,,Control,33,,Control,32,,SV2A,25,,Control,24,,SV2A,26,,SV2A
D22-20240325(1).edf,batch 3,,30,,SV2A,29,,SV2A,31,,Control,33,,Control,32,,SV2A,25,,Control,24,,SV2A,26,,SV2A
D22-20240325(2).edf,batch 3,,30,,SV2A,29,,SV2A,31,,Control,33,,Control,32,,SV2A,25,,Control,24,,SV2A,26,,SV2A
D22-20240325(3).edf,batch 3,,30,,SV2A,29,,SV2A,31,,Control,33,,Control,32,,SV2A,25,,Control,24,,SV2A,26,,SV2A
D22-20240325(4).edf,batch 3,,30,,SV2A,29,,SV2A,31,,Control,33,,Control,32,,SV2A,25,,Control,24,,SV2A,26,,SV2A
D22-20240325(5).edf,batch 3,,30,,SV2A,29,,SV2A,31,,Control,33,,Control,32,,SV2A,25,,Control,24,,SV2A,26,,SV2A
D22-20240325(6).edf,batch 3,,30,,SV2A,29,,SV2A,31,,Control,33,,Control,32,,SV2A,25,,Control,24,,SV2A,26,,SV2A
D22-20240325(7).edf,batch 3,,30,,SV2A,29,,SV2A,31,,Control,33,,Control,32,,SV2A,25,,Control,24,,SV2A,26,,SV2A
D22-20240325(8).edf,batch 3,,30,,SV2A,29,,SV2A,31,,Control,33,,Control,32,,SV2A,25,,Control,24,,SV2A,26,,SV2A
D22-20240325(9).edf,batch 3,,30,,SV2A,29,,SV2A,31,,Control,33,,Control,32,,SV2A,25,,Control,24,,SV2A,26,,SV2A
D23-20240326(10).edf,batch 3,,30,,SV2A,29,,SV2A,31,,Control,33,,Control,32,,SV2A,25,,Control,24,,SV2A,26,,SV2A
D23-20240326(11).edf,batch 3,,30,,SV2A,29,,SV2A,31,,Control,33,,Control,32,,SV2A,25,,Control,24,,SV2A,26,,SV2A
D23-20240326(12).edf,batch 3,,30,,SV2A,29,,SV2A,31,,Control,33,,Control,32,,SV2A,25,,Control,24,,SV2A,26,,SV2A
D23-20240326(13).edf,batch 3,,30,,SV2A,29,,SV2A,31,,Control,33,,Control,32,,SV2A,25,,Control,24,,SV2A,26,,SV2A
D23-20240326(14).edf,batch 3,,30,,SV2A,29,,SV2A,31,,Control,33,,Control,32,,SV2A,25,,Control,24,,SV2A,26,,SV2A
D23-20240326(15).edf,batch 3,,30,,SV2A,29,,SV2A,31,,Control,33,,Control,32,,SV2A,25,,Control,24,,SV2A,26,,SV2A
D23-20240326(16).edf,batch 3,,30,,SV2A,29,,SV2A,31,,Control,33,,Control,32,,SV2A,25,,Control,24,,SV2A,26,,SV2A
D23-20240326(17).edf,batch 3,,30,,SV2A,29,,SV2A,31,,Control,33,,Control,32,,SV2A,25,,Control,24,,SV2A,26,,SV2A
D23-20240326(18).edf,batch 3,,30,,SV2A,29,,SV2A,31,,Control,33,,Control,32,,SV2A,25,,Control,24,,SV2A,26,,SV2A
D23-20240326(19).edf,batch 3,,30,,SV2A,29,,SV2A,31,,Control,33,,Control,32,,SV2A,25,,Control,24,,SV2A,26,,SV2A
D23-20240326(1).edf,batch 3,,30,,SV2A,29,,SV2A,31,,Control,33,,Control,32,,SV2A,25,,Control,24,,SV2A,26,,SV2A
D23-20240326(2).edf,batch 3,,30,,SV2A,29,,SV2A,31,,Control,33,,Control,32,,SV2A,25,,Control,24,,SV2A,26,,SV2A
D23-20240326(3).edf,batch 3,,30,,SV2A,29,,SV2A,31,,Control,33,,Control,32,,SV2A,25,,Control,24,,SV2A,26,,SV2A
D23-20240326(4).edf,batch 3,,30,,SV2A,29,,SV2A,31,,Control,33,,Control,32,,SV2A,25,,Control,24,,SV2A,26,,SV2A
D23-20240326(5).edf,batch 3,,30,,SV2A,29,,SV2A,31,,Control,33,,Control,32,,SV2A,25,,Control,24,,SV2A,26,,SV2A
D23-20240326(6).edf,batch 3,,30,,SV2A,29,,SV2A,31,,Control,33,,Control,32,,SV2A,25,,Control,24,,SV2A,26,,SV2A
D23-20240326(7).edf,batch 3,,30,,SV2A,29,,SV2A,31,,Control,33,,Control,32,,SV2A,25,,Control,24,,SV2A,26,,SV2A
D23-20240326(8).edf,batch 3,,30,,SV2A,29,,SV2A,31,,Control,33,,Control,32,,SV2A,25,,Control,24,,SV2A,26,,SV2A
D23-20240326(9).edf,batch 3,,30,,SV2A,29,,SV2A,31,,Control,33,,Control,32,,SV2A,25,,Control,24,,SV2A,26,,SV2A
D24-20240327(10).edf,batch 3,,30,,SV2A,29,,SV2A,31,,Control,33,,Control,32,,SV2A,25,,Control,24,,SV2A,26,,SV2A
D24-20240327(11).edf,batch 3,,30,,SV2A,29,,SV2A,31,,Control,33,,Control,32,,SV2A,25,,Control,24,,SV2A,26,,SV2A
D24-20240327(12).edf,batch 3,,30,,SV2A,29,,SV2A,31,,Control,33,,Control,32,,SV2A,25,,Control,24,,SV2A,26,,SV2A
D24-20240327(13).edf,batch 3,,30,,SV2A,29,,SV2A,31,,Control,33,,Control,32,,SV2A,25,,Control,24,,SV2A,26,,SV2A
D24-20240327(14).edf,batch 3,,30,,SV2A,29,,SV2A,31,,Control,33,,Control,32,,SV2A,25,,Control,24,,SV2A,26,,SV2A
D24-20240327(15).edf,batch 3,,30,,SV2A,29,,SV2A,31,,Control,33,,Control,32,,SV2A,25,,Control,24,,SV2A,26,,SV2A
D24-20240327(16).edf,batch 3,,30,,SV2A,29,,SV2A,31,,Control,33,,Control,32,,SV2A,25,,Control,24,,SV2A,26,,SV2A
D24-20240327(1).edf,batch 3,,30,,SV2A,29,,SV2A,31,,Control,33,,Control,32,,SV2A,25,,Control,24,,SV2A,26,,SV2A
D24-20240327(2).edf,batch 3,,30,,SV2A,29,,SV2A,31,,Control,33,,Control,32,,SV2A,25,,Control,24,,SV2A,26,,SV2A
D24-20240327(3).edf,batch 3,,30,,SV2A,29,,SV2A,31,,Control,33,,Control,32,,SV2A,25,,Control,24,,SV2A,26,,SV2A
D24-20240327(4).edf,batch 3,,30,,SV2A,29,,SV2A,31,,Control,33,,Control,32,,SV2A,25,,Control,24,,SV2A,26,,SV2A
D24-20240327(5).edf,batch 3,,30,,SV2A,29,,SV2A,31,,Control,33,,Control,32,,SV2A,25,,Control,24,,SV2A,26,,SV2A
D24-20240327(6).edf,batch 3,,30,,SV2A,29,,SV2A,31,,Control,33,,Control,32,,SV2A,25,,Control,24,,SV2A,26,,SV2A
D24-20240327(7).edf,batch 3,,30,,SV2A,29,,SV2A,31,,Control,33,,Control,32,,SV2A,25,,Control,24,,SV2A,26,,SV2A
D24-20240327(8).edf,batch 3,,30,,SV2A,29,,SV2A,31,,Control,33,,Control,32,,SV2A,25,,Control,24,,SV2A,26,,SV2A
D24-20240327(9).edf,batch 3,,30,,SV2A,29,,SV2A,31,,Control,33,,Control,32,,SV2A,25,,Control,24,,SV2A,26,,SV2A
D25-20240328(10).edf,batch 3,,30,,SV2A,29,,SV2A,31,,Control,33,,Control,32,,SV2A,25,,Control,24,,SV2A,26,,SV2A
D25-20240328(11).edf,batch 3,,30,,SV2A,29,,SV2A,31,,Control,33,,Control,32,,SV2A,25,,Control,24,,SV2A,26,,SV2A
D25-20240328(1).edf,batch 3,,30,,SV2A,29,,SV2A,31,,Control,33,,Control,32,,SV2A,25,,Control,24,,SV2A,26,,SV2A
D25-20240328(2).edf,batch 3,,30,,SV2A,29,,SV2A,31,,Control,33,,Control,32,,SV2A,25,,Control,24,,SV2A,26,,SV2A
D25-20240328(3).edf,batch 3,,30,,SV2A,29,,SV2A,31,,Control,33,,Control,32,,SV2A,25,,Control,24,,SV2A,26,,SV2A
D25-20240328(4).edf,batch 3,,30,,SV2A,29,,SV2A,31,,Control,33,,Control,32,,SV2A,25,,Control,24,,SV2A,26,,SV2A
D25-20240328(5).edf,batch 3,,30,,SV2A,29,,SV2A,31,,Control,33,,Control,32,,SV2A,25,,Control,24,,SV2A,26,,SV2A
D25-20240328(6).edf,batch 3,,30,,SV2A,29,,SV2A,31,,Control,33,,Control,32,,SV2A,25,,Control,24,,SV2A,26,,SV2A
D25-20240328(7).edf,batch 3,,30,,SV2A,29,,SV2A,31,,Control,33,,Control,32,,SV2A,25,,Control,24,,SV2A,26,,SV2A
D25-20240328(8).edf,batch 3,,30,,SV2A,29,,SV2A,31,,Control,33,,Control,32,,SV2A,25,,Control,24,,SV2A,26,,SV2A
D25-20240328(9).edf,batch 3,,30,,SV2A,29,,SV2A,31,,Control,33,,Control,32,,SV2A,25,,Control,24,,SV2A,26,,SV2A
D26-20240329(1).edf,batch 3,,30,,SV2A,29,,SV2A,31,,Control,33,,Control,32,,SV2A,25,,Control,24,,SV2A,26,,SV2A
D26-20240329(2).edf,batch 3,,30,,SV2A,29,,SV2A,31,,Control,33,,Control,32,,SV2A,25,,Control,24,,SV2A,26,,SV2A
D26-20240329(3).edf,batch 3,,30,,SV2A,29,,SV2A,31,,Control,33,,Control,32,,SV2A,25,,Control,24,,SV2A,26,,SV2A
D26-20240329(4).edf,batch 3,,30,,SV2A,29,,SV2A,31,,Control,33,,Control,32,,SV2A,25,,Control,24,,SV2A,26,,SV2A
D26-20240329(5).edf,batch 3,,30,,SV2A,29,,SV2A,31,,Control,33,,Control,32,,SV2A,25,,Control,24,,SV2A,26,,SV2A
D26-20240329(6).edf,batch 3,,30,,SV2A,29,,SV2A,31,,Control,33,,Control,32,,SV2A,25,,Control,24,,SV2A,26,,SV2A
D26-20240329(7).edf,batch 3,,30,,SV2A,29,,SV2A,31,,Control,33,,Control,32,,SV2A,25,,Control,24,,SV2A,26,,SV2A
D26-20240329(8).edf,batch 3,,30,,SV2A,29,,SV2A,31,,Control,33,,Control,32,,SV2A,25,,Control,24,,SV2A,26,,SV2A
D27-20240330(10).edf,batch 3,,30,,SV2A,29,,SV2A,31,,Control,33,,Control,32,,SV2A,25,,Control,24,,SV2A,26,,SV2A
D27-20240330(11).edf,batch 3,,30,,SV2A,29,,SV2A,31,,Control,33,,Control,32,,SV2A,25,,Control,24,,SV2A,26,,SV2A
D27-20240330(12).edf,batch 3,,30,,SV2A,29,,SV2A,31,,Control,33,,Control,32,,SV2A,25,,Control,24,,SV2A,26,,SV2A
D27-20240330(13).edf,batch 3,,30,,SV2A,29,,SV2A,31,,Control,33,,Control,32,,SV2A,25,,Control,24,,SV2A,26,,SV2A
D27-20240330(14).edf,batch 3,,30,,SV2A,29,,SV2A,31,,Control,33,,Control,32,,SV2A,25,,Control,24,,SV2A,26,,SV2A
D27-20240330(15).edf,batch 3,,30,,SV2A,29,,SV2A,31,,Control,33,,Control,32,,SV2A,25,,Control,24,,SV2A,26,,SV2A
D27-20240330(1).edf,batch 3,,30,,SV2A,29,,SV2A,31,,Control,33,,Control,32,,SV2A,25,,Control,24,,SV2A,26,,SV2A
D27-20240330(2).edf,batch 3,,30,,SV2A,29,,SV2A,31,,Control,33,,Control,32,,SV2A,25,,Control,24,,SV2A,26,,SV2A
D27-20240330(3).edf,batch 3,,30,,SV2A,29,,SV2A,31,,Control,33,,Control,32,,SV2A,25,,Control,24,,SV2A,26,,SV2A
D27-20240330(4).edf,batch 3,,30,,SV2A,29,,SV2A,31,,Control,33,,Control,32,,SV2A,25,,Control,24,,SV2A,26,,SV2A
D27-20240330(5).edf,batch 3,,30,,SV2A,29,,SV2A,31,,Control,33,,Control,32,,SV2A,25,,Control,24,,SV2A,26,,SV2A
D27-20240330(6).edf,batch 3,,30,,SV2A,29,,SV2A,31,,Control,33,,Control,32,,SV2A,25,,Control,24,,SV2A,26,,SV2A
D27-20240330(7).edf,batch 3,,30,,SV2A,29,,SV2A,31,,Control,33,,Control,32,,SV2A,25,,Control,24,,SV2A,26,,SV2A
D27-20240330(8).edf,batch 3,,30,,SV2A,29,,SV2A,31,,Control,33,,Control,32,,SV2A,25,,Control,24,,SV2A,26,,SV2A
D27-20240330(9).edf,batch 3,,30,,SV2A,29,,SV2A,31,,Control,33,,Control,32,,SV2A,25,,Control,24,,SV2A,26,,SV2A
D28-20240331(10).edf,batch 3,,30,,SV2A,29,,SV2A,31,,Control,33,,Control,32,,SV2A,25,,Control,24,,SV2A,26,,SV2A
D28-20240331(11).edf,batch 3,,30,,SV2A,29,,SV2A,31,,Control,33,,Control,32,,SV2A,25,,Control,24,,SV2A,26,,SV2A
D28-20240331(12).edf,batch 3,,30,,SV2A,29,,SV2A,31,,Control,33,,Control,32,,SV2A,25,,Control,24,,SV2A,26,,SV2A
D28-20240331(1).edf,batch 3,,30,,SV2A,29,,SV2A,31,,Control,33,,Control,32,,SV2A,25,,Control,24,,SV2A,26,,SV2A
D28-20240331(2).edf,batch 3,,30,,SV2A,29,,SV2A,31,,Control,33,,Control,32,,SV2A,25,,Control,24,,SV2A,26,,SV2A
D28-20240331(3).edf,batch 3,,30,,SV2A,29,,SV2A,31,,Control,33,,Control,32,,SV2A,25,,Control,24,,SV2A,26,,SV2A
D28-20240331(4).edf,batch 3,,30,,SV2A,29,,SV2A,31,,Control,33,,Control,32,,SV2A,25,,Control,24,,SV2A,26,,SV2A
D28-20240331(5).edf,batch 3,,30,,SV2A,29,,SV2A,31,,Control,33,,Control,32,,SV2A,25,,Control,24,,SV2A,26,,SV2A
D28-20240331(6).edf,batch 3,,30,,SV2A,29,,SV2A,31,,Control,33,,Control,32,,SV2A,25,,Control,24,,SV2A,26,,SV2A
D28-20240331(7).edf,batch 3,,30,,SV2A,29,,SV2A,31,,Control,33,,Control,32,,SV2A,25,,Control,24,,SV2A,26,,SV2A
D28-20240331(8).edf,batch 3,,30,,SV2A,29,,SV2A,31,,Control,33,,Control,32,,SV2A,25,,Control,24,,SV2A,26,,SV2A
D28-20240331(9).edf,batch 3,,30,,SV2A,29,,SV2A,31,,Control,33,,Control,32,,SV2A,25,,Control,24,,SV2A,26,,SV2A
D29-20240401(10).edf,batch 3,,30,,SV2A,29,,SV2A,31,,Control,33,,Control,32,,SV2A,25,,Control,24,,SV2A,26,,SV2A
D29-20240401(11).edf,batch 3,,30,,SV2A,29,,SV2A,31,,Control,33,,Control,32,,SV2A,25,,Control,24,,SV2A,26,,SV2A
D29-20240401(12).edf,batch 3,,30,,SV2A,29,,SV2A,31,,Control,33,,Control,32,,SV2A,25,,Control,24,,SV2A,26,,SV2A
D29-20240401(13).edf,batch 3,,30,,SV2A,29,,SV2A,31,,Control,33,,Control,32,,SV2A,25,,Control,24,,SV2A,26,,SV2A
D29-20240401(14).edf,batch 3,,30,,SV2A,29,,SV2A,31,,Control,33,,Control,32,,SV2A,25,,Control,24,,SV2A,26,,SV2A
D29-20240401(15).edf,batch 3,,30,,SV2A,29,,SV2A,31,,Control,33,,Control,32,,SV2A,25,,Control,24,,SV2A,26,,SV2A
D29-20240401(16).edf,batch 3,,30,,SV2A,29,,SV2A,31,,Control,33,,Control,32,,SV2A,25,,Control,24,,SV2A,26,,SV2A
D29-20240401(1).edf,batch 3,,30,,SV2A,29,,SV2A,31,,Control,33,,Control,32,,SV2A,25,,Control,24,,SV2A,26,,SV2A
D29-20240401(2).edf,batch 3,,30,,SV2A,29,,SV2A,31,,Control,33,,Control,32,,SV2A,25,,Control,24,,SV2A,26,,SV2A
D29-20240401(3).edf,batch 3,,30,,SV2A,29,,SV2A,31,,Control,33,,Control,32,,SV2A,25,,Control,24,,SV2A,26,,SV2A
D29-20240401(4).edf,batch 3,,30,,SV2A,29,,SV2A,31,,Control,33,,Control,32,,SV2A,25,,Control,24,,SV2A,26,,SV2A
D29-20240401(5).edf,batch 3,,30,,SV2A,29,,SV2A,31,,Control,33,,Control,32,,SV2A,25,,Control,24,,SV2A,26,,SV2A
D29-20240401(6).edf,batch 3,,30,,SV2A,29,,SV2A,31,,Control,33,,Control,32,,SV2A,25,,Control,24,,SV2A,26,,SV2A
D29-20240401(7).edf,batch 3,,30,,SV2A,29,,SV2A,31,,Control,33,,Control,32,,SV2A,25,,Control,24,,SV2A,26,,SV2A
D29-20240401(8).edf,batch 3,,30,,SV2A,29,,SV2A,31,,Control,33,,Control,32,,SV2A,25,,Control,24,,SV2A,26,,SV2A
D29-20240401(9).edf,batch 3,,30,,SV2A,29,,SV2A,31,,Control,33,,Control,32,,SV2A,25,,Control,24,,SV2A,26,,SV2A
D30-20240402(10).edf,batch 3,,30,,SV2A,29,,SV2A,31,,Control,33,,Control,32,,SV2A,25,,Control,24,,SV2A,26,,SV2A
D30-20240402(11).edf,batch 3,,30,,SV2A,29,,SV2A,31,,Control,33,,Control,32,,SV2A,25,,Control,24,,SV2A,26,,SV2A
D30-20240402(12).edf,batch 3,,30,,SV2A,29,,SV2A,31,,Control,33,,Control,32,,SV2A,25,,Control,24,,SV2A,26,,SV2A
D30-20240402(13).edf,batch 3,,30,,SV2A,29,,SV2A,31,,Control,33,,Control,32,,SV2A,25,,Control,24,,SV2A,26,,SV2A
D30-20240402(14).edf,batch 3,,30,,SV2A,29,,SV2A,31,,Control,33,,Control,32,,SV2A,25,,Control,24,,SV2A,26,,SV2A
D30-20240402(15).edf,batch 3,,30,,SV2A,29,,SV2A,31,,Control,33,,Control,32,,SV2A,25,,Control,24,,SV2A,26,,SV2A
D30-20240402(16).edf,batch 3,,30,,SV2A,29,,SV2A,31,,Control,33,,Control,32,,SV2A,25,,Control,24,,SV2A,26,,SV2A
D30-20240402(17).edf,batch 3,,30,,SV2A,29,,SV2A,31,,Control,33,,Control,32,,SV2A,25,,Control,24,,SV2A,26,,SV2A
D30-20240402(1).edf,batch 3,,30,,SV2A,29,,SV2A,31,,Control,33,,Control,32,,SV2A,25,,Control,24,,SV2A,26,,SV2A
D30-20240402(2).edf,batch 3,,30,,SV2A,29,,SV2A,31,,Control,33,,Control,32,,SV2A,25,,Control,24,,SV2A,26,,SV2A
D30-20240402(3).edf,batch 3,,30,,SV2A,29,,SV2A,31,,Control,33,,Control,32,,SV2A,25,,Control,24,,SV2A,26,,SV2A
D30-20240402(4).edf,batch 3,,30,,SV2A,29,,SV2A,31,,Control,33,,Control,32,,SV2A,25,,Control,24,,SV2A,26,,SV2A
D30-20240402(5).edf,batch 3,,30,,SV2A,29,,SV2A,31,,Control,33,,Control,32,,SV2A,25,,Control,24,,SV2A,26,,SV2A
D30-20240402(6).edf,batch 3,,30,,SV2A,29,,SV2A,31,,Control,33,,Control,32,,SV2A,25,,Control,24,,SV2A,26,,SV2A
D30-20240402(7).edf,batch 3,,30,,SV2A,29,,SV2A,31,,Control,33,,Control,32,,SV2A,25,,Control,24,,SV2A,26,,SV2A
D30-20240402(8).edf,batch 3,,30,,SV2A,29,,SV2A,31,,Control,33,,Control,32,,SV2A,25,,Control,24,,SV2A,26,,SV2A
D30-20240402(9).edf,batch 3,,30,,SV2A,29,,SV2A,31,,Control,33,,Control,32,,SV2A,25,,Control,24,,SV2A,26,,SV2A
D31-20240403(10).edf,batch 3,,30,,SV2A,29,,SV2A,31,,Control,33,,Control,32,,SV2A,25,,Control,24,,SV2A,26,,SV2A
D31-20240403(11).edf,batch 3,,30,,SV2A,29,,SV2A,31,,Control,33,,Control,32,,SV2A,25,,Control,24,,SV2A,26,,SV2A
D31-20240403(12).edf,batch 3,,30,,SV2A,29,,SV2A,31,,Control,33,,Control,32,,SV2A,25,,Control,24,,SV2A,26,,SV2A
D31-20240403(13).edf,batch 3,,30,,SV2A,29,,SV2A,31,,Control,33,,Control,32,,SV2A,25,,Control,24,,SV2A,26,,SV2A
D31-20240403(14).edf,batch 3,,30,,SV2A,29,,SV2A,31,,Control,33,,Control,32,,SV2A,25,,Control,24,,SV2A,26,,SV2A
D31-20240403(15).edf,batch 3,,30,,SV2A,29,,SV2A,31,,Control,33,,Control,32,,SV2A,25,,Control,24,,SV2A,26,,SV2A
D31-20240403(16).edf,batch 3,,30,,SV2A,29,,SV2A,31,,Control,33,,Control,32,,SV2A,25,,Control,24,,SV2A,26,,SV2A
D31-20240403(17).edf,batch 3,,30,,SV2A,29,,SV2A,31,,Control,33,,Control,32,,SV2A,25,,Control,24,,SV2A,26,,SV2A
D31-20240403(18).edf,batch 3,,30,,SV2A,29,,SV2A,31,,Control,33,,Control,32,,SV2A,25,,Control,24,,SV2A,26,,SV2A
D31-20240403(19).edf,batch 3,,30,,SV2A,29,,SV2A,31,,Control,33,,Control,32,,SV2A,25,,Control,24,,SV2A,26,,SV2A
D31-20240403(1).edf,batch 3,,30,,SV2A,29,,SV2A,31,,Control,33,,Control,32,,SV2A,25,,Control,24,,SV2A,26,,SV2A
D31-20240403(20).edf,batch 3,,30,,SV2A,29,,SV2A,31,,Control,33,,Control,32,,SV2A,25,,Control,24,,SV2A,26,,SV2A
D31-20240403(2).edf,batch 3,,30,,SV2A,29,,SV2A,31,,Control,33,,Control,32,,SV2A,25,,Control,24,,SV2A,26,,SV2A
D31-20240403(3).edf,batch 3,,30,,SV2A,29,,SV2A,31,,Control,33,,Control,32,,SV2A,25,,Control,24,,SV2A,26,,SV2A
D31-20240403(4).edf,batch 3,,30,,SV2A,29,,SV2A,31,,Control,33,,Control,32,,SV2A,25,,Control,24,,SV2A,26,,SV2A
D31-20240403(5).edf,batch 3,,30,,SV2A,29,,SV2A,31,,Control,33,,Control,32,,SV2A,25,,Control,24,,SV2A,26,,SV2A
D31-20240403(6).edf,batch 3,,30,,SV2A,29,,SV2A,31,,Control,33,,Control,32,,SV2A,25,,Control,24,,SV2A,26,,SV2A
D31-20240403(7).edf,batch 3,,30,,SV2A,29,,SV2A,31,,Control,33,,Control,32,,SV2A,25,,Control,24,,SV2A,26,,SV2A
D31-20240403(8).edf,batch 3,,30,,SV2A,29,,SV2A,31,,Control,33,,Control,32,,SV2A,25,,Control,24,,SV2A,26,,SV2A
D31-20240403(9).edf,batch 3,,30,,SV2A,29,,SV2A,31,,Control,33,,Control,32,,SV2A,25,,Control,24,,SV2A,26,,SV2A
D32-20240404(1).edf,batch 3,,30,,SV2A,29,,SV2A,31,,Control,33,,Control,32,,SV2A,25,,Control,24,,SV2A,26,,SV2A
D32-20240404(2).edf,batch 3,,30,,SV2A,29,,SV2A,31,,Control,33,,Control,32,,SV2A,25,,Control,24,,SV2A,26,,SV2A
D32-20240404(3).edf,batch 3,,30,,SV2A,29,,SV2A,31,,Control,33,,Control,32,,SV2A,25,,Control,24,,SV2A,26,,SV2A
D32-20240404(4).edf,batch 3,,30,,SV2A,29,,SV2A,31,,Control,33,,Control,32,,SV2A,25,,Control,24,,SV2A,26,,SV2A
D33-20240405(10).edf,batch 3,,30,,SV2A,29,,SV2A,31,,Control,33,,Control,32,,SV2A,25,,Control,24,,SV2A,26,,SV2A
D33-20240405(11).edf,batch 3,,30,,SV2A,29,,SV2A,31,,Control,33,,Control,32,,SV2A,25,,Control,24,,SV2A,26,,SV2A
D33-20240405(12).edf,batch 3,,30,,SV2A,29,,SV2A,31,,Control,33,,Control,32,,SV2A,25,,Control,24,,SV2A,26,,SV2A
D33-20240405(13).edf,batch 3,,30,,SV2A,29,,SV2A,31,,Control,33,,Control,32,,SV2A,25,,Control,24,,SV2A,26,,SV2A
D33-20240405(14).edf,batch 3,,30,,SV2A,29,,SV2A,31,,Control,33,,Control,32,,SV2A,25,,Control,24,,SV2A,26,,SV2A
D33-20240405(15).edf,batch 3,,30,,SV2A,29,,SV2A,31,,Control,33,,Control,32,,SV2A,25,,Control,24,,SV2A,26,,SV2A
D33-20240405(16).edf,batch 3,,30,,SV2A,29,,SV2A,31,,Control,33,,Control,32,,SV2A,25,,Control,24,,SV2A,26,,SV2A
D33-20240405(1).edf,batch 3,,30,,SV2A,29,,SV2A,31,,Control,33,,Control,32,,SV2A,25,,Control,24,,SV2A,26,,SV2A
D33-20240405(2).edf,batch 3,,30,,SV2A,29,,SV2A,31,,Control,33,,Control,32,,SV2A,25,,Control,24,,SV2A,26,,SV2A
D33-20240405(3).edf,batch 3,,30,,SV2A,29,,SV2A,31,,Control,33,,Control,32,,SV2A,25,,Control,24,,SV2A,26,,SV2A
D33-20240405(4).edf,batch 3,,30,,SV2A,29,,SV2A,31,,Control,33,,Control,32,,SV2A,25,,Control,24,,SV2A,26,,SV2A
D33-20240405(5).edf,batch 3,,30,,SV2A,29,,SV2A,31,,Control,33,,Control,32,,SV2A,25,,Control,24,,SV2A,26,,SV2A
D33-20240405(6).edf,batch 3,,30,,SV2A,29,,SV2A,31,,Control,33,,Control,32,,SV2A,25,,Control,24,,SV2A,26,,SV2A
D33-20240405(7).edf,batch 3,,30,,SV2A,29,,SV2A,31,,Control,33,,Control,32,,SV2A,25,,Control,24,,SV2A,26,,SV2A
D33-20240405(8).edf,batch 3,,30,,SV2A,29,,SV2A,31,,Control,33,,Control,32,,SV2A,25,,Control,24,,SV2A,26,,SV2A
D33-20240405(9).edf,batch 3,,30,,SV2A,29,,SV2A,31,,Control,33,,Control,32,,SV2A,25,,Control,24,,SV2A,26,,SV2A
D34-20240406(10).edf,batch 3,,30,,SV2A,29,,SV2A,31,,Control,33,,Control,32,,SV2A,25,,Control,24,,SV2A,26,,SV2A
D34-20240406(11).edf,batch 3,,30,,SV2A,29,,SV2A,31,,Control,33,,Control,32,,SV2A,25,,Control,24,,SV2A,26,,SV2A
D34-20240406(12).edf,batch 3,,30,,SV2A,29,,SV2A,31,,Control,33,,Control,32,,SV2A,25,,Control,24,,SV2A,26,,SV2A
D34-20240406(13).edf,batch 3,,30,,SV2A,29,,SV2A,31,,Control,33,,Control,32,,SV2A,25,,Control,24,,SV2A,26,,SV2A
D34-20240406(1).edf,batch 3,,30,,SV2A,29,,SV2A,31,,Control,33,,Control,32,,SV2A,25,,Control,24,,SV2A,26,,SV2A
D34-20240406(2).edf,batch 3,,30,,SV2A,29,,SV2A,31,,Control,33,,Control,32,,SV2A,25,,Control,24,,SV2A,26,,SV2A
D34-20240406(3).edf,batch 3,,30,,SV2A,29,,SV2A,31,,Control,33,,Control,32,,SV2A,25,,Control,24,,SV2A,26,,SV2A
D34-20240406(4).edf,batch 3,,30,,SV2A,29,,SV2A,31,,Control,33,,Control,32,,SV2A,25,,Control,24,,SV2A,26,,SV2A
D34-20240406(5).edf,batch 3,,30,,SV2A,29,,SV2A,31,,Control,33,,Control,32,,SV2A,25,,Control,24,,SV2A,26,,SV2A
D34-20240406(6).edf,batch 3,,30,,SV2A,29,,SV2A,31,,Control,33,,Control,32,,SV2A,25,,Control,24,,SV2A,26,,SV2A
D34-20240406(7).edf,batch 3,,30,,SV2A,29,,SV2A,31,,Control,33,,Control,32,,SV2A,25,,Control,24,,SV2A,26,,SV2A
D34-20240406(8).edf,batch 3,,30,,SV2A,29,,SV2A,31,,Control,33,,Control,32,,SV2A,25,,Control,24,,SV2A,26,,SV2A
D34-20240406(9).edf,batch 3,,30,,SV2A,29,,SV2A,31,,Control,33,,Control,32,,SV2A,25,,Control,24,,SV2A,26,,SV2A
D35-20240407(10).edf,batch 3,,30,,SV2A,29,,SV2A,31,,Control,33,,Control,32,,SV2A,25,,Control,24,,SV2A,26,,SV2A
D35-20240407(11).edf,batch 3,,30,,SV2A,29,,SV2A,31,,Control,33,,Control,32,,SV2A,25,,Control,24,,SV2A,26,,SV2A
D35-20240407(12).edf,batch 3,,30,,SV2A,29,,SV2A,31,,Control,33,,Control,32,,SV2A,25,,Control,24,,SV2A,26,,SV2A
D35-20240407(1).edf,batch 3,,30,,SV2A,29,,SV2A,31,,Control,33,,Control,32,,SV2A,25,,Control,24,,SV2A,26,,SV2A
D35-20240407(2).edf,batch 3,,30,,SV2A,29,,SV2A,31,,Control,33,,Control,32,,SV2A,25,,Control,24,,SV2A,26,,SV2A
D35-20240407(3).edf,batch 3,,30,,SV2A,29,,SV2A,31,,Control,33,,Control,32,,SV2A,25,,Control,24,,SV2A,26,,SV2A
D35-20240407(4).edf,batch 3,,30,,SV2A,29,,SV2A,31,,Control,33,,Control,32,,SV2A,25,,Control,24,,SV2A,26,,SV2A
D35-20240407(5).edf,batch 3,,30,,SV2A,29,,SV2A,31,,Control,33,,Control,32,,SV2A,25,,Control,24,,SV2A,26,,SV2A
D35-20240407(6).edf,batch 3,,30,,SV2A,29,,SV2A,31,,Control,33,,Control,32,,SV2A,25,,Control,24,,SV2A,26,,SV2A
D35-20240407(7).edf,batch 3,,30,,SV2A,29,,SV2A,31,,Control,33,,Control,32,,SV2A,25,,Control,24,,SV2A,26,,SV2A
D35-20240407(8).edf,batch 3,,30,,SV2A,29,,SV2A,31,,Control,33,,Control,32,,SV2A,25,,Control,24,,SV2A,26,,SV2A
D35-20240407(9).edf,batch 3,,30,,SV2A,29,,SV2A,31,,Control,33,,Control,32,,SV2A,25,,Control,24,,SV2A,26,,SV2A
D36-20240408(10).edf,batch 3,,30,,SV2A,29,,SV2A,31,,Control,33,,Control,32,,SV2A,25,,Control,24,,SV2A,26,,SV2A
D36-20240408(11).edf,batch 3,,30,,SV2A,29,,SV2A,31,,Control,33,,Control,32,,SV2A,25,,Control,24,,SV2A,26,,SV2A
D36-20240408(12).edf,batch 3,,30,,SV2A,29,,SV2A,31,,Control,33,,Control,32,,SV2A,25,,Control,24,,SV2A,26,,SV2A
D36-20240408(13).edf,batch 3,,30,,SV2A,29,,SV2A,31,,Control,33,,Control,32,,SV2A,25,,Control,24,,SV2A,26,,SV2A
D36-20240408(14).edf,batch 3,,30,,SV2A,29,,SV2A,31,,Control,33,,Control,32,,SV2A,25,,Control,24,,SV2A,26,,SV2A
D36-20240408(15).edf,batch 3,,30,,SV2A,29,,SV2A,31,,Control,33,,Control,32,,SV2A,25,,Control,24,,SV2A,26,,SV2A
D36-20240408(16).edf,batch 3,,30,,SV2A,29,,SV2A,31,,Control,33,,Control,32,,SV2A,25,,Control,24,,SV2A,26,,SV2A
D36-20240408(17).edf,batch 3,,30,,SV2A,29,,SV2A,31,,Control,33,,Control,32,,SV2A,25,,Control,24,,SV2A,26,,SV2A
D36-20240408(18).edf,batch 3,,30,,SV2A,29,,SV2A,31,,Control,33,,Control,32,,SV2A,25,,Control,24,,SV2A,26,,SV2A
D36-20240408(19).edf,batch 3,,30,,SV2A,29,,SV2A,31,,Control,33,,Control,32,,SV2A,25,,Control,24,,SV2A,26,,SV2A
D36-20240408(1).edf,batch 3,,30,,SV2A,29,,SV2A,31,,Control,33,,Control,32,,SV2A,25,,Control,24,,SV2A,26,,SV2A
D36-20240408(20).edf,batch 3,,30,,SV2A,29,,SV2A,31,,Control,33,,Control,32,,SV2A,25,,Control,24,,SV2A,26,,SV2A
D36-20240408(2).edf,batch 3,,30,,SV2A,29,,SV2A,31,,Control,33,,Control,32,,SV2A,25,,Control,24,,SV2A,26,,SV2A
D36-20240408(3).edf,batch 3,,30,,SV2A,29,,SV2A,31,,Control,33,,Control,32,,SV2A,25,,Control,24,,SV2A,26,,SV2A
D36-20240408(4).edf,batch 3,,30,,SV2A,29,,SV2A,31,,Control,33,,Control,32,,SV2A,25,,Control,24,,SV2A,26,,SV2A
D36-20240408(5).edf,batch 3,,30,,SV2A,29,,SV2A,31,,Control,33,,Control,32,,SV2A,25,,Control,24,,SV2A,26,,SV2A
D36-20240408(6).edf,batch 3,,30,,SV2A,29,,SV2A,31,,Control,33,,Control,32,,SV2A,25,,Control,24,,SV2A,26,,SV2A
D36-20240408(7).edf,batch 3,,30,,SV2A,29,,SV2A,31,,Control,33,,Control,32,,SV2A,25,,Control,24,,SV2A,26,,SV2A
D36-20240408(8).edf,batch 3,,30,,SV2A,29,,SV2A,31,,Control,33,,Control,32,,SV2A,25,,Control,24,,SV2A,26,,SV2A
D36-20240408(9).edf,batch 3,,30,,SV2A,29,,SV2A,31,,Control,33,,Control,32,,SV2A,25,,Control,24,,SV2A,26,,SV2A
D37-20240409(10).edf,batch 3,,30,,SV2A,29,,SV2A,31,,Control,33,,Control,32,,SV2A,25,,Control,24,,SV2A,26,,SV2A
D37-20240409(11).edf,batch 3,,30,,SV2A,29,,SV2A,31,,Control,33,,Control,32,,SV2A,25,,Control,24,,SV2A,26,,SV2A
D37-20240409(12).edf,batch 3,,30,,SV2A,29,,SV2A,31,,Control,33,,Control,32,,SV2A,25,,Control,24,,SV2A,26,,SV2A
D37-20240409(13).edf,batch 3,,30,,SV2A,29,,SV2A,31,,Control,33,,Control,32,,SV2A,25,,Control,24,,SV2A,26,,SV2A
D37-20240409(1).edf,batch 3,,30,,SV2A,29,,SV2A,31,,Control,33,,Control,32,,SV2A,25,,Control,24,,SV2A,26,,SV2A
D37-20240409(2).edf,batch 3,,30,,SV2A,29,,SV2A,31,,Control,33,,Control,32,,SV2A,25,,Control,24,,SV2A,26,,SV2A
D37-20240409(3).edf,batch 3,,30,,SV2A,29,,SV2A,31,,Control,33,,Control,32,,SV2A,25,,Control,24,,SV2A,26,,SV2A
D37-20240409(4).edf,batch 3,,30,,SV2A,29,,SV2A,31,,Control,33,,Control,32,,SV2A,25,,Control,24,,SV2A,26,,SV2A
D37-20240409(5).edf,batch 3,,30,,SV2A,29,,SV2A,31,,Control,33,,Control,32,,SV2A,25,,Control,24,,SV2A,26,,SV2A
D37-20240409(6).edf,batch 3,,30,,SV2A,29,,SV2A,31,,Control,33,,Control,32,,SV2A,25,,Control,24,,SV2A,26,,SV2A
D37-20240409(7).edf,batch 3,,30,,SV2A,29,,SV2A,31,,Control,33,,Control,32,,SV2A,25,,Control,24,,SV2A,26,,SV2A
D37-20240409(8).edf,batch 3,,30,,SV2A,29,,SV2A,31,,Control,33,,Control,32,,SV2A,25,,Control,24,,SV2A,26,,SV2A
D37-20240409(9).edf,batch 3,,30,,SV2A,29,,SV2A,31,,Control,33,,Control,32,,SV2A,25,,Control,24,,SV2A,26,,SV2A
