filename,cohort,group_id,animal_ch0,cohort_ch0,group_ch0,animal_ch1,cohort_ch1,group_ch1,animal_ch2,cohort_ch2,group_ch2,animal_ch3,cohort_ch3,group_ch3,animal_ch4,cohort_ch4,group_ch4,animal_ch5,cohort_ch5,group_ch5,animal_ch6,cohort_ch6,group_ch6,animal_ch7,cohort_ch7,group_ch7
B2_W1_D1_27102025(9).edf,Batch_2,,450916,,CAG_eGFP,450917,,CAG_eGFP,450093,,CAG_eGFP,450094,,RAM_GDNF,450095,,RAM_GDNF,450096,,RAM_GDNF,450097,,CAG_GDNF,450098,,CAG_GDNF
B2_W1_D1_27102025(6).edf,Batch_2,,450916,,CAG_eGFP,450917,,CAG_eGFP,450093,,CAG_eGFP,450094,,RAM_GDNF,450095,,RAM_GDNF,450096,,RAM_GDNF,450097,,CAG_GDNF,450098,,CAG_GDNF
B2_W1_D1_27102025(13).edf,Batch_2,,450916,,CAG_eGFP,450917,,CAG_eGFP,450093,,CAG_eGFP,450094,,RAM_GDNF,450095,,RAM_GDNF,450096,,RAM_GDNF,450097,,CAG_GDNF,450098,,CAG_GDNF
B2_W1_D1_27102025(11).edf,Batch_2,,450916,,CAG_eGFP,450917,,CAG_eGFP,450093,,CAG_eGFP,450094,,RAM_GDNF,450095,,RAM_GDNF,450096,,RAM_GDNF,450097,,CAG_GDNF,450098,,CAG_GDNF
B2_W1_D1_27102025(16).edf,Batch_2,,450916,,CAG_eGFP,450917,,CAG_eGFP,450093,,CAG_eGFP,450094,,RAM_GDNF,450095,,RAM_GDNF,450096,,RAM_GDNF,450097,,CAG_GDNF,450098,,CAG_GDNF
B2_W1_D1_27102025(2).edf,Batch_2,,450916,,CAG_eGFP,450917,,CAG_eGFP,450093,,CAG_eGFP,450094,,RAM_GDNF,450095,,RAM_GDNF,450096,,RAM_GDNF,450097,,CAG_GDNF,450098,,CAG_GDNF
B2_W1_D1_27102025(14).edf,Batch_2,,450916,,CAG_eGFP,450917,,CAG_eGFP,450093,,CAG_eGFP,450094,,RAM_GDNF,450095,,RAM_GDNF,450096,,RAM_GDNF,450097,,CAG_GDNF,450098,,CAG_GDNF
B2_W1_D1_27102025(5).edf,Batch_2,,450916,,CAG_eGFP,450917,,CAG_eGFP,450093,,CAG_eGFP,450094,,RAM_GDNF,450095,,RAM_GDNF,450096,,RAM_GDNF,450097,,CAG_GDNF,450098,,CAG_GDNF
B2_W1_D1_27102025(4).edf,Batch_2,,450916,,CAG_eGFP,450917,,CAG_eGFP,450093,,CAG_eGFP,450094,,RAM_GDNF,450095,,RAM_GDNF,450096,,RAM_GDNF,450097,,CAG_GDNF,450098,,CAG_GDNF
B2_W1_D1_27102025(7).edf,Batch_2,,450916,,CAG_eGFP,450917,,CAG_eGFP,450093,,CAG_eGFP,450094,,RAM_GDNF,450095,,RAM_GDNF,450096,,RAM_GDNF,450097,,CAG_GDNF,450098,,CAG_GDNF
B2_W1_D1_27102025(8).edf,Batch_2,,450916,,CAG_eGFP,450917,,CAG_eGFP,450093,,CAG_eGFP,450094,,RAM_GDNF,450095,,RAM_GDNF,450096,,RAM_GDNF,450097,,CAG_GDNF,450098,,CAG_GDNF
B2_W1_D1_27102025(12).edf,Batch_2,,450916,,CAG_eGFP,450917,,CAG_eGFP,450093,,CAG_eGFP,450094,,RAM_GDNF,450095,,RAM_GDNF,450096,,RAM_GDNF,450097,,CAG_GDNF,450098,,CAG_GDNF
B2_W1_D1_27102025(1).edf,Batch_2,,450916,,CAG_eGFP,450917,,CAG_eGFP,450093,,CAG_eGFP,450094,,RAM_GDNF,450095,,RAM_GDNF,450096,,RAM_GDNF,450097,,CAG_GDNF,450098,,CAG_GDNF
B2_W1_D1_27102025(10).edf,Batch_2,,450916,,CAG_eGFP,450917,,CAG_eGFP,450093,,CAG_eGFP,450094,,RAM_GDNF,450095,,RAM_GDNF,450096,,RAM_GDNF,450097,,CAG_GDNF,450098,,CAG_GDNF
B2_W1_D1_27102025(3).edf,Batch_2,,450916,,CAG_eGFP,450917,,CAG_eGFP,450093,,CAG_eGFP,450094,,RAM_GDNF,450095,,RAM_GDNF,450096,,RAM_GDNF,450097,,CAG_GDNF,450098,,CAG_GDNF
B2_W1_D1_27102025(15).edf,Batch_2,,450916,,CAG_eGFP,450917,,CAG_eGFP,450093,,CAG_eGFP,450094,,RAM_GDNF,450095,,RAM_GDNF,450096,,RAM_GDNF,450097,,CAG_GDNF,450098,,CAG_GDNF
B2_W1_D3_29102025(13).edf,Batch_2,,450916,,CAG_eGFP,450917,,CAG_eGFP,450093,,CAG_eGFP,450094,,RAM_GDNF,450095,,RAM_GDNF,450096,,RAM_GDNF,450097,,CAG_GDNF,450098,,CAG_GDNF
B2_W1_D3_29102025(7).edf,Batch_2,,450916,,CAG_eGFP,450917,,CAG_eGFP,450093,,CAG_eGFP,450094,,RAM_GDNF,450095,,RAM_GDNF,450096,,RAM_GDNF,450097,,CAG_GDNF,450098,,CAG_GDNF
B2_W1_D3_29102025(4).edf,Batch_2,,450916,,CAG_eGFP,450917,,CAG_eGFP,450093,,CAG_eGFP,450094,,RAM_GDNF,450095,,RAM_GDNF,450096,,RAM_GDNF,450097,,CAG_GDNF,450098,,CAG_GDNF
B2_W1_D3_29102025(15).edf,Batch_2,,450916,,CAG_eGFP,450917,,CAG_eGFP,450093,,CAG_eGFP,450094,,RAM_GDNF,450095,,RAM_GDNF,450096,,RAM_GDNF,450097,,CAG_GDNF,450098,,CAG_GDNF
B2_W1_D3_29102025(9).edf,Batch_2,,450916,,CAG_eGFP,450917,,CAG_eGFP,450093,,CAG_eGFP,450094,,RAM_GDNF,450095,,RAM_GDNF,450096,,RAM_GDNF,450097,,CAG_GDNF,450098,,CAG_GDNF
B2_W1_D3_29102025(16).edf,Batch_2,,450916,,CAG_eGFP,450917,,CAG_eGFP,450093,,CAG_eGFP,450094,,RAM_GDNF,450095,,RAM_GDNF,450096,,RAM_GDNF,450097,,CAG_GDNF,450098,,CAG_GDNF
B2_W1_D3_29102025(5).edf,Batch_2,,450916,,CAG_eGFP,450917,,CAG_eGFP,450093,,CAG_eGFP,450094,,RAM_GDNF,450095,,RAM_GDNF,450096,,RAM_GDNF,450097,,CAG_GDNF,450098,,CAG_GDNF
B2_W1_D3_29102025(1).edf,Batch_2,,450916,,CAG_eGFP,450917,,CAG_eGFP,450093,,CAG_eGFP,450094,,RAM_GDNF,450095,,RAM_GDNF,450096,,RAM_GDNF,450097,,CAG_GDNF,450098,,CAG_GDNF
B2_W1_D3_29102025(14).edf,Batch_2,,450916,,CAG_eGFP,450917,,CAG_eGFP,450093,,CAG_eGFP,450094,,RAM_GDNF,450095,,RAM_GDNF,450096,,RAM_GDNF,450097,,CAG_GDNF,450098,,CAG_GDNF
B2_W1_D3_29102025(11).edf,Batch_2,,450916,,CAG_eGFP,450917,,CAG_eGFP,450093,,CAG_eGFP,450094,,RAM_GDNF,450095,,RAM_GDNF,450096,,RAM_GDNF,450097,,CAG_GDNF,450098,,CAG_GDNF
B2_W1_D3_29102025(3).edf,Batch_2,,450916,,CAG_eGFP,450917,,CAG_eGFP,450093,,CAG_eGFP,450094,,RAM_GDNF,450095,,RAM_GDNF,450096,,RAM_GDNF,450097,,CAG_GDNF,450098,,CAG_GDNF
B2_W1_D3_29102025(12).edf,Batch_2,,450916,,CAG_eGFP,450917,,CAG_eGFP,450093,,CAG_eGFP,450094,,RAM_GDNF,450095,,RAM_GDNF,450096,,RAM_GDNF,450097,,CAG_GDNF,450098,,CAG_GDNF
B2_W1_D3_29102025(8).edf,Batch_2,,450916,,CAG_eGFP,450917,,CAG_eGFP,450093,,CAG_eGFP,450094,,RAM_GDNF,450095,,RAM_GDNF,450096,,RAM_GDNF,450097,,CAG_GDNF,450098,,CAG_GDNF
B2_W1_D3_29102025(6).edf,Batch_2,,450916,,CAG_eGFP,450917,,CAG_eGFP,450093,,CAG_eGFP,450094,,RAM_GDNF,450095,,RAM_GDNF,450096,,RAM_GDNF,450097,,CAG_GDNF,450098,,CAG_GDNF
B2_W1_D3_29102025(10).edf,Batch_2,,450916,,CAG_eGFP,450917,,CAG_eGFP,450093,,CAG_eGFP,450094,,RAM_GDNF,450095,,RAM_GDNF,450096,,RAM_GDNF,450097,,CAG_GDNF,450098,,CAG_GDNF
B2_W1_D3_29102025(2).edf,Batch_2,,450916,,CAG_eGFP,450917,,CAG_eGFP,450093,,CAG_eGFP,450094,,RAM_GDNF,450095,,RAM_GDNF,450096,,RAM_GDNF,450097,,CAG_GDNF,450098,,CAG_GDNF
B2_W1_D5_31102025(7).edf,Batch_2,,450916,,CAG_eGFP,450917,,CAG_eGFP,450093,,CAG_eGFP,450094,,RAM_GDNF,450095,,RAM_GDNF,450096,,RAM_GDNF,450097,,CAG_GDNF,450098,,CAG_GDNF
B2_W1_D5_31102025(15).edf,Batch_2,,450916,,CAG_eGFP,450917,,CAG_eGFP,450093,,CAG_eGFP,450094,,RAM_GDNF,450095,,RAM_GDNF,450096,,RAM_GDNF,450097,,CAG_GDNF,450098,,CAG_GDNF
B2_W1_D5_31102025(6).edf,Batch_2,,450916,,CAG_eGFP,450917,,CAG_eGFP,450093,,CAG_eGFP,450094,,RAM_GDNF,450095,,RAM_GDNF,450096,,RAM_GDNF,450097,,CAG_GDNF,450098,,CAG_GDNF
B2_W1_D5_31102025(12).edf,Batch_2,,450916,,CAG_eGFP,450917,,CAG_eGFP,450093,,CAG_eGFP,450094,,RAM_GDNF,450095,,RAM_GDNF,450096,,RAM_GDNF,450097,,CAG_GDNF,450098,,CAG_GDNF
B2_W1_D5_31102025(8).edf,Batch_2,,450916,,CAG_eGFP,450917,,CAG_eGFP,450093,,CAG_eGFP,450094,,RAM_GDNF,450095,,RAM_GDNF,450096,,RAM_GDNF,450097,,CAG_GDNF,450098,,CAG_GDNF
B2_W1_D5_31102025(10).edf,Batch_2,,450916,,CAG_eGFP,450917,,CAG_eGFP,450093,,CAG_eGFP,450094,,RAM_GDNF,450095,,RAM_GDNF,450096,,RAM_GDNF,450097,,CAG_GDNF,450098,,CAG_GDNF
B2_W1_D5_31102025(2).edf,Batch_2,,450916,,CAG_eGFP,450917,,CAG_eGFP,450093,,CAG_eGFP,450094,,RAM_GDNF,450095,,RAM_GDNF,450096,,RAM_GDNF,450097,,CAG_GDNF,450098,,CAG_GDNF
B2_W1_D5_31102025(4).edf,Batch_2,,450916,,CAG_eGFP,450917,,CAG_eGFP,450093,,CAG_eGFP,450094,,RAM_GDNF,450095,,RAM_GDNF,450096,,RAM_GDNF,450097,,CAG_GDNF,450098,,CAG_GDNF
B2_W1_D5_31102025(3).edf,Batch_2,,450916,,CAG_eGFP,450917,,CAG_eGFP,450093,,CAG_eGFP,450094,,RAM_GDNF,450095,,RAM_GDNF,450096,,RAM_GDNF,450097,,CAG_GDNF,450098,,CAG_GDNF
B2_W1_D5_31102025(16).edf,Batch_2,,450916,,CAG_eGFP,450917,,CAG_eGFP,450093,,CAG_eGFP,450094,,RAM_GDNF,450095,,RAM_GDNF,450096,,RAM_GDNF,450097,,CAG_GDNF,450098,,CAG_GDNF
B2_W1_D5_31102025(11).edf,Batch_2,,450916,,CAG_eGFP,450917,,CAG_eGFP,450093,,CAG_eGFP,450094,,RAM_GDNF,450095,,RAM_GDNF,450096,,RAM_GDNF,450097,,CAG_GDNF,450098,,CAG_GDNF
B2_W1_D5_31102025(13).edf,Batch_2,,450916,,CAG_eGFP,450917,,CAG_eGFP,450093,,CAG_eGFP,450094,,RAM_GDNF,450095,,RAM_GDNF,450096,,RAM_GDNF,450097,,CAG_GDNF,450098,,CAG_GDNF
B2_W1_D5_31102025(14).edf,Batch_2,,450916,,CAG_eGFP,450917,,CAG_eGFP,450093,,CAG_eGFP,450094,,RAM_GDNF,450095,,RAM_GDNF,450096,,RAM_GDNF,450097,,CAG_GDNF,450098,,CAG_GDNF
B2_W1_D5_31102025(9).edf,Batch_2,,450916,,CAG_eGFP,450917,,CAG_eGFP,450093,,CAG_eGFP,450094,,RAM_GDNF,450095,,RAM_GDNF,450096,,RAM_GDNF,450097,,CAG_GDNF,450098,,CAG_GDNF
B2_W1_D5_31102025(5).edf,Batch_2,,450916,,CAG_eGFP,450917,,CAG_eGFP,450093,,CAG_eGFP,450094,,RAM_GDNF,450095,,RAM_GDNF,450096,,RAM_GDNF,450097,,CAG_GDNF,450098,,CAG_GDNF
B2_W1_D5_31102025(1).edf,Batch_2,,450916,,CAG_eGFP,450917,,CAG_eGFP,450093,,CAG_eGFP,450094,,RAM_GDNF,450095,,RAM_GDNF,450096,,RAM_GDNF,450097,,CAG_GDNF,450098,,CAG_GDNF
B2_W1_D4_30102025(1).edf,Batch_2,,450916,,CAG_eGFP,450917,,CAG_eGFP,450093,,CAG_eGFP,450094,,RAM_GDNF,450095,,RAM_GDNF,450096,,RAM_GDNF,450097,,CAG_GDNF,450098,,CAG_GDNF
B2_W1_D4_30102025(16).edf,Batch_2,,450916,,CAG_eGFP,450917,,CAG_eGFP,450093,,CAG_eGFP,450094,,RAM_GDNF,450095,,RAM_GDNF,450096,,RAM_GDNF,450097,,CAG_GDNF,450098,,CAG_GDNF
B2_W1_D4_30102025(9).edf,Batch_2,,450916,,CAG_eGFP,450917,,CAG_eGFP,450093,,CAG_eGFP,450094,,RAM_GDNF,450095,,RAM_GDNF,450096,,RAM_GDNF,450097,,CAG_GDNF,450098,,CAG_GDNF
B2_W1_D4_30102025(11).edf,Batch_2,,450916,,CAG_eGFP,450917,,CAG_eGFP,450093,,CAG_eGFP,450094,,RAM_GDNF,450095,,RAM_GDNF,450096,,RAM_GDNF,450097,,CAG_GDNF,450098,,CAG_GDNF
B2_W1_D4_30102025(6).edf,Batch_2,,450916,,CAG_eGFP,450917,,CAG_eGFP,450093,,CAG_eGFP,450094,,RAM_GDNF,450095,,RAM_GDNF,450096,,RAM_GDNF,450097,,CAG_GDNF,450098,,CAG_GDNF
B2_W1_D4_30102025(3).edf,Batch_2,,450916,,CAG_eGFP,450917,,CAG_eGFP,450093,,CAG_eGFP,450094,,RAM_GDNF,450095,,RAM_GDNF,450096,,RAM_GDNF,450097,,CAG_GDNF,450098,,CAG_GDNF
B2_W1_D4_30102025(5).edf,Batch_2,,450916,,CAG_eGFP,450917,,CAG_eGFP,450093,,CAG_eGFP,450094,,RAM_GDNF,450095,,RAM_GDNF,450096,,RAM_GDNF,450097,,CAG_GDNF,450098,,CAG_GDNF
B2_W1_D4_30102025(13).edf,Batch_2,,450916,,CAG_eGFP,450917,,CAG_eGFP,450093,,CAG_eGFP,450094,,RAM_GDNF,450095,,RAM_GDNF,450096,,RAM_GDNF,450097,,CAG_GDNF,450098,,CAG_GDNF
B2_W1_D4_30102025(2).edf,Batch_2,,450916,,CAG_eGFP,450917,,CAG_eGFP,450093,,CAG_eGFP,450094,,RAM_GDNF,450095,,RAM_GDNF,450096,,RAM_GDNF,450097,,CAG_GDNF,450098,,CAG_GDNF
B2_W1_D4_30102025(8).edf,Batch_2,,450916,,CAG_eGFP,450917,,CAG_eGFP,450093,,CAG_eGFP,450094,,RAM_GDNF,450095,,RAM_GDNF,450096,,RAM_GDNF,450097,,CAG_GDNF,450098,,CAG_GDNF
B2_W1_D4_30102025(12).edf,Batch_2,,450916,,CAG_eGFP,450917,,CAG_eGFP,450093,,CAG_eGFP,450094,,RAM_GDNF,450095,,RAM_GDNF,450096,,RAM_GDNF,450097,,CAG_GDNF,450098,,CAG_GDNF
B2_W1_D4_30102025(15).edf,Batch_2,,450916,,CAG_eGFP,450917,,CAG_eGFP,450093,,CAG_eGFP,450094,,RAM_GDNF,450095,,RAM_GDNF,450096,,RAM_GDNF,450097,,CAG_GDNF,450098,,CAG_GDNF
B2_W1_D4_30102025(7).edf,Batch_2,,450916,,CAG_eGFP,450917,,CAG_eGFP,450093,,CAG_eGFP,450094,,RAM_GDNF,450095,,RAM_GDNF,450096,,RAM_GDNF,450097,,CAG_GDNF,450098,,CAG_GDNF
B2_W1_D4_30102025(4).edf,Batch_2,,450916,,CAG_eGFP,450917,,CAG_eGFP,450093,,CAG_eGFP,450094,,RAM_GDNF,450095,,RAM_GDNF,450096,,RAM_GDNF,450097,,CAG_GDNF,450098,,CAG_GDNF
B2_W1_D4_30102025(10).edf,Batch_2,,450916,,CAG_eGFP,450917,,CAG_eGFP,450093,,CAG_eGFP,450094,,RAM_GDNF,450095,,RAM_GDNF,450096,,RAM_GDNF,450097,,CAG_GDNF,450098,,CAG_GDNF
B2_W1_D4_30102025(17).edf,Batch_2,,450916,,CAG_eGFP,450917,,CAG_eGFP,450093,,CAG_eGFP,450094,,RAM_GDNF,450095,,RAM_GDNF,450096,,RAM_GDNF,450097,,CAG_GDNF,450098,,CAG_GDNF
B2_W1_D4_30102025(14).edf,Batch_2,,450916,,CAG_eGFP,450917,,CAG_eGFP,450093,,CAG_eGFP,450094,,RAM_GDNF,450095,,RAM_GDNF,450096,,RAM_GDNF,450097,,CAG_GDNF,450098,,CAG_GDNF
B2_W1_D6_01112025(10).edf,Batch_2,,450916,,CAG_eGFP,450917,,CAG_eGFP,450093,,CAG_eGFP,450094,,RAM_GDNF,450095,,RAM_GDNF,450096,,RAM_GDNF,450097,,CAG_GDNF,450098,,CAG_GDNF
B2_W1_D6_01112025(13).edf,Batch_2,,450916,,CAG_eGFP,450917,,CAG_eGFP,450093,,CAG_eGFP,450094,,RAM_GDNF,450095,,RAM_GDNF,450096,,RAM_GDNF,450097,,CAG_GDNF,450098,,CAG_GDNF
B2_W1_D6_01112025(6).edf,Batch_2,,450916,,CAG_eGFP,450917,,CAG_eGFP,450093,,CAG_eGFP,450094,,RAM_GDNF,450095,,RAM_GDNF,450096,,RAM_GDNF,450097,,CAG_GDNF,450098,,CAG_GDNF
B2_W1_D6_01112025(11).edf,Batch_2,,450916,,CAG_eGFP,450917,,CAG_eGFP,450093,,CAG_eGFP,450094,,RAM_GDNF,450095,,RAM_GDNF,450096,,RAM_GDNF,450097,,CAG_GDNF,450098,,CAG_GDNF
B2_W1_D6_01112025(2).edf,Batch_2,,450916,,CAG_eGFP,450917,,CAG_eGFP,450093,,CAG_eGFP,450094,,RAM_GDNF,450095,,RAM_GDNF,450096,,RAM_GDNF,450097,,CAG_GDNF,450098,,CAG_GDNF
B2_W1_D6_01112025(16).edf,Batch_2,,450916,,CAG_eGFP,450917,,CAG_eGFP,450093,,CAG_eGFP,450094,,RAM_GDNF,450095,,RAM_GDNF,450096,,RAM_GDNF,450097,,CAG_GDNF,450098,,CAG_GDNF
B2_W1_D6_01112025(5).edf,Batch_2,,450916,,CAG_eGFP,450917,,CAG_eGFP,450093,,CAG_eGFP,450094,,RAM_GDNF,450095,,RAM_GDNF,450096,,RAM_GDNF,450097,,CAG_GDNF,450098,,CAG_GDNF
B2_W1_D6_01112025(7).edf,Batch_2,,450916,,CAG_eGFP,450917,,CAG_eGFP,450093,,CAG_eGFP,450094,,RAM_GDNF,450095,,RAM_GDNF,450096,,RAM_GDNF,450097,,CAG_GDNF,450098,,CAG_GDNF
B2_W1_D6_01112025(18).edf,Batch_2,,450916,,CAG_eGFP,450917,,CAG_eGFP,450093,,CAG_eGFP,450094,,RAM_GDNF,450095,,RAM_GDNF,450096,,RAM_GDNF,450097,,CAG_GDNF,450098,,CAG_GDNF
B2_W1_D6_01112025(12).edf,Batch_2,,450916,,CAG_eGFP,450917,,CAG_eGFP,450093,,CAG_eGFP,450094,,RAM_GDNF,450095,,RAM_GDNF,450096,,RAM_GDNF,450097,,CAG_GDNF,450098,,CAG_GDNF
B2_W1_D6_01112025(15).edf,Batch_2,,450916,,CAG_eGFP,450917,,CAG_eGFP,450093,,CAG_eGFP,450094,,RAM_GDNF,450095,,RAM_GDNF,450096,,RAM_GDNF,450097,,CAG_GDNF,450098,,CAG_GDNF
B2_W1_D6_01112025(9).edf,Batch_2,,450916,,CAG_eGFP,450917,,CAG_eGFP,450093,,CAG_eGFP,450094,,RAM_GDNF,450095,,RAM_GDNF,450096,,RAM_GDNF,450097,,CAG_GDNF,450098,,CAG_GDNF
B2_W1_D6_01112025(14).edf,Batch_2,,450916,,CAG_eGFP,450917,,CAG_eGFP,450093,,CAG_eGFP,450094,,RAM_GDNF,450095,,RAM_GDNF,450096,,RAM_GDNF,450097,,CAG_GDNF,450098,,CAG_GDNF
B2_W1_D6_01112025(3).edf,Batch_2,,450916,,CAG_eGFP,450917,,CAG_eGFP,450093,,CAG_eGFP,450094,,RAM_GDNF,450095,,RAM_GDNF,450096,,RAM_GDNF,450097,,CAG_GDNF,450098,,CAG_GDNF
B2_W1_D6_01112025(1).edf,Batch_2,,450916,,CAG_eGFP,450917,,CAG_eGFP,450093,,CAG_eGFP,450094,,RAM_GDNF,450095,,RAM_GDNF,450096,,RAM_GDNF,450097,,CAG_GDNF,450098,,CAG_GDNF
B2_W1_D6_01112025(17).edf,Batch_2,,450916,,CAG_eGFP,450917,,CAG_eGFP,450093,,CAG_eGFP,450094,,RAM_GDNF,450095,,RAM_GDNF,450096,,RAM_GDNF,450097,,CAG_GDNF,450098,,CAG_GDNF
B2_W1_D6_01112025(8).edf,Batch_2,,450916,,CAG_eGFP,450917,,CAG_eGFP,450093,,CAG_eGFP,450094,,RAM_GDNF,450095,,RAM_GDNF,450096,,RAM_GDNF,450097,,CAG_GDNF,450098,,CAG_GDNF
B2_W1_D6_01112025(4).edf,Batch_2,,450916,,CAG_eGFP,450917,,CAG_eGFP,450093,,CAG_eGFP,450094,,RAM_GDNF,450095,,RAM_GDNF,450096,,RAM_GDNF,450097,,CAG_GDNF,450098,,CAG_GDNF
B2_W1_D2_28102025(13).edf,Batch_2,,450916,,CAG_eGFP,450917,,CAG_eGFP,450093,,CAG_eGFP,450094,,RAM_GDNF,450095,,RAM_GDNF,450096,,RAM_GDNF,450097,,CAG_GDNF,450098,,CAG_GDNF
B2_W1_D2_28102025(16).edf,Batch_2,,450916,,CAG_eGFP,450917,,CAG_eGFP,450093,,CAG_eGFP,450094,,RAM_GDNF,450095,,RAM_GDNF,450096,,RAM_GDNF,450097,,CAG_GDNF,450098,,CAG_GDNF
B2_W1_D2_28102025(2).edf,Batch_2,,450916,,CAG_eGFP,450917,,CAG_eGFP,450093,,CAG_eGFP,450094,,RAM_GDNF,450095,,RAM_GDNF,450096,,RAM_GDNF,450097,,CAG_GDNF,450098,,CAG_GDNF
B2_W1_D2_28102025(15).edf,Batch_2,,450916,,CAG_eGFP,450917,,CAG_eGFP,450093,,CAG_eGFP,450094,,RAM_GDNF,450095,,RAM_GDNF,450096,,RAM_GDNF,450097,,CAG_GDNF,450098,,CAG_GDNF
B2_W1_D2_28102025(12).edf,Batch_2,,450916,,CAG_eGFP,450917,,CAG_eGFP,450093,,CAG_eGFP,450094,,RAM_GDNF,450095,,RAM_GDNF,450096,,RAM_GDNF,450097,,CAG_GDNF,450098,,CAG_GDNF
B2_W1_D2_28102025(10).edf,Batch_2,,450916,,CAG_eGFP,450917,,CAG_eGFP,450093,,CAG_eGFP,450094,,RAM_GDNF,450095,,RAM_GDNF,450096,,RAM_GDNF,450097,,CAG_GDNF,450098,,CAG_GDNF
B2_W1_D2_28102025(14).edf,Batch_2,,450916,,CAG_eGFP,450917,,CAG_eGFP,450093,,CAG_eGFP,450094,,RAM_GDNF,450095,,RAM_GDNF,450096,,RAM_GDNF,450097,,CAG_GDNF,450098,,CAG_GDNF
B2_W1_D2_28102025(11).edf,Batch_2,,450916,,CAG_eGFP,450917,,CAG_eGFP,450093,,CAG_eGFP,450094,,RAM_GDNF,450095,,RAM_GDNF,450096,,RAM_GDNF,450097,,CAG_GDNF,450098,,CAG_GDNF
B2_W1_D2_28102025(3).edf,Batch_2,,450916,,CAG_eGFP,450917,,CAG_eGFP,450093,,CAG_eGFP,450094,,RAM_GDNF,450095,,RAM_GDNF,450096,,RAM_GDNF,450097,,CAG_GDNF,450098,,CAG_GDNF
B2_W1_D2_28102025(5).edf,Batch_2,,450916,,CAG_eGFP,450917,,CAG_eGFP,450093,,CAG_eGFP,450094,,RAM_GDNF,450095,,RAM_GDNF,450096,,RAM_GDNF,450097,,CAG_GDNF,450098,,CAG_GDNF
B2_W1_D2_28102025(4).edf,Batch_2,,450916,,CAG_eGFP,450917,,CAG_eGFP,450093,,CAG_eGFP,450094,,RAM_GDNF,450095,,RAM_GDNF,450096,,RAM_GDNF,450097,,CAG_GDNF,450098,,CAG_GDNF
B2_W1_D2_28102025(8).edf,Batch_2,,450916,,CAG_eGFP,450917,,CAG_eGFP,450093,,CAG_eGFP,450094,,RAM_GDNF,450095,,RAM_GDNF,450096,,RAM_GDNF,450097,,CAG_GDNF,450098,,CAG_GDNF
B2_W1_D2_28102025(1).edf,Batch_2,,450916,,CAG_eGFP,450917,,CAG_eGFP,450093,,CAG_eGFP,450094,,RAM_GDNF,450095,,RAM_GDNF,450096,,RAM_GDNF,450097,,CAG_GDNF,450098,,CAG_GDNF
B2_W1_D2_28102025(7).edf,Batch_2,,450916,,CAG_eGFP,450917,,CAG_eGFP,450093,,CAG_eGFP,450094,,RAM_GDNF,450095,,RAM_GDNF,450096,,RAM_GDNF,450097,,CAG_GDNF,450098,,CAG_GDNF
B2_W1_D2_28102025(6).edf,Batch_2,,450916,,CAG_eGFP,450917,,CAG_eGFP,450093,,CAG_eGFP,450094,,RAM_GDNF,450095,,RAM_GDNF,450096,,RAM_GDNF,450097,,CAG_GDNF,450098,,CAG_GDNF
B2_W1_D2_28102025(9).edf,Batch_2,,450916,,CAG_eGFP,450917,,CAG_eGFP,450093,,CAG_eGFP,450094,,RAM_GDNF,450095,,RAM_GDNF,450096,,RAM_GDNF,450097,,CAG_GDNF,450098,,CAG_GDNF
B2_W1_D7_02112025(13).edf,Batch_2,,450916,,CAG_eGFP,450917,,CAG_eGFP,450093,,CAG_eGFP,450094,,RAM_GDNF,450095,,RAM_GDNF,450096,,RAM_GDNF,450097,,CAG_GDNF,450098,,CAG_GDNF
B2_W1_D7_02112025(11).edf,Batch_2,,450916,,CAG_eGFP,450917,,CAG_eGFP,450093,,CAG_eGFP,450094,,RAM_GDNF,450095,,RAM_GDNF,450096,,RAM_GDNF,450097,,CAG_GDNF,450098,,CAG_GDNF
B2_W1_D7_02112025(8).edf,Batch_2,,450916,,CAG_eGFP,450917,,CAG_eGFP,450093,,CAG_eGFP,450094,,RAM_GDNF,450095,,RAM_GDNF,450096,,RAM_GDNF,450097,,CAG_GDNF,450098,,CAG_GDNF
B2_W1_D7_02112025(12).edf,Batch_2,,450916,,CAG_eGFP,450917,,CAG_eGFP,450093,,CAG_eGFP,450094,,RAM_GDNF,450095,,RAM_GDNF,450096,,RAM_GDNF,450097,,CAG_GDNF,450098,,CAG_GDNF
B2_W1_D7_02112025(3).edf,Batch_2,,450916,,CAG_eGFP,450917,,CAG_eGFP,450093,,CAG_eGFP,450094,,RAM_GDNF,450095,,RAM_GDNF,450096,,RAM_GDNF,450097,,CAG_GDNF,450098,,CAG_GDNF
B2_W1_D7_02112025(10).edf,Batch_2,,450916,,CAG_eGFP,450917,,CAG_eGFP,450093,,CAG_eGFP,450094,,RAM_GDNF,450095,,RAM_GDNF,450096,,RAM_GDNF,450097,,CAG_GDNF,450098,,CAG_GDNF
B2_W1_D7_02112025(5).edf,Batch_2,,450916,,CAG_eGFP,450917,,CAG_eGFP,450093,,CAG_eGFP,450094,,RAM_GDNF,450095,,RAM_GDNF,450096,,RAM_GDNF,450097,,CAG_GDNF,450098,,CAG_GDNF
B2_W1_D7_02112025(15).edf,Batch_2,,450916,,CAG_eGFP,450917,,CAG_eGFP,450093,,CAG_eGFP,450094,,RAM_GDNF,450095,,RAM_GDNF,450096,,RAM_GDNF,450097,,CAG_GDNF,450098,,CAG_GDNF
B2_W1_D7_02112025(1).edf,Batch_2,,450916,,CAG_eGFP,450917,,CAG_eGFP,450093,,CAG_eGFP,450094,,RAM_GDNF,450095,,RAM_GDNF,450096,,RAM_GDNF,450097,,CAG_GDNF,450098,,CAG_GDNF
B2_W1_D7_02112025(7).edf,Batch_2,,450916,,CAG_eGFP,450917,,CAG_eGFP,450093,,CAG_eGFP,450094,,RAM_GDNF,450095,,RAM_GDNF,450096,,RAM_GDNF,450097,,CAG_GDNF,450098,,CAG_GDNF
B2_W1_D7_02112025(9).edf,Batch_2,,450916,,CAG_eGFP,450917,,CAG_eGFP,450093,,CAG_eGFP,450094,,RAM_GDNF,450095,,RAM_GDNF,450096,,RAM_GDNF,450097,,CAG_GDNF,450098,,CAG_GDNF
B2_W1_D7_02112025(2).edf,Batch_2,,450916,,CAG_eGFP,450917,,CAG_eGFP,450093,,CAG_eGFP,450094,,RAM_GDNF,450095,,RAM_GDNF,450096,,RAM_GDNF,450097,,CAG_GDNF,450098,,CAG_GDNF
B2_W1_D7_02112025(4).edf,Batch_2,,450916,,CAG_eGFP,450917,,CAG_eGFP,450093,,CAG_eGFP,450094,,RAM_GDNF,450095,,RAM_GDNF,450096,,RAM_GDNF,450097,,CAG_GDNF,450098,,CAG_GDNF
B2_W1_D7_02112025(14).edf,Batch_2,,450916,,CAG_eGFP,450917,,CAG_eGFP,450093,,CAG_eGFP,450094,,RAM_GDNF,450095,,RAM_GDNF,450096,,RAM_GDNF,450097,,CAG_GDNF,450098,,CAG_GDNF
B2_W1_D7_02112025(6).edf,Batch_2,,450916,,CAG_eGFP,450917,,CAG_eGFP,450093,,CAG_eGFP,450094,,RAM_GDNF,450095,,RAM_GDNF,450096,,RAM_GDNF,450097,,CAG_GDNF,450098,,CAG_GDNF
B2_W2_D1_03112025(10).edf,Batch_2,,450916,,CAG_eGFP,450917,,CAG_eGFP,450093,,CAG_eGFP,450094,,RAM_GDNF,450095,,RAM_GDNF,450096,,RAM_GDNF,450097,,CAG_GDNF,450098,,CAG_GDNF
B2_W2_D1_03112025(8).edf,Batch_2,,450916,,CAG_eGFP,450917,,CAG_eGFP,450093,,CAG_eGFP,450094,,RAM_GDNF,450095,,RAM_GDNF,450096,,RAM_GDNF,450097,,CAG_GDNF,450098,,CAG_GDNF
B2_W2_D1_03112025(2).edf,Batch_2,,450916,,CAG_eGFP,450917,,CAG_eGFP,450093,,CAG_eGFP,450094,,RAM_GDNF,450095,,RAM_GDNF,450096,,RAM_GDNF,450097,,CAG_GDNF,450098,,CAG_GDNF
B2_W2_D1_03112025(14).edf,Batch_2,,450916,,CAG_eGFP,450917,,CAG_eGFP,450093,,CAG_eGFP,450094,,RAM_GDNF,450095,,RAM_GDNF,450096,,RAM_GDNF,450097,,CAG_GDNF,450098,,CAG_GDNF
B2_W2_D1_03112025(11).edf,Batch_2,,450916,,CAG_eGFP,450917,,CAG_eGFP,450093,,CAG_eGFP,450094,,RAM_GDNF,450095,,RAM_GDNF,450096,,RAM_GDNF,450097,,CAG_GDNF,450098,,CAG_GDNF
B2_W2_D1_03112025(15).edf,Batch_2,,450916,,CAG_eGFP,450917,,CAG_eGFP,450093,,CAG_eGFP,450094,,RAM_GDNF,450095,,RAM_GDNF,450096,,RAM_GDNF,450097,,CAG_GDNF,450098,,CAG_GDNF
B2_W2_D1_03112025(16).edf,Batch_2,,450916,,CAG_eGFP,450917,,CAG_eGFP,450093,,CAG_eGFP,450094,,RAM_GDNF,450095,,RAM_GDNF,450096,,RAM_GDNF,450097,,CAG_GDNF,450098,,CAG_GDNF
B2_W2_D1_03112025(12).edf,Batch_2,,450916,,CAG_eGFP,450917,,CAG_eGFP,450093,,CAG_eGFP,450094,,RAM_GDNF,450095,,RAM_GDNF,450096,,RAM_GDNF,450097,,CAG_GDNF,450098,,CAG_GDNF
B2_W2_D1_03112025(13).edf,Batch_2,,450916,,CAG_eGFP,450917,,CAG_eGFP,450093,,CAG_eGFP,450094,,RAM_GDNF,450095,,RAM_GDNF,450096,,RAM_GDNF,450097,,CAG_GDNF,450098,,CAG_GDNF
B2_W2_D1_03112025(6).edf,Batch_2,,450916,,CAG_eGFP,450917,,CAG_eGFP,450093,,CAG_eGFP,450094,,RAM_GDNF,450095,,RAM_GDNF,450096,,RAM_GDNF,450097,,CAG_GDNF,450098,,CAG_GDNF
B2_W2_D1_03112025(4).edf,Batch_2,,450916,,CAG_eGFP,450917,,CAG_eGFP,450093,,CAG_eGFP,450094,,RAM_GDNF,450095,,RAM_GDNF,450096,,RAM_GDNF,450097,,CAG_GDNF,450098,,CAG_GDNF
B2_W2_D1_03112025(7).edf,Batch_2,,450916,,CAG_eGFP,450917,,CAG_eGFP,450093,,CAG_eGFP,450094,,RAM_GDNF,450095,,RAM_GDNF,450096,,RAM_GDNF,450097,,CAG_GDNF,450098,,CAG_GDNF
B2_W2_D1_03112025(1).edf,Batch_2,,450916,,CAG_eGFP,450917,,CAG_eGFP,450093,,CAG_eGFP,450094,,RAM_GDNF,450095,,RAM_GDNF,450096,,RAM_GDNF,450097,,CAG_GDNF,450098,,CAG_GDNF
B2_W2_D1_03112025(3).edf,Batch_2,,450916,,CAG_eGFP,450917,,CAG_eGFP,450093,,CAG_eGFP,450094,,RAM_GDNF,450095,,RAM_GDNF,450096,,RAM_GDNF,450097,,CAG_GDNF,450098,,CAG_GDNF
B2_W2_D1_03112025(9).edf,Batch_2,,450916,,CAG_eGFP,450917,,CAG_eGFP,450093,,CAG_eGFP,450094,,RAM_GDNF,450095,,RAM_GDNF,450096,,RAM_GDNF,450097,,CAG_GDNF,450098,,CAG_GDNF
B2_W2_D1_03112025(5).edf,Batch_2,,450916,,CAG_eGFP,450917,,CAG_eGFP,450093,,CAG_eGFP,450094,,RAM_GDNF,450095,,RAM_GDNF,450096,,RAM_GDNF,450097,,CAG_GDNF,450098,,CAG_GDNF
B2_W2_D3_05112025(15).edf,Batch_2,,450916,,CAG_eGFP,450917,,CAG_eGFP,450093,,CAG_eGFP,450094,,RAM_GDNF,450095,,RAM_GDNF,450096,,RAM_GDNF,450097,,CAG_GDNF,450098,,CAG_GDNF
B2_W2_D3_05112025(11).edf,Batch_2,,450916,,CAG_eGFP,450917,,CAG_eGFP,450093,,CAG_eGFP,450094,,RAM_GDNF,450095,,RAM_GDNF,450096,,RAM_GDNF,450097,,CAG_GDNF,450098,,CAG_GDNF
B2_W2_D3_05112025(7).edf,Batch_2,,450916,,CAG_eGFP,450917,,CAG_eGFP,450093,,CAG_eGFP,450094,,RAM_GDNF,450095,,RAM_GDNF,450096,,RAM_GDNF,450097,,CAG_GDNF,450098,,CAG_GDNF
B2_W2_D3_05112025(5).edf,Batch_2,,450916,,CAG_eGFP,450917,,CAG_eGFP,450093,,CAG_eGFP,450094,,RAM_GDNF,450095,,RAM_GDNF,450096,,RAM_GDNF,450097,,CAG_GDNF,450098,,CAG_GDNF
B2_W2_D3_05112025(16).edf,Batch_2,,450916,,CAG_eGFP,450917,,CAG_eGFP,450093,,CAG_eGFP,450094,,RAM_GDNF,450095,,RAM_GDNF,450096,,RAM_GDNF,450097,,CAG_GDNF,450098,,CAG_GDNF
B2_W2_D3_05112025(14).edf,Batch_2,,450916,,CAG_eGFP,450917,,CAG_eGFP,450093,,CAG_eGFP,450094,,RAM_GDNF,450095,,RAM_GDNF,450096,,RAM_GDNF,450097,,CAG_GDNF,450098,,CAG_GDNF
B2_W2_D3_05112025(6).edf,Batch_2,,450916,,CAG_eGFP,450917,,CAG_eGFP,450093,,CAG_eGFP,450094,,RAM_GDNF,450095,,RAM_GDNF,450096,,RAM_GDNF,450097,,CAG_GDNF,450098,,CAG_GDNF
B2_W2_D3_05112025(3).edf,Batch_2,,450916,,CAG_eGFP,450917,,CAG_eGFP,450093,,CAG_eGFP,450094,,RAM_GDNF,450095,,RAM_GDNF,450096,,RAM_GDNF,450097,,CAG_GDNF,450098,,CAG_GDNF
B2_W2_D3_05112025(2).edf,Batch_2,,450916,,CAG_eGFP,450917,,CAG_eGFP,450093,,CAG_eGFP,450094,,RAM_GDNF,450095,,RAM_GDNF,450096,,RAM_GDNF,450097,,CAG_GDNF,450098,,CAG_GDNF
B2_W2_D3_05112025(12).edf,Batch_2,,450916,,CAG_eGFP,450917,,CAG_eGFP,450093,,CAG_eGFP,450094,,RAM_GDNF,450095,,RAM_GDNF,450096,,RAM_GDNF,450097,,CAG_GDNF,450098,,CAG_GDNF
B2_W2_D3_05112025(1).edf,Batch_2,,450916,,CAG_eGFP,450917,,CAG_eGFP,450093,,CAG_eGFP,450094,,RAM_GDNF,450095,,RAM_GDNF,450096,,RAM_GDNF,450097,,CAG_GDNF,450098,,CAG_GDNF
B2_W2_D3_05112025(4).edf,Batch_2,,450916,,CAG_eGFP,450917,,CAG_eGFP,450093,,CAG_eGFP,450094,,RAM_GDNF,450095,,RAM_GDNF,450096,,RAM_GDNF,450097,,CAG_GDNF,450098,,CAG_GDNF
B2_W2_D3_05112025(8).edf,Batch_2,,450916,,CAG_eGFP,450917,,CAG_eGFP,450093,,CAG_eGFP,450094,,RAM_GDNF,450095,,RAM_GDNF,450096,,RAM_GDNF,450097,,CAG_GDNF,450098,,CAG_GDNF
B2_W2_D3_05112025(10).edf,Batch_2,,450916,,CAG_eGFP,450917,,CAG_eGFP,450093,,CAG_eGFP,450094,,RAM_GDNF,450095,,RAM_GDNF,450096,,RAM_GDNF,450097,,CAG_GDNF,450098,,CAG_GDNF
B2_W2_D3_05112025(13).edf,Batch_2,,450916,,CAG_eGFP,450917,,CAG_eGFP,450093,,CAG_eGFP,450094,,RAM_GDNF,450095,,RAM_GDNF,450096,,RAM_GDNF,450097,,CAG_GDNF,450098,,CAG_GDNF
B2_W2_D3_05112025(9).edf,Batch_2,,450916,,CAG_eGFP,450917,,CAG_eGFP,450093,,CAG_eGFP,450094,,RAM_GDNF,450095,,RAM_GDNF,450096,,RAM_GDNF,450097,,CAG_GDNF,450098,,CAG_GDNF
B2_W2_D5_07112025(15).edf,Batch_2,,450916,,CAG_eGFP,450917,,CAG_eGFP,450093,,CAG_eGFP,450094,,RAM_GDNF,450095,,RAM_GDNF,450096,,RAM_GDNF,450097,,CAG_GDNF,450098,,CAG_GDNF
B2_W2_D5_07112025(10).edf,Batch_2,,450916,,CAG_eGFP,450917,,CAG_eGFP,450093,,CAG_eGFP,450094,,RAM_GDNF,450095,,RAM_GDNF,450096,,RAM_GDNF,450097,,CAG_GDNF,450098,,CAG_GDNF
B2_W2_D5_07112025(9).edf,Batch_2,,450916,,CAG_eGFP,450917,,CAG_eGFP,450093,,CAG_eGFP,450094,,RAM_GDNF,450095,,RAM_GDNF,450096,,RAM_GDNF,450097,,CAG_GDNF,450098,,CAG_GDNF
B2_W2_D5_07112025(3).edf,Batch_2,,450916,,CAG_eGFP,450917,,CAG_eGFP,450093,,CAG_eGFP,450094,,RAM_GDNF,450095,,RAM_GDNF,450096,,RAM_GDNF,450097,,CAG_GDNF,450098,,CAG_GDNF
B2_W2_D5_07112025(6).edf,Batch_2,,450916,,CAG_eGFP,450917,,CAG_eGFP,450093,,CAG_eGFP,450094,,RAM_GDNF,450095,,RAM_GDNF,450096,,RAM_GDNF,450097,,CAG_GDNF,450098,,CAG_GDNF
B2_W2_D5_07112025(12).edf,Batch_2,,450916,,CAG_eGFP,450917,,CAG_eGFP,450093,,CAG_eGFP,450094,,RAM_GDNF,450095,,RAM_GDNF,450096,,RAM_GDNF,450097,,CAG_GDNF,450098,,CAG_GDNF
B2_W2_D5_07112025(16).edf,Batch_2,,450916,,CAG_eGFP,450917,,CAG_eGFP,450093,,CAG_eGFP,450094,,RAM_GDNF,450095,,RAM_GDNF,450096,,RAM_GDNF,450097,,CAG_GDNF,450098,,CAG_GDNF
B2_W2_D5_07112025(13).edf,Batch_2,,450916,,CAG_eGFP,450917,,CAG_eGFP,450093,,CAG_eGFP,450094,,RAM_GDNF,450095,,RAM_GDNF,450096,,RAM_GDNF,450097,,CAG_GDNF,450098,,CAG_GDNF
B2_W2_D5_07112025(2).edf,Batch_2,,450916,,CAG_eGFP,450917,,CAG_eGFP,450093,,CAG_eGFP,450094,,RAM_GDNF,450095,,RAM_GDNF,450096,,RAM_GDNF,450097,,CAG_GDNF,450098,,CAG_GDNF
B2_W2_D5_07112025(14).edf,Batch_2,,450916,,CAG_eGFP,450917,,CAG_eGFP,450093,,CAG_eGFP,450094,,RAM_GDNF,450095,,RAM_GDNF,450096,,RAM_GDNF,450097,,CAG_GDNF,450098,,CAG_GDNF
B2_W2_D5_07112025(7).edf,Batch_2,,450916,,CAG_eGFP,450917,,CAG_eGFP,450093,,CAG_eGFP,450094,,RAM_GDNF,450095,,RAM_GDNF,450096,,RAM_GDNF,450097,,CAG_GDNF,450098,,CAG_GDNF
B2_W2_D5_07112025(4).edf,Batch_2,,450916,,CAG_eGFP,450917,,CAG_eGFP,450093,,CAG_eGFP,450094,,RAM_GDNF,450095,,RAM_GDNF,450096,,RAM_GDNF,450097,,CAG_GDNF,450098,,CAG_GDNF
B2_W2_D5_07112025(11).edf,Batch_2,,450916,,CAG_eGFP,450917,,CAG_eGFP,450093,,CAG_eGFP,450094,,RAM_GDNF,450095,,RAM_GDNF,450096,,RAM_GDNF,450097,,CAG_GDNF,450098,,CAG_GDNF
B2_W2_D5_07112025(1).edf,Batch_2,,450916,,CAG_eGFP,450917,,CAG_eGFP,450093,,CAG_eGFP,450094,,RAM_GDNF,450095,,RAM_GDNF,450096,,RAM_GDNF,450097,,CAG_GDNF,450098,,CAG_GDNF
B2_W2_D5_07112025(8).edf,Batch_2,,450916,,CAG_eGFP,450917,,CAG_eGFP,450093,,CAG_eGFP,450094,,RAM_GDNF,450095,,RAM_GDNF,450096,,RAM_GDNF,450097,,CAG_GDNF,450098,,CAG_GDNF
B2_W2_D5_07112025(5).edf,Batch_2,,450916,,CAG_eGFP,450917,,CAG_eGFP,450093,,CAG_eGFP,450094,,RAM_GDNF,450095,,RAM_GDNF,450096,,RAM_GDNF,450097,,CAG_GDNF,450098,,CAG_GDNF
B2_W2_D5_07112025(17).edf,Batch_2,,450916,,CAG_eGFP,450917,,CAG_eGFP,450093,,CAG_eGFP,450094,,RAM_GDNF,450095,,RAM_GDNF,450096,,RAM_GDNF,450097,,CAG_GDNF,450098,,CAG_GDNF
B2_W2_D7_09112025(12).edf,Batch_2,,450916,,CAG_eGFP,450917,,CAG_eGFP,450093,,CAG_eGFP,450094,,RAM_GDNF,450095,,RAM_GDNF,450096,,RAM_GDNF,450097,,CAG_GDNF,450098,,CAG_GDNF
B2_W2_D7_09112025(3).edf,Batch_2,,450916,,CAG_eGFP,450917,,CAG_eGFP,450093,,CAG_eGFP,450094,,RAM_GDNF,450095,,RAM_GDNF,450096,,RAM_GDNF,450097,,CAG_GDNF,450098,,CAG_GDNF
B2_W2_D7_09112025(2).edf,Batch_2,,450916,,CAG_eGFP,450917,,CAG_eGFP,450093,,CAG_eGFP,450094,,RAM_GDNF,450095,,RAM_GDNF,450096,,RAM_GDNF,450097,,CAG_GDNF,450098,,CAG_GDNF
B2_W2_D7_09112025(10).edf,Batch_2,,450916,,CAG_eGFP,450917,,CAG_eGFP,450093,,CAG_eGFP,450094,,RAM_GDNF,450095,,RAM_GDNF,450096,,RAM_GDNF,450097,,CAG_GDNF,450098,,CAG_GDNF
B2_W2_D7_09112025(16).edf,Batch_2,,450916,,CAG_eGFP,450917,,CAG_eGFP,450093,,CAG_eGFP,450094,,RAM_GDNF,450095,,RAM_GDNF,450096,,RAM_GDNF,450097,,CAG_GDNF,450098,,CAG_GDNF
B2_W2_D7_09112025(6).edf,Batch_2,,450916,,CAG_eGFP,450917,,CAG_eGFP,450093,,CAG_eGFP,450094,,RAM_GDNF,450095,,RAM_GDNF,450096,,RAM_GDNF,450097,,CAG_GDNF,450098,,CAG_GDNF
B2_W2_D7_09112025(4).edf,Batch_2,,450916,,CAG_eGFP,450917,,CAG_eGFP,450093,,CAG_eGFP,450094,,RAM_GDNF,450095,,RAM_GDNF,450096,,RAM_GDNF,450097,,CAG_GDNF,450098,,CAG_GDNF
B2_W2_D7_09112025(14).edf,Batch_2,,450916,,CAG_eGFP,450917,,CAG_eGFP,450093,,CAG_eGFP,450094,,RAM_GDNF,450095,,RAM_GDNF,450096,,RAM_GDNF,450097,,CAG_GDNF,450098,,CAG_GDNF
B2_W2_D7_09112025(5).edf,Batch_2,,450916,,CAG_eGFP,450917,,CAG_eGFP,450093,,CAG_eGFP,450094,,RAM_GDNF,450095,,RAM_GDNF,450096,,RAM_GDNF,450097,,CAG_GDNF,450098,,CAG_GDNF
B2_W2_D7_09112025(15).edf,Batch_2,,450916,,CAG_eGFP,450917,,CAG_eGFP,450093,,CAG_eGFP,450094,,RAM_GDNF,450095,,RAM_GDNF,450096,,RAM_GDNF,450097,,CAG_GDNF,450098,,CAG_GDNF
B2_W2_D7_09112025(8).edf,Batch_2,,450916,,CAG_eGFP,450917,,CAG_eGFP,450093,,CAG_eGFP,450094,,RAM_GDNF,450095,,RAM_GDNF,450096,,RAM_GDNF,450097,,CAG_GDNF,450098,,CAG_GDNF
B2_W2_D7_09112025(1).edf,Batch_2,,450916,,CAG_eGFP,450917,,CAG_eGFP,450093,,CAG_eGFP,450094,,RAM_GDNF,450095,,RAM_GDNF,450096,,RAM_GDNF,450097,,CAG_GDNF,450098,,CAG_GDNF
B2_W2_D7_09112025(7).edf,Batch_2,,450916,,CAG_eGFP,450917,,CAG_eGFP,450093,,CAG_eGFP,450094,,RAM_GDNF,450095,,RAM_GDNF,450096,,RAM_GDNF,450097,,CAG_GDNF,450098,,CAG_GDNF
B2_W2_D7_09112025(9).edf,Batch_2,,450916,,CAG_eGFP,450917,,CAG_eGFP,450093,,CAG_eGFP,450094,,RAM_GDNF,450095,,RAM_GDNF,450096,,RAM_GDNF,450097,,CAG_GDNF,450098,,CAG_GDNF
B2_W2_D7_09112025(13).edf,Batch_2,,450916,,CAG_eGFP,450917,,CAG_eGFP,450093,,CAG_eGFP,450094,,RAM_GDNF,450095,,RAM_GDNF,450096,,RAM_GDNF,450097,,CAG_GDNF,450098,,CAG_GDNF
B2_W2_D7_09112025(11).edf,Batch_2,,450916,,CAG_eGFP,450917,,CAG_eGFP,450093,,CAG_eGFP,450094,,RAM_GDNF,450095,,RAM_GDNF,450096,,RAM_GDNF,450097,,CAG_GDNF,450098,,CAG_GDNF
B2_W2_D2_04112025(1).edf,Batch_2,,450916,,CAG_eGFP,450917,,CAG_eGFP,450093,,CAG_eGFP,450094,,RAM_GDNF,450095,,RAM_GDNF,450096,,RAM_GDNF,450097,,CAG_GDNF,450098,,CAG_GDNF
B2_W2_D2_04112025(13).edf,Batch_2,,450916,,CAG_eGFP,450917,,CAG_eGFP,450093,,CAG_eGFP,450094,,RAM_GDNF,450095,,RAM_GDNF,450096,,RAM_GDNF,450097,,CAG_GDNF,450098,,CAG_GDNF
B2_W2_D2_04112025(14).edf,Batch_2,,450916,,CAG_eGFP,450917,,CAG_eGFP,450093,,CAG_eGFP,450094,,RAM_GDNF,450095,,RAM_GDNF,450096,,RAM_GDNF,450097,,CAG_GDNF,450098,,CAG_GDNF
B2_W2_D2_04112025(16).edf,Batch_2,,450916,,CAG_eGFP,450917,,CAG_eGFP,450093,,CAG_eGFP,450094,,RAM_GDNF,450095,,RAM_GDNF,450096,,RAM_GDNF,450097,,CAG_GDNF,450098,,CAG_GDNF
B2_W2_D2_04112025(10).edf,Batch_2,,450916,,CAG_eGFP,450917,,CAG_eGFP,450093,,CAG_eGFP,450094,,RAM_GDNF,450095,,RAM_GDNF,450096,,RAM_GDNF,450097,,CAG_GDNF,450098,,CAG_GDNF
B2_W2_D2_04112025(8).edf,Batch_2,,450916,,CAG_eGFP,450917,,CAG_eGFP,450093,,CAG_eGFP,450094,,RAM_GDNF,450095,,RAM_GDNF,450096,,RAM_GDNF,450097,,CAG_GDNF,450098,,CAG_GDNF
B2_W2_D2_04112025(3).edf,Batch_2,,450916,,CAG_eGFP,450917,,CAG_eGFP,450093,,CAG_eGFP,450094,,RAM_GDNF,450095,,RAM_GDNF,450096,,RAM_GDNF,450097,,CAG_GDNF,450098,,CAG_GDNF
B2_W2_D2_04112025(7).edf,Batch_2,,450916,,CAG_eGFP,450917,,CAG_eGFP,450093,,CAG_eGFP,450094,,RAM_GDNF,450095,,RAM_GDNF,450096,,RAM_GDNF,450097,,CAG_GDNF,450098,,CAG_GDNF
B2_W2_D2_04112025(5).edf,Batch_2,,450916,,CAG_eGFP,450917,,CAG_eGFP,450093,,CAG_eGFP,450094,,RAM_GDNF,450095,,RAM_GDNF,450096,,RAM_GDNF,450097,,CAG_GDNF,450098,,CAG_GDNF
B2_W2_D2_04112025(6).edf,Batch_2,,450916,,CAG_eGFP,450917,,CAG_eGFP,450093,,CAG_eGFP,450094,,RAM_GDNF,450095,,RAM_GDNF,450096,,RAM_GDNF,450097,,CAG_GDNF,450098,,CAG_GDNF
B2_W2_D2_04112025(12).edf,Batch_2,,450916,,CAG_eGFP,450917,,CAG_eGFP,450093,,CAG_eGFP,450094,,RAM_GDNF,450095,,RAM_GDNF,450096,,RAM_GDNF,450097,,CAG_GDNF,450098,,CAG_GDNF
B2_W2_D2_04112025(15).edf,Batch_2,,450916,,CAG_eGFP,450917,,CAG_eGFP,450093,,CAG_eGFP,450094,,RAM_GDNF,450095,,RAM_GDNF,450096,,RAM_GDNF,450097,,CAG_GDNF,450098,,CAG_GDNF
B2_W2_D2_04112025(4).edf,Batch_2,,450916,,CAG_eGFP,450917,,CAG_eGFP,450093,,CAG_eGFP,450094,,RAM_GDNF,450095,,RAM_GDNF,450096,,RAM_GDNF,450097,,CAG_GDNF,450098,,CAG_GDNF
B2_W2_D2_04112025(11).edf,Batch_2,,450916,,CAG_eGFP,450917,,CAG_eGFP,450093,,CAG_eGFP,450094,,RAM_GDNF,450095,,RAM_GDNF,450096,,RAM_GDNF,450097,,CAG_GDNF,450098,,CAG_GDNF
B2_W2_D2_04112025(9).edf,Batch_2,,450916,,CAG_eGFP,450917,,CAG_eGFP,450093,,CAG_eGFP,450094,,RAM_GDNF,450095,,RAM_GDNF,450096,,RAM_GDNF,450097,,CAG_GDNF,450098,,CAG_GDNF
B2_W2_D2_04112025(2).edf,Batch_2,,450916,,CAG_eGFP,450917,,CAG_eGFP,450093,,CAG_eGFP,450094,,RAM_GDNF,450095,,RAM_GDNF,450096,,RAM_GDNF,450097,,CAG_GDNF,450098,,CAG_GDNF
B2_W2_D4_06112025(1).edf,Batch_2,,450916,,CAG_eGFP,450917,,CAG_eGFP,450093,,CAG_eGFP,450094,,RAM_GDNF,450095,,RAM_GDNF,450096,,RAM_GDNF,450097,,CAG_GDNF,450098,,CAG_GDNF
B2_W2_D4_06112025(16).edf,Batch_2,,450916,,CAG_eGFP,450917,,CAG_eGFP,450093,,CAG_eGFP,450094,,RAM_GDNF,450095,,RAM_GDNF,450096,,RAM_GDNF,450097,,CAG_GDNF,450098,,CAG_GDNF
B2_W2_D4_06112025(9).edf,Batch_2,,450916,,CAG_eGFP,450917,,CAG_eGFP,450093,,CAG_eGFP,450094,,RAM_GDNF,450095,,RAM_GDNF,450096,,RAM_GDNF,450097,,CAG_GDNF,450098,,CAG_GDNF
B2_W2_D4_06112025(13).edf,Batch_2,,450916,,CAG_eGFP,450917,,CAG_eGFP,450093,,CAG_eGFP,450094,,RAM_GDNF,450095,,RAM_GDNF,450096,,RAM_GDNF,450097,,CAG_GDNF,450098,,CAG_GDNF
B2_W2_D4_06112025(6).edf,Batch_2,,450916,,CAG_eGFP,450917,,CAG_eGFP,450093,,CAG_eGFP,450094,,RAM_GDNF,450095,,RAM_GDNF,450096,,RAM_GDNF,450097,,CAG_GDNF,450098,,CAG_GDNF
B2_W2_D4_06112025(5).edf,Batch_2,,450916,,CAG_eGFP,450917,,CAG_eGFP,450093,,CAG_eGFP,450094,,RAM_GDNF,450095,,RAM_GDNF,450096,,RAM_GDNF,450097,,CAG_GDNF,450098,,CAG_GDNF
B2_W2_D4_06112025(7).edf,Batch_2,,450916,,CAG_eGFP,450917,,CAG_eGFP,450093,,CAG_eGFP,450094,,RAM_GDNF,450095,,RAM_GDNF,450096,,RAM_GDNF,450097,,CAG_GDNF,450098,,CAG_GDNF
B2_W2_D4_06112025(11).edf,Batch_2,,450916,,CAG_eGFP,450917,,CAG_eGFP,450093,,CAG_eGFP,450094,,RAM_GDNF,450095,,RAM_GDNF,450096,,RAM_GDNF,450097,,CAG_GDNF,450098,,CAG_GDNF
B2_W2_D4_06112025(14).edf,Batch_2,,450916,,CAG_eGFP,450917,,CAG_eGFP,450093,,CAG_eGFP,450094,,RAM_GDNF,450095,,RAM_GDNF,450096,,RAM_GDNF,450097,,CAG_GDNF,450098,,CAG_GDNF
B2_W2_D4_06112025(10).edf,Batch_2,,450916,,CAG_eGFP,450917,,CAG_eGFP,450093,,CAG_eGFP,450094,,RAM_GDNF,450095,,RAM_GDNF,450096,,RAM_GDNF,450097,,CAG_GDNF,450098,,CAG_GDNF
B2_W2_D4_06112025(2).edf,Batch_2,,450916,,CAG_eGFP,450917,,CAG_eGFP,450093,,CAG_eGFP,450094,,RAM_GDNF,450095,,RAM_GDNF,450096,,RAM_GDNF,450097,,CAG_GDNF,450098,,CAG_GDNF
B2_W2_D4_06112025(8).edf,Batch_2,,450916,,CAG_eGFP,450917,,CAG_eGFP,450093,,CAG_eGFP,450094,,RAM_GDNF,450095,,RAM_GDNF,450096,,RAM_GDNF,450097,,CAG_GDNF,450098,,CAG_GDNF
B2_W2_D4_06112025(15).edf,Batch_2,,450916,,CAG_eGFP,450917,,CAG_eGFP,450093,,CAG_eGFP,450094,,RAM_GDNF,450095,,RAM_GDNF,450096,,RAM_GDNF,450097,,CAG_GDNF,450098,,CAG_GDNF
B2_W2_D4_06112025(12).edf,Batch_2,,450916,,CAG_eGFP,450917,,CAG_eGFP,450093,,CAG_eGFP,450094,,RAM_GDNF,450095,,RAM_GDNF,450096,,RAM_GDNF,450097,,CAG_GDNF,450098,,CAG_GDNF
B2_W2_D4_06112025(3).edf,Batch_2,,450916,,CAG_eGFP,450917,,CAG_eGFP,450093,,CAG_eGFP,450094,,RAM_GDNF,450095,,RAM_GDNF,450096,,RAM_GDNF,450097,,CAG_GDNF,450098,,CAG_GDNF
B2_W2_D4_06112025(4).edf,Batch_2,,450916,,CAG_eGFP,450917,,CAG_eGFP,450093,,CAG_eGFP,450094,,RAM_GDNF,450095,,RAM_GDNF,450096,,RAM_GDNF,450097,,CAG_GDNF,450098,,CAG_GDNF
B2_W2_D6_08112025(7).edf,Batch_2,,450916,,CAG_eGFP,450917,,CAG_eGFP,450093,,CAG_eGFP,450094,,RAM_GDNF,450095,,RAM_GDNF,450096,,RAM_GDNF,450097,,CAG_GDNF,450098,,CAG_GDNF
B2_W2_D6_08112025(8).edf,Batch_2,,450916,,CAG_eGFP,450917,,CAG_eGFP,450093,,CAG_eGFP,450094,,RAM_GDNF,450095,,RAM_GDNF,450096,,RAM_GDNF,450097,,CAG_GDNF,450098,,CAG_GDNF
B2_W2_D6_08112025(9).edf,Batch_2,,450916,,CAG_eGFP,450917,,CAG_eGFP,450093,,CAG_eGFP,450094,,RAM_GDNF,450095,,RAM_GDNF,450096,,RAM_GDNF,450097,,CAG_GDNF,450098,,CAG_GDNF
B2_W2_D6_08112025(4).edf,Batch_2,,450916,,CAG_eGFP,450917,,CAG_eGFP,450093,,CAG_eGFP,450094,,RAM_GDNF,450095,,RAM_GDNF,450096,,RAM_GDNF,450097,,CAG_GDNF,450098,,CAG_GDNF
B2_W2_D6_08112025(1).edf,Batch_2,,450916,,CAG_eGFP,450917,,CAG_eGFP,450093,,CAG_eGFP,450094,,RAM_GDNF,450095,,RAM_GDNF,450096,,RAM_GDNF,450097,,CAG_GDNF,450098,,CAG_GDNF
B2_W2_D6_08112025(10).edf,Batch_2,,450916,,CAG_eGFP,450917,,CAG_eGFP,450093,,CAG_eGFP,450094,,RAM_GDNF,450095,,RAM_GDNF,450096,,RAM_GDNF,450097,,CAG_GDNF,450098,,CAG_GDNF
B2_W2_D6_08112025(14).edf,Batch_2,,450916,,CAG_eGFP,450917,,CAG_eGFP,450093,,CAG_eGFP,450094,,RAM_GDNF,450095,,RAM_GDNF,450096,,RAM_GDNF,450097,,CAG_GDNF,450098,,CAG_GDNF
B2_W2_D6_08112025(12).edf,Batch_2,,450916,,CAG_eGFP,450917,,CAG_eGFP,450093,,CAG_eGFP,450094,,RAM_GDNF,450095,,RAM_GDNF,450096,,RAM_GDNF,450097,,CAG_GDNF,450098,,CAG_GDNF
B2_W2_D6_08112025(5).edf,Batch_2,,450916,,CAG_eGFP,450917,,CAG_eGFP,450093,,CAG_eGFP,450094,,RAM_GDNF,450095,,RAM_GDNF,450096,,RAM_GDNF,450097,,CAG_GDNF,450098,,CAG_GDNF
B2_W2_D6_08112025(11).edf,Batch_2,,450916,,CAG_eGFP,450917,,CAG_eGFP,450093,,CAG_eGFP,450094,,RAM_GDNF,450095,,RAM_GDNF,450096,,RAM_GDNF,450097,,CAG_GDNF,450098,,CAG_GDNF
B2_W2_D6_08112025(15).edf,Batch_2,,450916,,CAG_eGFP,450917,,CAG_eGFP,450093,,CAG_eGFP,450094,,RAM_GDNF,450095,,RAM_GDNF,450096,,RAM_GDNF,450097,,CAG_GDNF,450098,,CAG_GDNF
B2_W2_D6_08112025(2).edf,Batch_2,,450916,,CAG_eGFP,450917,,CAG_eGFP,450093,,CAG_eGFP,450094,,RAM_GDNF,450095,,RAM_GDNF,450096,,RAM_GDNF,450097,,CAG_GDNF,450098,,CAG_GDNF
B2_W2_D6_08112025(6).edf,Batch_2,,450916,,CAG_eGFP,450917,,CAG_eGFP,450093,,CAG_eGFP,450094,,RAM_GDNF,450095,,RAM_GDNF,450096,,RAM_GDNF,450097,,CAG_GDNF,450098,,CAG_GDNF
B2_W2_D6_08112025(16).edf,Batch_2,,450916,,CAG_eGFP,450917,,CAG_eGFP,450093,,CAG_eGFP,450094,,RAM_GDNF,450095,,RAM_GDNF,450096,,RAM_GDNF,450097,,CAG_GDNF,450098,,CAG_GDNF
B2_W2_D6_08112025(13).edf,Batch_2,,450916,,CAG_eGFP,450917,,CAG_eGFP,450093,,CAG_eGFP,450094,,RAM_GDNF,450095,,RAM_GDNF,450096,,RAM_GDNF,450097,,CAG_GDNF,450098,,CAG_GDNF
B2_W2_D6_08112025(3).edf,Batch_2,,450916,,CAG_eGFP,450917,,CAG_eGFP,450093,,CAG_eGFP,450094,,RAM_GDNF,450095,,RAM_GDNF,450096,,RAM_GDNF,450097,,CAG_GDNF,450098,,CAG_GDNF
B2_W3_D3_12112025(10).edf,Batch_2,,450916,,CAG_eGFP,450917,,CAG_eGFP,450093,,CAG_eGFP,450094,,RAM_GDNF,450095,,RAM_GDNF,450096,,RAM_GDNF,450097,,CAG_GDNF,450098,,CAG_GDNF
B2_W3_D3_12112025(5).edf,Batch_2,,450916,,CAG_eGFP,450917,,CAG_eGFP,450093,,CAG_eGFP,450094,,RAM_GDNF,450095,,RAM_GDNF,450096,,RAM_GDNF,450097,,CAG_GDNF,450098,,CAG_GDNF
B2_W3_D3_12112025(16).edf,Batch_2,,450916,,CAG_eGFP,450917,,CAG_eGFP,450093,,CAG_eGFP,450094,,RAM_GDNF,450095,,RAM_GDNF,450096,,RAM_GDNF,450097,,CAG_GDNF,450098,,CAG_GDNF
B2_W3_D3_12112025(8).edf,Batch_2,,450916,,CAG_eGFP,450917,,CAG_eGFP,450093,,CAG_eGFP,450094,,RAM_GDNF,450095,,RAM_GDNF,450096,,RAM_GDNF,450097,,CAG_GDNF,450098,,CAG_GDNF
B2_W3_D3_12112025(11).edf,Batch_2,,450916,,CAG_eGFP,450917,,CAG_eGFP,450093,,CAG_eGFP,450094,,RAM_GDNF,450095,,RAM_GDNF,450096,,RAM_GDNF,450097,,CAG_GDNF,450098,,CAG_GDNF
B2_W3_D3_12112025(4).edf,Batch_2,,450916,,CAG_eGFP,450917,,CAG_eGFP,450093,,CAG_eGFP,450094,,RAM_GDNF,450095,,RAM_GDNF,450096,,RAM_GDNF,450097,,CAG_GDNF,450098,,CAG_GDNF
B2_W3_D3_12112025(3).edf,Batch_2,,450916,,CAG_eGFP,450917,,CAG_eGFP,450093,,CAG_eGFP,450094,,RAM_GDNF,450095,,RAM_GDNF,450096,,RAM_GDNF,450097,,CAG_GDNF,450098,,CAG_GDNF
B2_W3_D3_12112025(9).edf,Batch_2,,450916,,CAG_eGFP,450917,,CAG_eGFP,450093,,CAG_eGFP,450094,,RAM_GDNF,450095,,RAM_GDNF,450096,,RAM_GDNF,450097,,CAG_GDNF,450098,,CAG_GDNF
B2_W3_D3_12112025(6).edf,Batch_2,,450916,,CAG_eGFP,450917,,CAG_eGFP,450093,,CAG_eGFP,450094,,RAM_GDNF,450095,,RAM_GDNF,450096,,RAM_GDNF,450097,,CAG_GDNF,450098,,CAG_GDNF
B2_W3_D3_12112025(1).edf,Batch_2,,450916,,CAG_eGFP,450917,,CAG_eGFP,450093,,CAG_eGFP,450094,,RAM_GDNF,450095,,RAM_GDNF,450096,,RAM_GDNF,450097,,CAG_GDNF,450098,,CAG_GDNF
B2_W3_D3_12112025(12).edf,Batch_2,,450916,,CAG_eGFP,450917,,CAG_eGFP,450093,,CAG_eGFP,450094,,RAM_GDNF,450095,,RAM_GDNF,450096,,RAM_GDNF,450097,,CAG_GDNF,450098,,CAG_GDNF
B2_W3_D3_12112025(2).edf,Batch_2,,450916,,CAG_eGFP,450917,,CAG_eGFP,450093,,CAG_eGFP,450094,,RAM_GDNF,450095,,RAM_GDNF,450096,,RAM_GDNF,450097,,CAG_GDNF,450098,,CAG_GDNF
B2_W3_D3_12112025(7).edf,Batch_2,,450916,,CAG_eGFP,450917,,CAG_eGFP,450093,,CAG_eGFP,450094,,RAM_GDNF,450095,,RAM_GDNF,450096,,RAM_GDNF,450097,,CAG_GDNF,450098,,CAG_GDNF
B2_W3_D3_12112025(14).edf,Batch_2,,450916,,CAG_eGFP,450917,,CAG_eGFP,450093,,CAG_eGFP,450094,,RAM_GDNF,450095,,RAM_GDNF,450096,,RAM_GDNF,450097,,CAG_GDNF,450098,,CAG_GDNF
B2_W3_D3_12112025(15).edf,Batch_2,,450916,,CAG_eGFP,450917,,CAG_eGFP,450093,,CAG_eGFP,450094,,RAM_GDNF,450095,,RAM_GDNF,450096,,RAM_GDNF,450097,,CAG_GDNF,450098,,CAG_GDNF
B2_W3_D3_12112025(13).edf,Batch_2,,450916,,CAG_eGFP,450917,,CAG_eGFP,450093,,CAG_eGFP,450094,,RAM_GDNF,450095,,RAM_GDNF,450096,,RAM_GDNF,450097,,CAG_GDNF,450098,,CAG_GDNF
B2_W3_D2_11112025(4).edf,Batch_2,,450916,,CAG_eGFP,450917,,CAG_eGFP,450093,,CAG_eGFP,450094,,RAM_GDNF,450095,,RAM_GDNF,450096,,RAM_GDNF,450097,,CAG_GDNF,450098,,CAG_GDNF
B2_W3_D2_11112025(16).edf,Batch_2,,450916,,CAG_eGFP,450917,,CAG_eGFP,450093,,CAG_eGFP,450094,,RAM_GDNF,450095,,RAM_GDNF,450096,,RAM_GDNF,450097,,CAG_GDNF,450098,,CAG_GDNF
B2_W3_D2_11112025(3).edf,Batch_2,,450916,,CAG_eGFP,450917,,CAG_eGFP,450093,,CAG_eGFP,450094,,RAM_GDNF,450095,,RAM_GDNF,450096,,RAM_GDNF,450097,,CAG_GDNF,450098,,CAG_GDNF
B2_W3_D2_11112025(13).edf,Batch_2,,450916,,CAG_eGFP,450917,,CAG_eGFP,450093,,CAG_eGFP,450094,,RAM_GDNF,450095,,RAM_GDNF,450096,,RAM_GDNF,450097,,CAG_GDNF,450098,,CAG_GDNF
B2_W3_D2_11112025(2).edf,Batch_2,,450916,,CAG_eGFP,450917,,CAG_eGFP,450093,,CAG_eGFP,450094,,RAM_GDNF,450095,,RAM_GDNF,450096,,RAM_GDNF,450097,,CAG_GDNF,450098,,CAG_GDNF
B2_W3_D2_11112025(14).edf,Batch_2,,450916,,CAG_eGFP,450917,,CAG_eGFP,450093,,CAG_eGFP,450094,,RAM_GDNF,450095,,RAM_GDNF,450096,,RAM_GDNF,450097,,CAG_GDNF,450098,,CAG_GDNF
B2_W3_D2_11112025(10).edf,Batch_2,,450916,,CAG_eGFP,450917,,CAG_eGFP,450093,,CAG_eGFP,450094,,RAM_GDNF,450095,,RAM_GDNF,450096,,RAM_GDNF,450097,,CAG_GDNF,450098,,CAG_GDNF
B2_W3_D2_11112025(1).edf,Batch_2,,450916,,CAG_eGFP,450917,,CAG_eGFP,450093,,CAG_eGFP,450094,,RAM_GDNF,450095,,RAM_GDNF,450096,,RAM_GDNF,450097,,CAG_GDNF,450098,,CAG_GDNF
B2_W3_D2_11112025(8).edf,Batch_2,,450916,,CAG_eGFP,450917,,CAG_eGFP,450093,,CAG_eGFP,450094,,RAM_GDNF,450095,,RAM_GDNF,450096,,RAM_GDNF,450097,,CAG_GDNF,450098,,CAG_GDNF
B2_W3_D2_11112025(12).edf,Batch_2,,450916,,CAG_eGFP,450917,,CAG_eGFP,450093,,CAG_eGFP,450094,,RAM_GDNF,450095,,RAM_GDNF,450096,,RAM_GDNF,450097,,CAG_GDNF,450098,,CAG_GDNF
B2_W3_D2_11112025(9).edf,Batch_2,,450916,,CAG_eGFP,450917,,CAG_eGFP,450093,,CAG_eGFP,450094,,RAM_GDNF,450095,,RAM_GDNF,450096,,RAM_GDNF,450097,,CAG_GDNF,450098,,CAG_GDNF
B2_W3_D2_11112025(15).edf,Batch_2,,450916,,CAG_eGFP,450917,,CAG_eGFP,450093,,CAG_eGFP,450094,,RAM_GDNF,450095,,RAM_GDNF,450096,,RAM_GDNF,450097,,CAG_GDNF,450098,,CAG_GDNF
B2_W3_D2_11112025(6).edf,Batch_2,,450916,,CAG_eGFP,450917,,CAG_eGFP,450093,,CAG_eGFP,450094,,RAM_GDNF,450095,,RAM_GDNF,450096,,RAM_GDNF,450097,,CAG_GDNF,450098,,CAG_GDNF
B2_W3_D2_11112025(11).edf,Batch_2,,450916,,CAG_eGFP,450917,,CAG_eGFP,450093,,CAG_eGFP,450094,,RAM_GDNF,450095,,RAM_GDNF,450096,,RAM_GDNF,450097,,CAG_GDNF,450098,,CAG_GDNF
B2_W3_D2_11112025(5).edf,Batch_2,,450916,,CAG_eGFP,450917,,CAG_eGFP,450093,,CAG_eGFP,450094,,RAM_GDNF,450095,,RAM_GDNF,450096,,RAM_GDNF,450097,,CAG_GDNF,450098,,CAG_GDNF
B2_W3_D2_11112025(7).edf,Batch_2,,450916,,CAG_eGFP,450917,,CAG_eGFP,450093,,CAG_eGFP,450094,,RAM_GDNF,450095,,RAM_GDNF,450096,,RAM_GDNF,450097,,CAG_GDNF,450098,,CAG_GDNF
B2_W3_D4_13112025(5).edf,Batch_2,,450916,,CAG_eGFP,450917,,CAG_eGFP,450093,,CAG_eGFP,450094,,RAM_GDNF,450095,,RAM_GDNF,450096,,RAM_GDNF,450097,,CAG_GDNF,450098,,CAG_GDNF
B2_W3_D4_13112025(9).edf,Batch_2,,450916,,CAG_eGFP,450917,,CAG_eGFP,450093,,CAG_eGFP,450094,,RAM_GDNF,450095,,RAM_GDNF,450096,,RAM_GDNF,450097,,CAG_GDNF,450098,,CAG_GDNF
B2_W3_D4_13112025(15).edf,Batch_2,,450916,,CAG_eGFP,450917,,CAG_eGFP,450093,,CAG_eGFP,450094,,RAM_GDNF,450095,,RAM_GDNF,450096,,RAM_GDNF,450097,,CAG_GDNF,450098,,CAG_GDNF
B2_W3_D4_13112025(1).edf,Batch_2,,450916,,CAG_eGFP,450917,,CAG_eGFP,450093,,CAG_eGFP,450094,,RAM_GDNF,450095,,RAM_GDNF,450096,,RAM_GDNF,450097,,CAG_GDNF,450098,,CAG_GDNF
B2_W3_D4_13112025(13).edf,Batch_2,,450916,,CAG_eGFP,450917,,CAG_eGFP,450093,,CAG_eGFP,450094,,RAM_GDNF,450095,,RAM_GDNF,450096,,RAM_GDNF,450097,,CAG_GDNF,450098,,CAG_GDNF
B2_W3_D4_13112025(8).edf,Batch_2,,450916,,CAG_eGFP,450917,,CAG_eGFP,450093,,CAG_eGFP,450094,,RAM_GDNF,450095,,RAM_GDNF,450096,,RAM_GDNF,450097,,CAG_GDNF,450098,,CAG_GDNF
B2_W3_D4_13112025(12).edf,Batch_2,,450916,,CAG_eGFP,450917,,CAG_eGFP,450093,,CAG_eGFP,450094,,RAM_GDNF,450095,,RAM_GDNF,450096,,RAM_GDNF,450097,,CAG_GDNF,450098,,CAG_GDNF
B2_W3_D4_13112025(3).edf,Batch_2,,450916,,CAG_eGFP,450917,,CAG_eGFP,450093,,CAG_eGFP,450094,,RAM_GDNF,450095,,RAM_GDNF,450096,,RAM_GDNF,450097,,CAG_GDNF,450098,,CAG_GDNF
B2_W3_D4_13112025(6).edf,Batch_2,,450916,,CAG_eGFP,450917,,CAG_eGFP,450093,,CAG_eGFP,450094,,RAM_GDNF,450095,,RAM_GDNF,450096,,RAM_GDNF,450097,,CAG_GDNF,450098,,CAG_GDNF
B2_W3_D4_13112025(2).edf,Batch_2,,450916,,CAG_eGFP,450917,,CAG_eGFP,450093,,CAG_eGFP,450094,,RAM_GDNF,450095,,RAM_GDNF,450096,,RAM_GDNF,450097,,CAG_GDNF,450098,,CAG_GDNF
B2_W3_D4_13112025(11).edf,Batch_2,,450916,,CAG_eGFP,450917,,CAG_eGFP,450093,,CAG_eGFP,450094,,RAM_GDNF,450095,,RAM_GDNF,450096,,RAM_GDNF,450097,,CAG_GDNF,450098,,CAG_GDNF
B2_W3_D4_13112025(16).edf,Batch_2,,450916,,CAG_eGFP,450917,,CAG_eGFP,450093,,CAG_eGFP,450094,,RAM_GDNF,450095,,RAM_GDNF,450096,,RAM_GDNF,450097,,CAG_GDNF,450098,,CAG_GDNF
B2_W3_D4_13112025(7).edf,Batch_2,,450916,,CAG_eGFP,450917,,CAG_eGFP,450093,,CAG_eGFP,450094,,RAM_GDNF,450095,,RAM_GDNF,450096,,RAM_GDNF,450097,,CAG_GDNF,450098,,CAG_GDNF
B2_W3_D4_13112025(14).edf,Batch_2,,450916,,CAG_eGFP,450917,,CAG_eGFP,450093,,CAG_eGFP,450094,,RAM_GDNF,450095,,RAM_GDNF,450096,,RAM_GDNF,450097,,CAG_GDNF,450098,,CAG_GDNF
B2_W3_D4_13112025(10).edf,Batch_2,,450916,,CAG_eGFP,450917,,CAG_eGFP,450093,,CAG_eGFP,450094,,RAM_GDNF,450095,,RAM_GDNF,450096,,RAM_GDNF,450097,,CAG_GDNF,450098,,CAG_GDNF
B2_W3_D4_13112025(4).edf,Batch_2,,450916,,CAG_eGFP,450917,,CAG_eGFP,450093,,CAG_eGFP,450094,,RAM_GDNF,450095,,RAM_GDNF,450096,,RAM_GDNF,450097,,CAG_GDNF,450098,,CAG_GDNF
B2_W3_D6_15112025(7).edf,Batch_2,,450916,,CAG_eGFP,450917,,CAG_eGFP,450093,,CAG_eGFP,450094,,RAM_GDNF,450095,,RAM_GDNF,450096,,RAM_GDNF,450097,,CAG_GDNF,450098,,CAG_GDNF
B2_W3_D6_15112025(10).edf,Batch_2,,450916,,CAG_eGFP,450917,,CAG_eGFP,450093,,CAG_eGFP,450094,,RAM_GDNF,450095,,RAM_GDNF,450096,,RAM_GDNF,450097,,CAG_GDNF,450098,,CAG_GDNF
B2_W3_D6_15112025(15).edf,Batch_2,,450916,,CAG_eGFP,450917,,CAG_eGFP,450093,,CAG_eGFP,450094,,RAM_GDNF,450095,,RAM_GDNF,450096,,RAM_GDNF,450097,,CAG_GDNF,450098,,CAG_GDNF
B2_W3_D6_15112025(5).edf,Batch_2,,450916,,CAG_eGFP,450917,,CAG_eGFP,450093,,CAG_eGFP,450094,,RAM_GDNF,450095,,RAM_GDNF,450096,,RAM_GDNF,450097,,CAG_GDNF,450098,,CAG_GDNF
B2_W3_D6_15112025(12).edf,Batch_2,,450916,,CAG_eGFP,450917,,CAG_eGFP,450093,,CAG_eGFP,450094,,RAM_GDNF,450095,,RAM_GDNF,450096,,RAM_GDNF,450097,,CAG_GDNF,450098,,CAG_GDNF
B2_W3_D6_15112025(11).edf,Batch_2,,450916,,CAG_eGFP,450917,,CAG_eGFP,450093,,CAG_eGFP,450094,,RAM_GDNF,450095,,RAM_GDNF,450096,,RAM_GDNF,450097,,CAG_GDNF,450098,,CAG_GDNF
B2_W3_D6_15112025(8).edf,Batch_2,,450916,,CAG_eGFP,450917,,CAG_eGFP,450093,,CAG_eGFP,450094,,RAM_GDNF,450095,,RAM_GDNF,450096,,RAM_GDNF,450097,,CAG_GDNF,450098,,CAG_GDNF
B2_W3_D6_15112025(2).edf,Batch_2,,450916,,CAG_eGFP,450917,,CAG_eGFP,450093,,CAG_eGFP,450094,,RAM_GDNF,450095,,RAM_GDNF,450096,,RAM_GDNF,450097,,CAG_GDNF,450098,,CAG_GDNF
B2_W3_D6_15112025(4).edf,Batch_2,,450916,,CAG_eGFP,450917,,CAG_eGFP,450093,,CAG_eGFP,450094,,RAM_GDNF,450095,,RAM_GDNF,450096,,RAM_GDNF,450097,,CAG_GDNF,450098,,CAG_GDNF
B2_W3_D6_15112025(3).edf,Batch_2,,450916,,CAG_eGFP,450917,,CAG_eGFP,450093,,CAG_eGFP,450094,,RAM_GDNF,450095,,RAM_GDNF,450096,,RAM_GDNF,450097,,CAG_GDNF,450098,,CAG_GDNF
B2_W3_D6_15112025(1).edf,Batch_2,,450916,,CAG_eGFP,450917,,CAG_eGFP,450093,,CAG_eGFP,450094,,RAM_GDNF,450095,,RAM_GDNF,450096,,RAM_GDNF,450097,,CAG_GDNF,450098,,CAG_GDNF
B2_W3_D6_15112025(13).edf,Batch_2,,450916,,CAG_eGFP,450917,,CAG_eGFP,450093,,CAG_eGFP,450094,,RAM_GDNF,450095,,RAM_GDNF,450096,,RAM_GDNF,450097,,CAG_GDNF,450098,,CAG_GDNF
B2_W3_D6_15112025(14).edf,Batch_2,,450916,,CAG_eGFP,450917,,CAG_eGFP,450093,,CAG_eGFP,450094,,RAM_GDNF,450095,,RAM_GDNF,450096,,RAM_GDNF,450097,,CAG_GDNF,450098,,CAG_GDNF
B2_W3_D6_15112025(6).edf,Batch_2,,450916,,CAG_eGFP,450917,,CAG_eGFP,450093,,CAG_eGFP,450094,,RAM_GDNF,450095,,RAM_GDNF,450096,,RAM_GDNF,450097,,CAG_GDNF,450098,,CAG_GDNF
B2_W3_D6_15112025(16).edf,Batch_2,,450916,,CAG_eGFP,450917,,CAG_eGFP,450093,,CAG_eGFP,450094,,RAM_GDNF,450095,,RAM_GDNF,450096,,RAM_GDNF,450097,,CAG_GDNF,450098,,CAG_GDNF
B2_W3_D6_15112025(9).edf,Batch_2,,450916,,CAG_eGFP,450917,,CAG_eGFP,450093,,CAG_eGFP,450094,,RAM_GDNF,450095,,RAM_GDNF,450096,,RAM_GDNF,450097,,CAG_GDNF,450098,,CAG_GDNF
B2_W3_D5_14112025(13).edf,Batch_2,,450916,,CAG_eGFP,450917,,CAG_eGFP,450093,,CAG_eGFP,450094,,RAM_GDNF,450095,,RAM_GDNF,450096,,RAM_GDNF,450097,,CAG_GDNF,450098,,CAG_GDNF
B2_W3_D5_14112025(5).edf,Batch_2,,450916,,CAG_eGFP,450917,,CAG_eGFP,450093,,CAG_eGFP,450094,,RAM_GDNF,450095,,RAM_GDNF,450096,,RAM_GDNF,450097,,CAG_GDNF,450098,,CAG_GDNF
B2_W3_D5_14112025(1).edf,Batch_2,,450916,,CAG_eGFP,450917,,CAG_eGFP,450093,,CAG_eGFP,450094,,RAM_GDNF,450095,,RAM_GDNF,450096,,RAM_GDNF,450097,,CAG_GDNF,450098,,CAG_GDNF
B2_W3_D5_14112025(6).edf,Batch_2,,450916,,CAG_eGFP,450917,,CAG_eGFP,450093,,CAG_eGFP,450094,,RAM_GDNF,450095,,RAM_GDNF,450096,,RAM_GDNF,450097,,CAG_GDNF,450098,,CAG_GDNF
B2_W3_D5_14112025(12).edf,Batch_2,,450916,,CAG_eGFP,450917,,CAG_eGFP,450093,,CAG_eGFP,450094,,RAM_GDNF,450095,,RAM_GDNF,450096,,RAM_GDNF,450097,,CAG_GDNF,450098,,CAG_GDNF
B2_W3_D5_14112025(8).edf,Batch_2,,450916,,CAG_eGFP,450917,,CAG_eGFP,450093,,CAG_eGFP,450094,,RAM_GDNF,450095,,RAM_GDNF,450096,,RAM_GDNF,450097,,CAG_GDNF,450098,,CAG_GDNF
B2_W3_D5_14112025(11).edf,Batch_2,,450916,,CAG_eGFP,450917,,CAG_eGFP,450093,,CAG_eGFP,450094,,RAM_GDNF,450095,,RAM_GDNF,450096,,RAM_GDNF,450097,,CAG_GDNF,450098,,CAG_GDNF
B2_W3_D5_14112025(16).edf,Batch_2,,450916,,CAG_eGFP,450917,,CAG_eGFP,450093,,CAG_eGFP,450094,,RAM_GDNF,450095,,RAM_GDNF,450096,,RAM_GDNF,450097,,CAG_GDNF,450098,,CAG_GDNF
B2_W3_D5_14112025(9).edf,Batch_2,,450916,,CAG_eGFP,450917,,CAG_eGFP,450093,,CAG_eGFP,450094,,RAM_GDNF,450095,,RAM_GDNF,450096,,RAM_GDNF,450097,,CAG_GDNF,450098,,CAG_GDNF
B2_W3_D5_14112025(10).edf,Batch_2,,450916,,CAG_eGFP,450917,,CAG_eGFP,450093,,CAG_eGFP,450094,,RAM_GDNF,450095,,RAM_GDNF,450096,,RAM_GDNF,450097,,CAG_GDNF,450098,,CAG_GDNF
B2_W3_D5_14112025(3).edf,Batch_2,,450916,,CAG_eGFP,450917,,CAG_eGFP,450093,,CAG_eGFP,450094,,RAM_GDNF,450095,,RAM_GDNF,450096,,RAM_GDNF,450097,,CAG_GDNF,450098,,CAG_GDNF
B2_W3_D5_14112025(2).edf,Batch_2,,450916,,CAG_eGFP,450917,,CAG_eGFP,450093,,CAG_eGFP,450094,,RAM_GDNF,450095,,RAM_GDNF,450096,,RAM_GDNF,450097,,CAG_GDNF,450098,,CAG_GDNF
B2_W3_D5_14112025(4).edf,Batch_2,,450916,,CAG_eGFP,450917,,CAG_eGFP,450093,,CAG_eGFP,450094,,RAM_GDNF,450095,,RAM_GDNF,450096,,RAM_GDNF,450097,,CAG_GDNF,450098,,CAG_GDNF
B2_W3_D5_14112025(15).edf,Batch_2,,450916,,CAG_eGFP,450917,,CAG_eGFP,450093,,CAG_eGFP,450094,,RAM_GDNF,450095,,RAM_GDNF,450096,,RAM_GDNF,450097,,CAG_GDNF,450098,,CAG_GDNF
B2_W3_D5_14112025(14).edf,Batch_2,,450916,,CAG_eGFP,450917,,CAG_eGFP,450093,,CAG_eGFP,450094,,RAM_GDNF,450095,,RAM_GDNF,450096,,RAM_GDNF,450097,,CAG_GDNF,450098,,CAG_GDNF
B2_W3_D5_14112025(7).edf,Batch_2,,450916,,CAG_eGFP,450917,,CAG_eGFP,450093,,CAG_eGFP,450094,,RAM_GDNF,450095,,RAM_GDNF,450096,,RAM_GDNF,450097,,CAG_GDNF,450098,,CAG_GDNF
B2_W3_D7_16112025(13).edf,Batch_2,,450916,,CAG_eGFP,450917,,CAG_eGFP,450093,,CAG_eGFP,450094,,RAM_GDNF,450095,,RAM_GDNF,450096,,RAM_GDNF,450097,,CAG_GDNF,450098,,CAG_GDNF
B2_W3_D7_16112025(16).edf,Batch_2,,450916,,CAG_eGFP,450917,,CAG_eGFP,450093,,CAG_eGFP,450094,,RAM_GDNF,450095,,RAM_GDNF,450096,,RAM_GDNF,450097,,CAG_GDNF,450098,,CAG_GDNF
B2_W3_D7_16112025(2).edf,Batch_2,,450916,,CAG_eGFP,450917,,CAG_eGFP,450093,,CAG_eGFP,450094,,RAM_GDNF,450095,,RAM_GDNF,450096,,RAM_GDNF,450097,,CAG_GDNF,450098,,CAG_GDNF
B2_W3_D7_16112025(9).edf,Batch_2,,450916,,CAG_eGFP,450917,,CAG_eGFP,450093,,CAG_eGFP,450094,,RAM_GDNF,450095,,RAM_GDNF,450096,,RAM_GDNF,450097,,CAG_GDNF,450098,,CAG_GDNF
B2_W3_D7_16112025(11).edf,Batch_2,,450916,,CAG_eGFP,450917,,CAG_eGFP,450093,,CAG_eGFP,450094,,RAM_GDNF,450095,,RAM_GDNF,450096,,RAM_GDNF,450097,,CAG_GDNF,450098,,CAG_GDNF
B2_W3_D7_16112025(3).edf,Batch_2,,450916,,CAG_eGFP,450917,,CAG_eGFP,450093,,CAG_eGFP,450094,,RAM_GDNF,450095,,RAM_GDNF,450096,,RAM_GDNF,450097,,CAG_GDNF,450098,,CAG_GDNF
B2_W3_D7_16112025(14).edf,Batch_2,,450916,,CAG_eGFP,450917,,CAG_eGFP,450093,,CAG_eGFP,450094,,RAM_GDNF,450095,,RAM_GDNF,450096,,RAM_GDNF,450097,,CAG_GDNF,450098,,CAG_GDNF
B2_W3_D7_16112025(6).edf,Batch_2,,450916,,CAG_eGFP,450917,,CAG_eGFP,450093,,CAG_eGFP,450094,,RAM_GDNF,450095,,RAM_GDNF,450096,,RAM_GDNF,450097,,CAG_GDNF,450098,,CAG_GDNF
B2_W3_D7_16112025(5).edf,Batch_2,,450916,,CAG_eGFP,450917,,CAG_eGFP,450093,,CAG_eGFP,450094,,RAM_GDNF,450095,,RAM_GDNF,450096,,RAM_GDNF,450097,,CAG_GDNF,450098,,CAG_GDNF
B2_W3_D7_16112025(15).edf,Batch_2,,450916,,CAG_eGFP,450917,,CAG_eGFP,450093,,CAG_eGFP,450094,,RAM_GDNF,450095,,RAM_GDNF,450096,,RAM_GDNF,450097,,CAG_GDNF,450098,,CAG_GDNF
B2_W3_D7_16112025(4).edf,Batch_2,,450916,,CAG_eGFP,450917,,CAG_eGFP,450093,,CAG_eGFP,450094,,RAM_GDNF,450095,,RAM_GDNF,450096,,RAM_GDNF,450097,,CAG_GDNF,450098,,CAG_GDNF
B2_W3_D7_16112025(7).edf,Batch_2,,450916,,CAG_eGFP,450917,,CAG_eGFP,450093,,CAG_eGFP,450094,,RAM_GDNF,450095,,RAM_GDNF,450096,,RAM_GDNF,450097,,CAG_GDNF,450098,,CAG_GDNF
B2_W3_D7_16112025(8).edf,Batch_2,,450916,,CAG_eGFP,450917,,CAG_eGFP,450093,,CAG_eGFP,450094,,RAM_GDNF,450095,,RAM_GDNF,450096,,RAM_GDNF,450097,,CAG_GDNF,450098,,CAG_GDNF
B2_W3_D7_16112025(10).edf,Batch_2,,450916,,CAG_eGFP,450917,,CAG_eGFP,450093,,CAG_eGFP,450094,,RAM_GDNF,450095,,RAM_GDNF,450096,,RAM_GDNF,450097,,CAG_GDNF,450098,,CAG_GDNF
B2_W3_D7_16112025(12).edf,Batch_2,,450916,,CAG_eGFP,450917,,CAG_eGFP,450093,,CAG_eGFP,450094,,RAM_GDNF,450095,,RAM_GDNF,450096,,RAM_GDNF,450097,,CAG_GDNF,450098,,CAG_GDNF
B2_W3_D7_16112025(1).edf,Batch_2,,450916,,CAG_eGFP,450917,,CAG_eGFP,450093,,CAG_eGFP,450094,,RAM_GDNF,450095,,RAM_GDNF,450096,,RAM_GDNF,450097,,CAG_GDNF,450098,,CAG_GDNF
B2_W3_D1_10112025(5).edf,Batch_2,,450916,,CAG_eGFP,450917,,CAG_eGFP,450093,,CAG_eGFP,450094,,RAM_GDNF,450095,,RAM_GDNF,450096,,RAM_GDNF,450097,,CAG_GDNF,450098,,CAG_GDNF
B2_W3_D1_10112025(15).edf,Batch_2,,450916,,CAG_eGFP,450917,,CAG_eGFP,450093,,CAG_eGFP,450094,,RAM_GDNF,450095,,RAM_GDNF,450096,,RAM_GDNF,450097,,CAG_GDNF,450098,,CAG_GDNF
B2_W3_D1_10112025(1).edf,Batch_2,,450916,,CAG_eGFP,450917,,CAG_eGFP,450093,,CAG_eGFP,450094,,RAM_GDNF,450095,,RAM_GDNF,450096,,RAM_GDNF,450097,,CAG_GDNF,450098,,CAG_GDNF
B2_W3_D1_10112025(4).edf,Batch_2,,450916,,CAG_eGFP,450917,,CAG_eGFP,450093,,CAG_eGFP,450094,,RAM_GDNF,450095,,RAM_GDNF,450096,,RAM_GDNF,450097,,CAG_GDNF,450098,,CAG_GDNF
B2_W3_D1_10112025(13).edf,Batch_2,,450916,,CAG_eGFP,450917,,CAG_eGFP,450093,,CAG_eGFP,450094,,RAM_GDNF,450095,,RAM_GDNF,450096,,RAM_GDNF,450097,,CAG_GDNF,450098,,CAG_GDNF
B2_W3_D1_10112025(6).edf,Batch_2,,450916,,CAG_eGFP,450917,,CAG_eGFP,450093,,CAG_eGFP,450094,,RAM_GDNF,450095,,RAM_GDNF,450096,,RAM_GDNF,450097,,CAG_GDNF,450098,,CAG_GDNF
B2_W3_D1_10112025(11).edf,Batch_2,,450916,,CAG_eGFP,450917,,CAG_eGFP,450093,,CAG_eGFP,450094,,RAM_GDNF,450095,,RAM_GDNF,450096,,RAM_GDNF,450097,,CAG_GDNF,450098,,CAG_GDNF
B2_W3_D1_10112025(8).edf,Batch_2,,450916,,CAG_eGFP,450917,,CAG_eGFP,450093,,CAG_eGFP,450094,,RAM_GDNF,450095,,RAM_GDNF,450096,,RAM_GDNF,450097,,CAG_GDNF,450098,,CAG_GDNF
B2_W3_D1_10112025(9).edf,Batch_2,,450916,,CAG_eGFP,450917,,CAG_eGFP,450093,,CAG_eGFP,450094,,RAM_GDNF,450095,,RAM_GDNF,450096,,RAM_GDNF,450097,,CAG_GDNF,450098,,CAG_GDNF
B2_W3_D1_10112025(10).edf,Batch_2,,450916,,CAG_eGFP,450917,,CAG_eGFP,450093,,CAG_eGFP,450094,,RAM_GDNF,450095,,RAM_GDNF,450096,,RAM_GDNF,450097,,CAG_GDNF,450098,,CAG_GDNF
B2_W3_D1_10112025(7).edf,Batch_2,,450916,,CAG_eGFP,450917,,CAG_eGFP,450093,,CAG_eGFP,450094,,RAM_GDNF,450095,,RAM_GDNF,450096,,RAM_GDNF,450097,,CAG_GDNF,450098,,CAG_GDNF
B2_W3_D1_10112025(14).edf,Batch_2,,450916,,CAG_eGFP,450917,,CAG_eGFP,450093,,CAG_eGFP,450094,,RAM_GDNF,450095,,RAM_GDNF,450096,,RAM_GDNF,450097,,CAG_GDNF,450098,,CAG_GDNF
B2_W3_D1_10112025(2).edf,Batch_2,,450916,,CAG_eGFP,450917,,CAG_eGFP,450093,,CAG_eGFP,450094,,RAM_GDNF,450095,,RAM_GDNF,450096,,RAM_GDNF,450097,,CAG_GDNF,450098,,CAG_GDNF
B2_W3_D1_10112025(12).edf,Batch_2,,450916,,CAG_eGFP,450917,,CAG_eGFP,450093,,CAG_eGFP,450094,,RAM_GDNF,450095,,RAM_GDNF,450096,,RAM_GDNF,450097,,CAG_GDNF,450098,,CAG_GDNF
B2_W3_D1_10112025(16).edf,Batch_2,,450916,,CAG_eGFP,450917,,CAG_eGFP,450093,,CAG_eGFP,450094,,RAM_GDNF,450095,,RAM_GDNF,450096,,RAM_GDNF,450097,,CAG_GDNF,450098,,CAG_GDNF
B2_W3_D1_10112025(3).edf,Batch_2,,450916,,CAG_eGFP,450917,,CAG_eGFP,450093,,CAG_eGFP,450094,,RAM_GDNF,450095,,RAM_GDNF,450096,,RAM_GDNF,450097,,CAG_GDNF,450098,,CAG_GDNF
B4_W1_D1_21062026(3).edf,Batch_4,,483551,,CAG_eGFP,483552,,CAG_eGFP,483550,,CAG_eGFP,483553,,RAM_GDNF,483554,,RAM_GDNF,483555,,RAM_GDNF,483557,,CAG_GDNF,483559,,CAG_GDNF
B4_W1_D1_21062026(15).edf,Batch_4,,483551,,CAG_eGFP,483552,,CAG_eGFP,483550,,CAG_eGFP,483553,,RAM_GDNF,483554,,RAM_GDNF,483555,,RAM_GDNF,483557,,CAG_GDNF,483559,,CAG_GDNF
B4_W1_D1_21062026(12).edf,Batch_4,,483551,,CAG_eGFP,483552,,CAG_eGFP,483550,,CAG_eGFP,483553,,RAM_GDNF,483554,,RAM_GDNF,483555,,RAM_GDNF,483557,,CAG_GDNF,483559,,CAG_GDNF
B4_W1_D1_21062026(5).edf,Batch_4,,483551,,CAG_eGFP,483552,,CAG_eGFP,483550,,CAG_eGFP,483553,,RAM_GDNF,483554,,RAM_GDNF,483555,,RAM_GDNF,483557,,CAG_GDNF,483559,,CAG_GDNF
B4_W1_D1_21062026(9).edf,Batch_4,,483551,,CAG_eGFP,483552,,CAG_eGFP,483550,,CAG_eGFP,483553,,RAM_GDNF,483554,,RAM_GDNF,483555,,RAM_GDNF,483557,,CAG_GDNF,483559,,CAG_GDNF
B4_W1_D1_21062026(10).edf,Batch_4,,483551,,CAG_eGFP,483552,,CAG_eGFP,483550,,CAG_eGFP,483553,,RAM_GDNF,483554,,RAM_GDNF,483555,,RAM_GDNF,483557,,CAG_GDNF,483559,,CAG_GDNF
B4_W1_D1_21062026(2).edf,Batch_4,,483551,,CAG_eGFP,483552,,CAG_eGFP,483550,,CAG_eGFP,483553,,RAM_GDNF,483554,,RAM_GDNF,483555,,RAM_GDNF,483557,,CAG_GDNF,483559,,CAG_GDNF
B4_W1_D1_21062026(13).edf,Batch_4,,483551,,CAG_eGFP,483552,,CAG_eGFP,483550,,CAG_eGFP,483553,,RAM_GDNF,483554,,RAM_GDNF,483555,,RAM_GDNF,483557,,CAG_GDNF,483559,,CAG_GDNF
B4_W1_D1_21062026(7).edf,Batch_4,,483551,,CAG_eGFP,483552,,CAG_eGFP,483550,,CAG_eGFP,483553,,RAM_GDNF,483554,,RAM_GDNF,483555,,RAM_GDNF,483557,,CAG_GDNF,483559,,CAG_GDNF
B4_W1_D1_21062026(16).edf,Batch_4,,483551,,CAG_eGFP,483552,,CAG_eGFP,483550,,CAG_eGFP,483553,,RAM_GDNF,483554,,RAM_GDNF,483555,,RAM_GDNF,483557,,CAG_GDNF,483559,,CAG_GDNF
B4_W1_D1_21062026(11).edf,Batch_4,,483551,,CAG_eGFP,483552,,CAG_eGFP,483550,,CAG_eGFP,483553,,RAM_GDNF,483554,,RAM_GDNF,483555,,RAM_GDNF,483557,,CAG_GDNF,483559,,CAG_GDNF
B4_W1_D1_21062026(8).edf,Batch_4,,483551,,CAG_eGFP,483552,,CAG_eGFP,483550,,CAG_eGFP,483553,,RAM_GDNF,483554,,RAM_GDNF,483555,,RAM_GDNF,483557,,CAG_GDNF,483559,,CAG_GDNF
B4_W1_D1_21062026(17).edf,Batch_4,,483551,,CAG_eGFP,483552,,CAG_eGFP,483550,,CAG_eGFP,483553,,RAM_GDNF,483554,,RAM_GDNF,483555,,RAM_GDNF,483557,,CAG_GDNF,483559,,CAG_GDNF
B4_W1_D1_21062026(4).edf,Batch_4,,483551,,CAG_eGFP,483552,,CAG_eGFP,483550,,CAG_eGFP,483553,,RAM_GDNF,483554,,RAM_GDNF,483555,,RAM_GDNF,483557,,CAG_GDNF,483559,,CAG_GDNF
B4_W1_D1_21062026(1).edf,Batch_4,,483551,,CAG_eGFP,483552,,CAG_eGFP,483550,,CAG_eGFP,483553,,RAM_GDNF,483554,,RAM_GDNF,483555,,RAM_GDNF,483557,,CAG_GDNF,483559,,CAG_GDNF
B4_W1_D1_21062026(6).edf,Batch_4,,483551,,CAG_eGFP,483552,,CAG_eGFP,483550,,CAG_eGFP,483553,,RAM_GDNF,483554,,RAM_GDNF,483555,,RAM_GDNF,483557,,CAG_GDNF,483559,,CAG_GDNF
B4_W1_D1_21062026(14).edf,Batch_4,,483551,,CAG_eGFP,483552,,CAG_eGFP,483550,,CAG_eGFP,483553,,RAM_GDNF,483554,,RAM_GDNF,483555,,RAM_GDNF,483557,,CAG_GDNF,483559,,CAG_GDNF
B4_W1_D3_23062026(4).edf,Batch_4,,483551,,CAG_eGFP,483552,,CAG_eGFP,483550,,CAG_eGFP,483553,,RAM_GDNF,483554,,RAM_GDNF,483555,,RAM_GDNF,483557,,CAG_GDNF,483559,,CAG_GDNF
B4_W1_D3_23062026(9).edf,Batch_4,,483551,,CAG_eGFP,483552,,CAG_eGFP,483550,,CAG_eGFP,483553,,RAM_GDNF,483554,,RAM_GDNF,483555,,RAM_GDNF,483557,,CAG_GDNF,483559,,CAG_GDNF
B4_W1_D3_23062026(6).edf,Batch_4,,483551,,CAG_eGFP,483552,,CAG_eGFP,483550,,CAG_eGFP,483553,,RAM_GDNF,483554,,RAM_GDNF,483555,,RAM_GDNF,483557,,CAG_GDNF,483559,,CAG_GDNF
B4_W1_D3_23062026(3).edf,Batch_4,,483551,,CAG_eGFP,483552,,CAG_eGFP,483550,,CAG_eGFP,483553,,RAM_GDNF,483554,,RAM_GDNF,483555,,RAM_GDNF,483557,,CAG_GDNF,483559,,CAG_GDNF
B4_W1_D3_23062026(1).edf,Batch_4,,483551,,CAG_eGFP,483552,,CAG_eGFP,483550,,CAG_eGFP,483553,,RAM_GDNF,483554,,RAM_GDNF,483555,,RAM_GDNF,483557,,CAG_GDNF,483559,,CAG_GDNF
B4_W1_D3_23062026(5).edf,Batch_4,,483551,,CAG_eGFP,483552,,CAG_eGFP,483550,,CAG_eGFP,483553,,RAM_GDNF,483554,,RAM_GDNF,483555,,RAM_GDNF,483557,,CAG_GDNF,483559,,CAG_GDNF
B4_W1_D3_23062026(11).edf,Batch_4,,483551,,CAG_eGFP,483552,,CAG_eGFP,483550,,CAG_eGFP,483553,,RAM_GDNF,483554,,RAM_GDNF,483555,,RAM_GDNF,483557,,CAG_GDNF,483559,,CAG_GDNF
B4_W1_D3_23062026(14).edf,Batch_4,,483551,,CAG_eGFP,483552,,CAG_eGFP,483550,,CAG_eGFP,483553,,RAM_GDNF,483554,,RAM_GDNF,483555,,RAM_GDNF,483557,,CAG_GDNF,483559,,CAG_GDNF
B4_W1_D3_23062026(15).edf,Batch_4,,483551,,CAG_eGFP,483552,,CAG_eGFP,483550,,CAG_eGFP,483553,,RAM_GDNF,483554,,RAM_GDNF,483555,,RAM_GDNF,483557,,CAG_GDNF,483559,,CAG_GDNF
B4_W1_D3_23062026(8).edf,Batch_4,,483551,,CAG_eGFP,483552,,CAG_eGFP,483550,,CAG_eGFP,483553,,RAM_GDNF,483554,,RAM_GDNF,483555,,RAM_GDNF,483557,,CAG_GDNF,483559,,CAG_GDNF
B4_W1_D3_23062026(2).edf,Batch_4,,483551,,CAG_eGFP,483552,,CAG_eGFP,483550,,CAG_eGFP,483553,,RAM_GDNF,483554,,RAM_GDNF,483555,,RAM_GDNF,483557,,CAG_GDNF,483559,,CAG_GDNF
B4_W1_D3_23062026(10).edf,Batch_4,,483551,,CAG_eGFP,483552,,CAG_eGFP,483550,,CAG_eGFP,483553,,RAM_GDNF,483554,,RAM_GDNF,483555,,RAM_GDNF,483557,,CAG_GDNF,483559,,CAG_GDNF
B4_W1_D3_23062026(13).edf,Batch_4,,483551,,CAG_eGFP,483552,,CAG_eGFP,483550,,CAG_eGFP,483553,,RAM_GDNF,483554,,RAM_GDNF,483555,,RAM_GDNF,483557,,CAG_GDNF,483559,,CAG_GDNF
B4_W1_D3_23062026(12).edf,Batch_4,,483551,,CAG_eGFP,483552,,CAG_eGFP,483550,,CAG_eGFP,483553,,RAM_GDNF,483554,,RAM_GDNF,483555,,RAM_GDNF,483557,,CAG_GDNF,483559,,CAG_GDNF
B4_W1_D3_23062026(7).edf,Batch_4,,483551,,CAG_eGFP,483552,,CAG_eGFP,483550,,CAG_eGFP,483553,,RAM_GDNF,483554,,RAM_GDNF,483555,,RAM_GDNF,483557,,CAG_GDNF,483559,,CAG_GDNF
B4_W1_D3_23062026(16).edf,Batch_4,,483551,,CAG_eGFP,483552,,CAG_eGFP,483550,,CAG_eGFP,483553,,RAM_GDNF,483554,,RAM_GDNF,483555,,RAM_GDNF,483557,,CAG_GDNF,483559,,CAG_GDNF
B4_W1_D5_25062026(11).edf,Batch_4,,483551,,CAG_eGFP,483552,,CAG_eGFP,483550,,CAG_eGFP,483553,,RAM_GDNF,483554,,RAM_GDNF,483555,,RAM_GDNF,483557,,CAG_GDNF,483559,,CAG_GDNF
B4_W1_D5_25062026(7).edf,Batch_4,,483551,,CAG_eGFP,483552,,CAG_eGFP,483550,,CAG_eGFP,483553,,RAM_GDNF,483554,,RAM_GDNF,483555,,RAM_GDNF,483557,,CAG_GDNF,483559,,CAG_GDNF
B4_W1_D5_25062026(5).edf,Batch_4,,483551,,CAG_eGFP,483552,,CAG_eGFP,483550,,CAG_eGFP,483553,,RAM_GDNF,483554,,RAM_GDNF,483555,,RAM_GDNF,483557,,CAG_GDNF,483559,,CAG_GDNF
B4_W1_D5_25062026(13).edf,Batch_4,,483551,,CAG_eGFP,483552,,CAG_eGFP,483550,,CAG_eGFP,483553,,RAM_GDNF,483554,,RAM_GDNF,483555,,RAM_GDNF,483557,,CAG_GDNF,483559,,CAG_GDNF
B4_W1_D5_25062026(10).edf,Batch_4,,483551,,CAG_eGFP,483552,,CAG_eGFP,483550,,CAG_eGFP,483553,,RAM_GDNF,483554,,RAM_GDNF,483555,,RAM_GDNF,483557,,CAG_GDNF,483559,,CAG_GDNF
B4_W1_D5_25062026(2).edf,Batch_4,,483551,,CAG_eGFP,483552,,CAG_eGFP,483550,,CAG_eGFP,483553,,RAM_GDNF,483554,,RAM_GDNF,483555,,RAM_GDNF,483557,,CAG_GDNF,483559,,CAG_GDNF
B4_W1_D5_25062026(14).edf,Batch_4,,483551,,CAG_eGFP,483552,,CAG_eGFP,483550,,CAG_eGFP,483553,,RAM_GDNF,483554,,RAM_GDNF,483555,,RAM_GDNF,483557,,CAG_GDNF,483559,,CAG_GDNF
B4_W1_D5_25062026(16).edf,Batch_4,,483551,,CAG_eGFP,483552,,CAG_eGFP,483550,,CAG_eGFP,483553,,RAM_GDNF,483554,,RAM_GDNF,483555,,RAM_GDNF,483557,,CAG_GDNF,483559,,CAG_GDNF
B4_W1_D5_25062026(15).edf,Batch_4,,483551,,CAG_eGFP,483552,,CAG_eGFP,483550,,CAG_eGFP,483553,,RAM_GDNF,483554,,RAM_GDNF,483555,,RAM_GDNF,483557,,CAG_GDNF,483559,,CAG_GDNF
B4_W1_D5_25062026(4).edf,Batch_4,,483551,,CAG_eGFP,483552,,CAG_eGFP,483550,,CAG_eGFP,483553,,RAM_GDNF,483554,,RAM_GDNF,483555,,RAM_GDNF,483557,,CAG_GDNF,483559,,CAG_GDNF
B4_W1_D5_25062026(6).edf,Batch_4,,483551,,CAG_eGFP,483552,,CAG_eGFP,483550,,CAG_eGFP,483553,,RAM_GDNF,483554,,RAM_GDNF,483555,,RAM_GDNF,483557,,CAG_GDNF,483559,,CAG_GDNF
B4_W1_D5_25062026(1).edf,Batch_4,,483551,,CAG_eGFP,483552,,CAG_eGFP,483550,,CAG_eGFP,483553,,RAM_GDNF,483554,,RAM_GDNF,483555,,RAM_GDNF,483557,,CAG_GDNF,483559,,CAG_GDNF
B4_W1_D5_25062026(3).edf,Batch_4,,483551,,CAG_eGFP,483552,,CAG_eGFP,483550,,CAG_eGFP,483553,,RAM_GDNF,483554,,RAM_GDNF,483555,,RAM_GDNF,483557,,CAG_GDNF,483559,,CAG_GDNF
B4_W1_D5_25062026(8).edf,Batch_4,,483551,,CAG_eGFP,483552,,CAG_eGFP,483550,,CAG_eGFP,483553,,RAM_GDNF,483554,,RAM_GDNF,483555,,RAM_GDNF,483557,,CAG_GDNF,483559,,CAG_GDNF
B4_W1_D5_25062026(12).edf,Batch_4,,483551,,CAG_eGFP,483552,,CAG_eGFP,483550,,CAG_eGFP,483553,,RAM_GDNF,483554,,RAM_GDNF,483555,,RAM_GDNF,483557,,CAG_GDNF,483559,,CAG_GDNF
B4_W1_D5_25062026(9).edf,Batch_4,,483551,,CAG_eGFP,483552,,CAG_eGFP,483550,,CAG_eGFP,483553,,RAM_GDNF,483554,,RAM_GDNF,483555,,RAM_GDNF,483557,,CAG_GDNF,483559,,CAG_GDNF
B4_W1_D4_24062026(14).edf,Batch_4,,483551,,CAG_eGFP,483552,,CAG_eGFP,483550,,CAG_eGFP,483553,,RAM_GDNF,483554,,RAM_GDNF,483555,,RAM_GDNF,483557,,CAG_GDNF,483559,,CAG_GDNF
B4_W1_D4_24062026(3).edf,Batch_4,,483551,,CAG_eGFP,483552,,CAG_eGFP,483550,,CAG_eGFP,483553,,RAM_GDNF,483554,,RAM_GDNF,483555,,RAM_GDNF,483557,,CAG_GDNF,483559,,CAG_GDNF
B4_W1_D4_24062026(10).edf,Batch_4,,483551,,CAG_eGFP,483552,,CAG_eGFP,483550,,CAG_eGFP,483553,,RAM_GDNF,483554,,RAM_GDNF,483555,,RAM_GDNF,483557,,CAG_GDNF,483559,,CAG_GDNF
B4_W1_D4_24062026(13).edf,Batch_4,,483551,,CAG_eGFP,483552,,CAG_eGFP,483550,,CAG_eGFP,483553,,RAM_GDNF,483554,,RAM_GDNF,483555,,RAM_GDNF,483557,,CAG_GDNF,483559,,CAG_GDNF
B4_W1_D4_24062026(11).edf,Batch_4,,483551,,CAG_eGFP,483552,,CAG_eGFP,483550,,CAG_eGFP,483553,,RAM_GDNF,483554,,RAM_GDNF,483555,,RAM_GDNF,483557,,CAG_GDNF,483559,,CAG_GDNF
B4_W1_D4_24062026(8).edf,Batch_4,,483551,,CAG_eGFP,483552,,CAG_eGFP,483550,,CAG_eGFP,483553,,RAM_GDNF,483554,,RAM_GDNF,483555,,RAM_GDNF,483557,,CAG_GDNF,483559,,CAG_GDNF
B4_W1_D4_24062026(5).edf,Batch_4,,483551,,CAG_eGFP,483552,,CAG_eGFP,483550,,CAG_eGFP,483553,,RAM_GDNF,483554,,RAM_GDNF,483555,,RAM_GDNF,483557,,CAG_GDNF,483559,,CAG_GDNF
B4_W1_D4_24062026(17).edf,Batch_4,,483551,,CAG_eGFP,483552,,CAG_eGFP,483550,,CAG_eGFP,483553,,RAM_GDNF,483554,,RAM_GDNF,483555,,RAM_GDNF,483557,,CAG_GDNF,483559,,CAG_GDNF
B4_W1_D4_24062026(2).edf,Batch_4,,483551,,CAG_eGFP,483552,,CAG_eGFP,483550,,CAG_eGFP,483553,,RAM_GDNF,483554,,RAM_GDNF,483555,,RAM_GDNF,483557,,CAG_GDNF,483559,,CAG_GDNF
B4_W1_D4_24062026(12).edf,Batch_4,,483551,,CAG_eGFP,483552,,CAG_eGFP,483550,,CAG_eGFP,483553,,RAM_GDNF,483554,,RAM_GDNF,483555,,RAM_GDNF,483557,,CAG_GDNF,483559,,CAG_GDNF
B4_W1_D4_24062026(16).edf,Batch_4,,483551,,CAG_eGFP,483552,,CAG_eGFP,483550,,CAG_eGFP,483553,,RAM_GDNF,483554,,RAM_GDNF,483555,,RAM_GDNF,483557,,CAG_GDNF,483559,,CAG_GDNF
B4_W1_D4_24062026(7).edf,Batch_4,,483551,,CAG_eGFP,483552,,CAG_eGFP,483550,,CAG_eGFP,483553,,RAM_GDNF,483554,,RAM_GDNF,483555,,RAM_GDNF,483557,,CAG_GDNF,483559,,CAG_GDNF
B4_W1_D4_24062026(15).edf,Batch_4,,483551,,CAG_eGFP,483552,,CAG_eGFP,483550,,CAG_eGFP,483553,,RAM_GDNF,483554,,RAM_GDNF,483555,,RAM_GDNF,483557,,CAG_GDNF,483559,,CAG_GDNF
B4_W1_D4_24062026(9).edf,Batch_4,,483551,,CAG_eGFP,483552,,CAG_eGFP,483550,,CAG_eGFP,483553,,RAM_GDNF,483554,,RAM_GDNF,483555,,RAM_GDNF,483557,,CAG_GDNF,483559,,CAG_GDNF
B4_W1_D4_24062026(1).edf,Batch_4,,483551,,CAG_eGFP,483552,,CAG_eGFP,483550,,CAG_eGFP,483553,,RAM_GDNF,483554,,RAM_GDNF,483555,,RAM_GDNF,483557,,CAG_GDNF,483559,,CAG_GDNF
B4_W1_D4_24062026(4).edf,Batch_4,,483551,,CAG_eGFP,483552,,CAG_eGFP,483550,,CAG_eGFP,483553,,RAM_GDNF,483554,,RAM_GDNF,483555,,RAM_GDNF,483557,,CAG_GDNF,483559,,CAG_GDNF
B4_W1_D4_24062026(6).edf,Batch_4,,483551,,CAG_eGFP,483552,,CAG_eGFP,483550,,CAG_eGFP,483553,,RAM_GDNF,483554,,RAM_GDNF,483555,,RAM_GDNF,483557,,CAG_GDNF,483559,,CAG_GDNF
B4_W1_D6_26062026(3).edf,Batch_4,,483551,,CAG_eGFP,483552,,CAG_eGFP,483550,,CAG_eGFP,483553,,RAM_GDNF,483554,,RAM_GDNF,483555,,RAM_GDNF,483557,,CAG_GDNF,483559,,CAG_GDNF
B4_W1_D6_26062026(11).edf,Batch_4,,483551,,CAG_eGFP,483552,,CAG_eGFP,483550,,CAG_eGFP,483553,,RAM_GDNF,483554,,RAM_GDNF,483555,,RAM_GDNF,483557,,CAG_GDNF,483559,,CAG_GDNF
B4_W1_D6_26062026(10).edf,Batch_4,,483551,,CAG_eGFP,483552,,CAG_eGFP,483550,,CAG_eGFP,483553,,RAM_GDNF,483554,,RAM_GDNF,483555,,RAM_GDNF,483557,,CAG_GDNF,483559,,CAG_GDNF
B4_W1_D6_26062026(13).edf,Batch_4,,483551,,CAG_eGFP,483552,,CAG_eGFP,483550,,CAG_eGFP,483553,,RAM_GDNF,483554,,RAM_GDNF,483555,,RAM_GDNF,483557,,CAG_GDNF,483559,,CAG_GDNF
B4_W1_D6_26062026(12).edf,Batch_4,,483551,,CAG_eGFP,483552,,CAG_eGFP,483550,,CAG_eGFP,483553,,RAM_GDNF,483554,,RAM_GDNF,483555,,RAM_GDNF,483557,,CAG_GDNF,483559,,CAG_GDNF
B4_W1_D6_26062026(16).edf,Batch_4,,483551,,CAG_eGFP,483552,,CAG_eGFP,483550,,CAG_eGFP,483553,,RAM_GDNF,483554,,RAM_GDNF,483555,,RAM_GDNF,483557,,CAG_GDNF,483559,,CAG_GDNF
B4_W1_D6_26062026(7).edf,Batch_4,,483551,,CAG_eGFP,483552,,CAG_eGFP,483550,,CAG_eGFP,483553,,RAM_GDNF,483554,,RAM_GDNF,483555,,RAM_GDNF,483557,,CAG_GDNF,483559,,CAG_GDNF
B4_W1_D6_26062026(5).edf,Batch_4,,483551,,CAG_eGFP,483552,,CAG_eGFP,483550,,CAG_eGFP,483553,,RAM_GDNF,483554,,RAM_GDNF,483555,,RAM_GDNF,483557,,CAG_GDNF,483559,,CAG_GDNF
B4_W1_D6_26062026(2).edf,Batch_4,,483551,,CAG_eGFP,483552,,CAG_eGFP,483550,,CAG_eGFP,483553,,RAM_GDNF,483554,,RAM_GDNF,483555,,RAM_GDNF,483557,,CAG_GDNF,483559,,CAG_GDNF
B4_W1_D6_26062026(9).edf,Batch_4,,483551,,CAG_eGFP,483552,,CAG_eGFP,483550,,CAG_eGFP,483553,,RAM_GDNF,483554,,RAM_GDNF,483555,,RAM_GDNF,483557,,CAG_GDNF,483559,,CAG_GDNF
B4_W1_D6_26062026(1).edf,Batch_4,,483551,,CAG_eGFP,483552,,CAG_eGFP,483550,,CAG_eGFP,483553,,RAM_GDNF,483554,,RAM_GDNF,483555,,RAM_GDNF,483557,,CAG_GDNF,483559,,CAG_GDNF
B4_W1_D6_26062026(14).edf,Batch_4,,483551,,CAG_eGFP,483552,,CAG_eGFP,483550,,CAG_eGFP,483553,,RAM_GDNF,483554,,RAM_GDNF,483555,,RAM_GDNF,483557,,CAG_GDNF,483559,,CAG_GDNF
B4_W1_D6_26062026(4).edf,Batch_4,,483551,,CAG_eGFP,483552,,CAG_eGFP,483550,,CAG_eGFP,483553,,RAM_GDNF,483554,,RAM_GDNF,483555,,RAM_GDNF,483557,,CAG_GDNF,483559,,CAG_GDNF
B4_W1_D6_26062026(15).edf,Batch_4,,483551,,CAG_eGFP,483552,,CAG_eGFP,483550,,CAG_eGFP,483553,,RAM_GDNF,483554,,RAM_GDNF,483555,,RAM_GDNF,483557,,CAG_GDNF,483559,,CAG_GDNF
B4_W1_D6_26062026(8).edf,Batch_4,,483551,,CAG_eGFP,483552,,CAG_eGFP,483550,,CAG_eGFP,483553,,RAM_GDNF,483554,,RAM_GDNF,483555,,RAM_GDNF,483557,,CAG_GDNF,483559,,CAG_GDNF
B4_W1_D6_26062026(6).edf,Batch_4,,483551,,CAG_eGFP,483552,,CAG_eGFP,483550,,CAG_eGFP,483553,,RAM_GDNF,483554,,RAM_GDNF,483555,,RAM_GDNF,483557,,CAG_GDNF,483559,,CAG_GDNF
B4_W1_D2_22062026(16).edf,Batch_4,,483551,,CAG_eGFP,483552,,CAG_eGFP,483550,,CAG_eGFP,483553,,RAM_GDNF,483554,,RAM_GDNF,483555,,RAM_GDNF,483557,,CAG_GDNF,483559,,CAG_GDNF
B4_W1_D2_22062026(4).edf,Batch_4,,483551,,CAG_eGFP,483552,,CAG_eGFP,483550,,CAG_eGFP,483553,,RAM_GDNF,483554,,RAM_GDNF,483555,,RAM_GDNF,483557,,CAG_GDNF,483559,,CAG_GDNF
B4_W1_D2_22062026(8).edf,Batch_4,,483551,,CAG_eGFP,483552,,CAG_eGFP,483550,,CAG_eGFP,483553,,RAM_GDNF,483554,,RAM_GDNF,483555,,RAM_GDNF,483557,,CAG_GDNF,483559,,CAG_GDNF
B4_W1_D2_22062026(9).edf,Batch_4,,483551,,CAG_eGFP,483552,,CAG_eGFP,483550,,CAG_eGFP,483553,,RAM_GDNF,483554,,RAM_GDNF,483555,,RAM_GDNF,483557,,CAG_GDNF,483559,,CAG_GDNF
B4_W1_D2_22062026(14).edf,Batch_4,,483551,,CAG_eGFP,483552,,CAG_eGFP,483550,,CAG_eGFP,483553,,RAM_GDNF,483554,,RAM_GDNF,483555,,RAM_GDNF,483557,,CAG_GDNF,483559,,CAG_GDNF
B4_W1_D2_22062026(1).edf,Batch_4,,483551,,CAG_eGFP,483552,,CAG_eGFP,483550,,CAG_eGFP,483553,,RAM_GDNF,483554,,RAM_GDNF,483555,,RAM_GDNF,483557,,CAG_GDNF,483559,,CAG_GDNF
B4_W1_D2_22062026(10).edf,Batch_4,,483551,,CAG_eGFP,483552,,CAG_eGFP,483550,,CAG_eGFP,483553,,RAM_GDNF,483554,,RAM_GDNF,483555,,RAM_GDNF,483557,,CAG_GDNF,483559,,CAG_GDNF
B4_W1_D2_22062026(5).edf,Batch_4,,483551,,CAG_eGFP,483552,,CAG_eGFP,483550,,CAG_eGFP,483553,,RAM_GDNF,483554,,RAM_GDNF,483555,,RAM_GDNF,483557,,CAG_GDNF,483559,,CAG_GDNF
B4_W1_D2_22062026(13).edf,Batch_4,,483551,,CAG_eGFP,483552,,CAG_eGFP,483550,,CAG_eGFP,483553,,RAM_GDNF,483554,,RAM_GDNF,483555,,RAM_GDNF,483557,,CAG_GDNF,483559,,CAG_GDNF
B4_W1_D2_22062026(2).edf,Batch_4,,483551,,CAG_eGFP,483552,,CAG_eGFP,483550,,CAG_eGFP,483553,,RAM_GDNF,483554,,RAM_GDNF,483555,,RAM_GDNF,483557,,CAG_GDNF,483559,,CAG_GDNF
B4_W1_D2_22062026(3).edf,Batch_4,,483551,,CAG_eGFP,483552,,CAG_eGFP,483550,,CAG_eGFP,483553,,RAM_GDNF,483554,,RAM_GDNF,483555,,RAM_GDNF,483557,,CAG_GDNF,483559,,CAG_GDNF
B4_W1_D2_22062026(11).edf,Batch_4,,483551,,CAG_eGFP,483552,,CAG_eGFP,483550,,CAG_eGFP,483553,,RAM_GDNF,483554,,RAM_GDNF,483555,,RAM_GDNF,483557,,CAG_GDNF,483559,,CAG_GDNF
B4_W1_D2_22062026(7).edf,Batch_4,,483551,,CAG_eGFP,483552,,CAG_eGFP,483550,,CAG_eGFP,483553,,RAM_GDNF,483554,,RAM_GDNF,483555,,RAM_GDNF,483557,,CAG_GDNF,483559,,CAG_GDNF
B4_W1_D2_22062026(12).edf,Batch_4,,483551,,CAG_eGFP,483552,,CAG_eGFP,483550,,CAG_eGFP,483553,,RAM_GDNF,483554,,RAM_GDNF,483555,,RAM_GDNF,483557,,CAG_GDNF,483559,,CAG_GDNF
B4_W1_D2_22062026(15).edf,Batch_4,,483551,,CAG_eGFP,483552,,CAG_eGFP,483550,,CAG_eGFP,483553,,RAM_GDNF,483554,,RAM_GDNF,483555,,RAM_GDNF,483557,,CAG_GDNF,483559,,CAG_GDNF
B4_W1_D2_22062026(6).edf,Batch_4,,483551,,CAG_eGFP,483552,,CAG_eGFP,483550,,CAG_eGFP,483553,,RAM_GDNF,483554,,RAM_GDNF,483555,,RAM_GDNF,483557,,CAG_GDNF,483559,,CAG_GDNF
B4_W1_D2_22062026(17).edf,Batch_4,,483551,,CAG_eGFP,483552,,CAG_eGFP,483550,,CAG_eGFP,483553,,RAM_GDNF,483554,,RAM_GDNF,483555,,RAM_GDNF,483557,,CAG_GDNF,483559,,CAG_GDNF
B4_W1_D7_27062026(4).edf,Batch_4,,483551,,CAG_eGFP,483552,,CAG_eGFP,483550,,CAG_eGFP,483553,,RAM_GDNF,483554,,RAM_GDNF,483555,,RAM_GDNF,483557,,CAG_GDNF,483559,,CAG_GDNF
B4_W1_D7_27062026(3).edf,Batch_4,,483551,,CAG_eGFP,483552,,CAG_eGFP,483550,,CAG_eGFP,483553,,RAM_GDNF,483554,,RAM_GDNF,483555,,RAM_GDNF,483557,,CAG_GDNF,483559,,CAG_GDNF
B4_W1_D7_27062026(12).edf,Batch_4,,483551,,CAG_eGFP,483552,,CAG_eGFP,483550,,CAG_eGFP,483553,,RAM_GDNF,483554,,RAM_GDNF,483555,,RAM_GDNF,483557,,CAG_GDNF,483559,,CAG_GDNF
B4_W1_D7_27062026(2).edf,Batch_4,,483551,,CAG_eGFP,483552,,CAG_eGFP,483550,,CAG_eGFP,483553,,RAM_GDNF,483554,,RAM_GDNF,483555,,RAM_GDNF,483557,,CAG_GDNF,483559,,CAG_GDNF
B4_W1_D7_27062026(17).edf,Batch_4,,483551,,CAG_eGFP,483552,,CAG_eGFP,483550,,CAG_eGFP,483553,,RAM_GDNF,483554,,RAM_GDNF,483555,,RAM_GDNF,483557,,CAG_GDNF,483559,,CAG_GDNF
B4_W1_D7_27062026(9).edf,Batch_4,,483551,,CAG_eGFP,483552,,CAG_eGFP,483550,,CAG_eGFP,483553,,RAM_GDNF,483554,,RAM_GDNF,483555,,RAM_GDNF,483557,,CAG_GDNF,483559,,CAG_GDNF
B4_W1_D7_27062026(11).edf,Batch_4,,483551,,CAG_eGFP,483552,,CAG_eGFP,483550,,CAG_eGFP,483553,,RAM_GDNF,483554,,RAM_GDNF,483555,,RAM_GDNF,483557,,CAG_GDNF,483559,,CAG_GDNF
B4_W1_D7_27062026(13).edf,Batch_4,,483551,,CAG_eGFP,483552,,CAG_eGFP,483550,,CAG_eGFP,483553,,RAM_GDNF,483554,,RAM_GDNF,483555,,RAM_GDNF,483557,,CAG_GDNF,483559,,CAG_GDNF
B4_W1_D7_27062026(8).edf,Batch_4,,483551,,CAG_eGFP,483552,,CAG_eGFP,483550,,CAG_eGFP,483553,,RAM_GDNF,483554,,RAM_GDNF,483555,,RAM_GDNF,483557,,CAG_GDNF,483559,,CAG_GDNF
B4_W1_D7_27062026(14).edf,Batch_4,,483551,,CAG_eGFP,483552,,CAG_eGFP,483550,,CAG_eGFP,483553,,RAM_GDNF,483554,,RAM_GDNF,483555,,RAM_GDNF,483557,,CAG_GDNF,483559,,CAG_GDNF
B4_W1_D7_27062026(1).edf,Batch_4,,483551,,CAG_eGFP,483552,,CAG_eGFP,483550,,CAG_eGFP,483553,,RAM_GDNF,483554,,RAM_GDNF,483555,,RAM_GDNF,483557,,CAG_GDNF,483559,,CAG_GDNF
B4_W1_D7_27062026(10).edf,Batch_4,,483551,,CAG_eGFP,483552,,CAG_eGFP,483550,,CAG_eGFP,483553,,RAM_GDNF,483554,,RAM_GDNF,483555,,RAM_GDNF,483557,,CAG_GDNF,483559,,CAG_GDNF
B4_W1_D7_27062026(15).edf,Batch_4,,483551,,CAG_eGFP,483552,,CAG_eGFP,483550,,CAG_eGFP,483553,,RAM_GDNF,483554,,RAM_GDNF,483555,,RAM_GDNF,483557,,CAG_GDNF,483559,,CAG_GDNF
B4_W1_D7_27062026(16).edf,Batch_4,,483551,,CAG_eGFP,483552,,CAG_eGFP,483550,,CAG_eGFP,483553,,RAM_GDNF,483554,,RAM_GDNF,483555,,RAM_GDNF,483557,,CAG_GDNF,483559,,CAG_GDNF
B4_W1_D7_27062026(6).edf,Batch_4,,483551,,CAG_eGFP,483552,,CAG_eGFP,483550,,CAG_eGFP,483553,,RAM_GDNF,483554,,RAM_GDNF,483555,,RAM_GDNF,483557,,CAG_GDNF,483559,,CAG_GDNF
B4_W1_D7_27062026(5).edf,Batch_4,,483551,,CAG_eGFP,483552,,CAG_eGFP,483550,,CAG_eGFP,483553,,RAM_GDNF,483554,,RAM_GDNF,483555,,RAM_GDNF,483557,,CAG_GDNF,483559,,CAG_GDNF
B4_W1_D7_27062026(7).edf,Batch_4,,483551,,CAG_eGFP,483552,,CAG_eGFP,483550,,CAG_eGFP,483553,,RAM_GDNF,483554,,RAM_GDNF,483555,,RAM_GDNF,483557,,CAG_GDNF,483559,,CAG_GDNF
B4_W2_D1_28062026(11).edf,Batch_4,,483551,,CAG_eGFP,483552,,CAG_eGFP,483550,,CAG_eGFP,483553,,RAM_GDNF,483554,,RAM_GDNF,483555,,RAM_GDNF,483557,,CAG_GDNF,483559,,CAG_GDNF
B4_W2_D1_28062026(6).edf,Batch_4,,483551,,CAG_eGFP,483552,,CAG_eGFP,483550,,CAG_eGFP,483553,,RAM_GDNF,483554,,RAM_GDNF,483555,,RAM_GDNF,483557,,CAG_GDNF,483559,,CAG_GDNF
B4_W2_D1_28062026(15).edf,Batch_4,,483551,,CAG_eGFP,483552,,CAG_eGFP,483550,,CAG_eGFP,483553,,RAM_GDNF,483554,,RAM_GDNF,483555,,RAM_GDNF,483557,,CAG_GDNF,483559,,CAG_GDNF
B4_W2_D1_28062026(10).edf,Batch_4,,483551,,CAG_eGFP,483552,,CAG_eGFP,483550,,CAG_eGFP,483553,,RAM_GDNF,483554,,RAM_GDNF,483555,,RAM_GDNF,483557,,CAG_GDNF,483559,,CAG_GDNF
B4_W2_D1_28062026(4).edf,Batch_4,,483551,,CAG_eGFP,483552,,CAG_eGFP,483550,,CAG_eGFP,483553,,RAM_GDNF,483554,,RAM_GDNF,483555,,RAM_GDNF,483557,,CAG_GDNF,483559,,CAG_GDNF
B4_W2_D1_28062026(14).edf,Batch_4,,483551,,CAG_eGFP,483552,,CAG_eGFP,483550,,CAG_eGFP,483553,,RAM_GDNF,483554,,RAM_GDNF,483555,,RAM_GDNF,483557,,CAG_GDNF,483559,,CAG_GDNF
B4_W2_D1_28062026(9).edf,Batch_4,,483551,,CAG_eGFP,483552,,CAG_eGFP,483550,,CAG_eGFP,483553,,RAM_GDNF,483554,,RAM_GDNF,483555,,RAM_GDNF,483557,,CAG_GDNF,483559,,CAG_GDNF
B4_W2_D1_28062026(12).edf,Batch_4,,483551,,CAG_eGFP,483552,,CAG_eGFP,483550,,CAG_eGFP,483553,,RAM_GDNF,483554,,RAM_GDNF,483555,,RAM_GDNF,483557,,CAG_GDNF,483559,,CAG_GDNF
B4_W2_D1_28062026(13).edf,Batch_4,,483551,,CAG_eGFP,483552,,CAG_eGFP,483550,,CAG_eGFP,483553,,RAM_GDNF,483554,,RAM_GDNF,483555,,RAM_GDNF,483557,,CAG_GDNF,483559,,CAG_GDNF
B4_W2_D1_28062026(17).edf,Batch_4,,483551,,CAG_eGFP,483552,,CAG_eGFP,483550,,CAG_eGFP,483553,,RAM_GDNF,483554,,RAM_GDNF,483555,,RAM_GDNF,483557,,CAG_GDNF,483559,,CAG_GDNF
B4_W2_D1_28062026(2).edf,Batch_4,,483551,,CAG_eGFP,483552,,CAG_eGFP,483550,,CAG_eGFP,483553,,RAM_GDNF,483554,,RAM_GDNF,483555,,RAM_GDNF,483557,,CAG_GDNF,483559,,CAG_GDNF
B4_W2_D1_28062026(16).edf,Batch_4,,483551,,CAG_eGFP,483552,,CAG_eGFP,483550,,CAG_eGFP,483553,,RAM_GDNF,483554,,RAM_GDNF,483555,,RAM_GDNF,483557,,CAG_GDNF,483559,,CAG_GDNF
B4_W2_D1_28062026(1).edf,Batch_4,,483551,,CAG_eGFP,483552,,CAG_eGFP,483550,,CAG_eGFP,483553,,RAM_GDNF,483554,,RAM_GDNF,483555,,RAM_GDNF,483557,,CAG_GDNF,483559,,CAG_GDNF
B4_W2_D1_28062026(3).edf,Batch_4,,483551,,CAG_eGFP,483552,,CAG_eGFP,483550,,CAG_eGFP,483553,,RAM_GDNF,483554,,RAM_GDNF,483555,,RAM_GDNF,483557,,CAG_GDNF,483559,,CAG_GDNF
B4_W2_D1_28062026(7).edf,Batch_4,,483551,,CAG_eGFP,483552,,CAG_eGFP,483550,,CAG_eGFP,483553,,RAM_GDNF,483554,,RAM_GDNF,483555,,RAM_GDNF,483557,,CAG_GDNF,483559,,CAG_GDNF
B4_W2_D1_28062026(5).edf,Batch_4,,483551,,CAG_eGFP,483552,,CAG_eGFP,483550,,CAG_eGFP,483553,,RAM_GDNF,483554,,RAM_GDNF,483555,,RAM_GDNF,483557,,CAG_GDNF,483559,,CAG_GDNF
B4_W2_D1_28062026(8).edf,Batch_4,,483551,,CAG_eGFP,483552,,CAG_eGFP,483550,,CAG_eGFP,483553,,RAM_GDNF,483554,,RAM_GDNF,483555,,RAM_GDNF,483557,,CAG_GDNF,483559,,CAG_GDNF
B4_W2_D3_30062026(6).edf,Batch_4,,483551,,CAG_eGFP,483552,,CAG_eGFP,483550,,CAG_eGFP,483553,,RAM_GDNF,483554,,RAM_GDNF,483555,,RAM_GDNF,483557,,CAG_GDNF,483559,,CAG_GDNF
B4_W2_D3_30062026(3).edf,Batch_4,,483551,,CAG_eGFP,483552,,CAG_eGFP,483550,,CAG_eGFP,483553,,RAM_GDNF,483554,,RAM_GDNF,483555,,RAM_GDNF,483557,,CAG_GDNF,483559,,CAG_GDNF
B4_W2_D3_30062026(14).edf,Batch_4,,483551,,CAG_eGFP,483552,,CAG_eGFP,483550,,CAG_eGFP,483553,,RAM_GDNF,483554,,RAM_GDNF,483555,,RAM_GDNF,483557,,CAG_GDNF,483559,,CAG_GDNF
B4_W2_D3_30062026(2).edf,Batch_4,,483551,,CAG_eGFP,483552,,CAG_eGFP,483550,,CAG_eGFP,483553,,RAM_GDNF,483554,,RAM_GDNF,483555,,RAM_GDNF,483557,,CAG_GDNF,483559,,CAG_GDNF
B4_W2_D3_30062026(11).edf,Batch_4,,483551,,CAG_eGFP,483552,,CAG_eGFP,483550,,CAG_eGFP,483553,,RAM_GDNF,483554,,RAM_GDNF,483555,,RAM_GDNF,483557,,CAG_GDNF,483559,,CAG_GDNF
B4_W2_D3_30062026(5).edf,Batch_4,,483551,,CAG_eGFP,483552,,CAG_eGFP,483550,,CAG_eGFP,483553,,RAM_GDNF,483554,,RAM_GDNF,483555,,RAM_GDNF,483557,,CAG_GDNF,483559,,CAG_GDNF
B4_W2_D3_30062026(9).edf,Batch_4,,483551,,CAG_eGFP,483552,,CAG_eGFP,483550,,CAG_eGFP,483553,,RAM_GDNF,483554,,RAM_GDNF,483555,,RAM_GDNF,483557,,CAG_GDNF,483559,,CAG_GDNF
B4_W2_D3_30062026(1).edf,Batch_4,,483551,,CAG_eGFP,483552,,CAG_eGFP,483550,,CAG_eGFP,483553,,RAM_GDNF,483554,,RAM_GDNF,483555,,RAM_GDNF,483557,,CAG_GDNF,483559,,CAG_GDNF
B4_W2_D3_30062026(15).edf,Batch_4,,483551,,CAG_eGFP,483552,,CAG_eGFP,483550,,CAG_eGFP,483553,,RAM_GDNF,483554,,RAM_GDNF,483555,,RAM_GDNF,483557,,CAG_GDNF,483559,,CAG_GDNF
B4_W2_D3_30062026(13).edf,Batch_4,,483551,,CAG_eGFP,483552,,CAG_eGFP,483550,,CAG_eGFP,483553,,RAM_GDNF,483554,,RAM_GDNF,483555,,RAM_GDNF,483557,,CAG_GDNF,483559,,CAG_GDNF
B4_W2_D3_30062026(4).edf,Batch_4,,483551,,CAG_eGFP,483552,,CAG_eGFP,483550,,CAG_eGFP,483553,,RAM_GDNF,483554,,RAM_GDNF,483555,,RAM_GDNF,483557,,CAG_GDNF,483559,,CAG_GDNF
B4_W2_D3_30062026(7).edf,Batch_4,,483551,,CAG_eGFP,483552,,CAG_eGFP,483550,,CAG_eGFP,483553,,RAM_GDNF,483554,,RAM_GDNF,483555,,RAM_GDNF,483557,,CAG_GDNF,483559,,CAG_GDNF
B4_W2_D3_30062026(12).edf,Batch_4,,483551,,CAG_eGFP,483552,,CAG_eGFP,483550,,CAG_eGFP,483553,,RAM_GDNF,483554,,RAM_GDNF,483555,,RAM_GDNF,483557,,CAG_GDNF,483559,,CAG_GDNF
B4_W2_D3_30062026(16).edf,Batch_4,,483551,,CAG_eGFP,483552,,CAG_eGFP,483550,,CAG_eGFP,483553,,RAM_GDNF,483554,,RAM_GDNF,483555,,RAM_GDNF,483557,,CAG_GDNF,483559,,CAG_GDNF
B4_W2_D3_30062026(8).edf,Batch_4,,483551,,CAG_eGFP,483552,,CAG_eGFP,483550,,CAG_eGFP,483553,,RAM_GDNF,483554,,RAM_GDNF,483555,,RAM_GDNF,483557,,CAG_GDNF,483559,,CAG_GDNF
B4_W2_D3_30062026(10).edf,Batch_4,,483551,,CAG_eGFP,483552,,CAG_eGFP,483550,,CAG_eGFP,483553,,RAM_GDNF,483554,,RAM_GDNF,483555,,RAM_GDNF,483557,,CAG_GDNF,483559,,CAG_GDNF
B4_W2_D5_02072026(15).edf,Batch_4,,483551,,CAG_eGFP,483552,,CAG_eGFP,483550,,CAG_eGFP,483553,,RAM_GDNF,483554,,RAM_GDNF,483555,,RAM_GDNF,483557,,CAG_GDNF,483559,,CAG_GDNF
B4_W2_D5_02072026(14).edf,Batch_4,,483551,,CAG_eGFP,483552,,CAG_eGFP,483550,,CAG_eGFP,483553,,RAM_GDNF,483554,,RAM_GDNF,483555,,RAM_GDNF,483557,,CAG_GDNF,483559,,CAG_GDNF
B4_W2_D5_02072026(6).edf,Batch_4,,483551,,CAG_eGFP,483552,,CAG_eGFP,483550,,CAG_eGFP,483553,,RAM_GDNF,483554,,RAM_GDNF,483555,,RAM_GDNF,483557,,CAG_GDNF,483559,,CAG_GDNF
B4_W2_D5_02072026(8).edf,Batch_4,,483551,,CAG_eGFP,483552,,CAG_eGFP,483550,,CAG_eGFP,483553,,RAM_GDNF,483554,,RAM_GDNF,483555,,RAM_GDNF,483557,,CAG_GDNF,483559,,CAG_GDNF
B4_W2_D5_02072026(11).edf,Batch_4,,483551,,CAG_eGFP,483552,,CAG_eGFP,483550,,CAG_eGFP,483553,,RAM_GDNF,483554,,RAM_GDNF,483555,,RAM_GDNF,483557,,CAG_GDNF,483559,,CAG_GDNF
B4_W2_D5_02072026(10).edf,Batch_4,,483551,,CAG_eGFP,483552,,CAG_eGFP,483550,,CAG_eGFP,483553,,RAM_GDNF,483554,,RAM_GDNF,483555,,RAM_GDNF,483557,,CAG_GDNF,483559,,CAG_GDNF
B4_W2_D5_02072026(1).edf,Batch_4,,483551,,CAG_eGFP,483552,,CAG_eGFP,483550,,CAG_eGFP,483553,,RAM_GDNF,483554,,RAM_GDNF,483555,,RAM_GDNF,483557,,CAG_GDNF,483559,,CAG_GDNF
B4_W2_D5_02072026(3).edf,Batch_4,,483551,,CAG_eGFP,483552,,CAG_eGFP,483550,,CAG_eGFP,483553,,RAM_GDNF,483554,,RAM_GDNF,483555,,RAM_GDNF,483557,,CAG_GDNF,483559,,CAG_GDNF
B4_W2_D5_02072026(12).edf,Batch_4,,483551,,CAG_eGFP,483552,,CAG_eGFP,483550,,CAG_eGFP,483553,,RAM_GDNF,483554,,RAM_GDNF,483555,,RAM_GDNF,483557,,CAG_GDNF,483559,,CAG_GDNF
B4_W2_D5_02072026(13).edf,Batch_4,,483551,,CAG_eGFP,483552,,CAG_eGFP,483550,,CAG_eGFP,483553,,RAM_GDNF,483554,,RAM_GDNF,483555,,RAM_GDNF,483557,,CAG_GDNF,483559,,CAG_GDNF
B4_W2_D5_02072026(16).edf,Batch_4,,483551,,CAG_eGFP,483552,,CAG_eGFP,483550,,CAG_eGFP,483553,,RAM_GDNF,483554,,RAM_GDNF,483555,,RAM_GDNF,483557,,CAG_GDNF,483559,,CAG_GDNF
B4_W2_D5_02072026(4).edf,Batch_4,,483551,,CAG_eGFP,483552,,CAG_eGFP,483550,,CAG_eGFP,483553,,RAM_GDNF,483554,,RAM_GDNF,483555,,RAM_GDNF,483557,,CAG_GDNF,483559,,CAG_GDNF
B4_W2_D5_02072026(5).edf,Batch_4,,483551,,CAG_eGFP,483552,,CAG_eGFP,483550,,CAG_eGFP,483553,,RAM_GDNF,483554,,RAM_GDNF,483555,,RAM_GDNF,483557,,CAG_GDNF,483559,,CAG_GDNF
B4_W2_D5_02072026(2).edf,Batch_4,,483551,,CAG_eGFP,483552,,CAG_eGFP,483550,,CAG_eGFP,483553,,RAM_GDNF,483554,,RAM_GDNF,483555,,RAM_GDNF,483557,,CAG_GDNF,483559,,CAG_GDNF
B4_W2_D5_02072026(9).edf,Batch_4,,483551,,CAG_eGFP,483552,,CAG_eGFP,483550,,CAG_eGFP,483553,,RAM_GDNF,483554,,RAM_GDNF,483555,,RAM_GDNF,483557,,CAG_GDNF,483559,,CAG_GDNF
B4_W2_D5_02072026(7).edf,Batch_4,,483551,,CAG_eGFP,483552,,CAG_eGFP,483550,,CAG_eGFP,483553,,RAM_GDNF,483554,,RAM_GDNF,483555,,RAM_GDNF,483557,,CAG_GDNF,483559,,CAG_GDNF
B4_W2_D7_04072026(12).edf,Batch_4,,483551,,CAG_eGFP,483552,,CAG_eGFP,483550,,CAG_eGFP,483553,,RAM_GDNF,483554,,RAM_GDNF,483555,,RAM_GDNF,483557,,CAG_GDNF,483559,,CAG_GDNF
B4_W2_D7_04072026(7).edf,Batch_4,,483551,,CAG_eGFP,483552,,CAG_eGFP,483550,,CAG_eGFP,483553,,RAM_GDNF,483554,,RAM_GDNF,483555,,RAM_GDNF,483557,,CAG_GDNF,483559,,CAG_GDNF
B4_W2_D7_04072026(14).edf,Batch_4,,483551,,CAG_eGFP,483552,,CAG_eGFP,483550,,CAG_eGFP,483553,,RAM_GDNF,483554,,RAM_GDNF,483555,,RAM_GDNF,483557,,CAG_GDNF,483559,,CAG_GDNF
B4_W2_D7_04072026(4).edf,Batch_4,,483551,,CAG_eGFP,483552,,CAG_eGFP,483550,,CAG_eGFP,483553,,RAM_GDNF,483554,,RAM_GDNF,483555,,RAM_GDNF,483557,,CAG_GDNF,483559,,CAG_GDNF
B4_W2_D7_04072026(10).edf,Batch_4,,483551,,CAG_eGFP,483552,,CAG_eGFP,483550,,CAG_eGFP,483553,,RAM_GDNF,483554,,RAM_GDNF,483555,,RAM_GDNF,483557,,CAG_GDNF,483559,,CAG_GDNF
B4_W2_D7_04072026(2).edf,Batch_4,,483551,,CAG_eGFP,483552,,CAG_eGFP,483550,,CAG_eGFP,483553,,RAM_GDNF,483554,,RAM_GDNF,483555,,RAM_GDNF,483557,,CAG_GDNF,483559,,CAG_GDNF
B4_W2_D7_04072026(6).edf,Batch_4,,483551,,CAG_eGFP,483552,,CAG_eGFP,483550,,CAG_eGFP,483553,,RAM_GDNF,483554,,RAM_GDNF,483555,,RAM_GDNF,483557,,CAG_GDNF,483559,,CAG_GDNF
B4_W2_D7_04072026(11).edf,Batch_4,,483551,,CAG_eGFP,483552,,CAG_eGFP,483550,,CAG_eGFP,483553,,RAM_GDNF,483554,,RAM_GDNF,483555,,RAM_GDNF,483557,,CAG_GDNF,483559,,CAG_GDNF
B4_W2_D7_04072026(17).edf,Batch_4,,483551,,CAG_eGFP,483552,,CAG_eGFP,483550,,CAG_eGFP,483553,,RAM_GDNF,483554,,RAM_GDNF,483555,,RAM_GDNF,483557,,CAG_GDNF,483559,,CAG_GDNF
B4_W2_D7_04072026(3).edf,Batch_4,,483551,,CAG_eGFP,483552,,CAG_eGFP,483550,,CAG_eGFP,483553,,RAM_GDNF,483554,,RAM_GDNF,483555,,RAM_GDNF,483557,,CAG_GDNF,483559,,CAG_GDNF
B4_W2_D7_04072026(9).edf,Batch_4,,483551,,CAG_eGFP,483552,,CAG_eGFP,483550,,CAG_eGFP,483553,,RAM_GDNF,483554,,RAM_GDNF,483555,,RAM_GDNF,483557,,CAG_GDNF,483559,,CAG_GDNF
B4_W2_D7_04072026(8).edf,Batch_4,,483551,,CAG_eGFP,483552,,CAG_eGFP,483550,,CAG_eGFP,483553,,RAM_GDNF,483554,,RAM_GDNF,483555,,RAM_GDNF,483557,,CAG_GDNF,483559,,CAG_GDNF
B4_W2_D7_04072026(16).edf,Batch_4,,483551,,CAG_eGFP,483552,,CAG_eGFP,483550,,CAG_eGFP,483553,,RAM_GDNF,483554,,RAM_GDNF,483555,,RAM_GDNF,483557,,CAG_GDNF,483559,,CAG_GDNF
B4_W2_D7_04072026(5).edf,Batch_4,,483551,,CAG_eGFP,483552,,CAG_eGFP,483550,,CAG_eGFP,483553,,RAM_GDNF,483554,,RAM_GDNF,483555,,RAM_GDNF,483557,,CAG_GDNF,483559,,CAG_GDNF
B4_W2_D7_04072026(15).edf,Batch_4,,483551,,CAG_eGFP,483552,,CAG_eGFP,483550,,CAG_eGFP,483553,,RAM_GDNF,483554,,RAM_GDNF,483555,,RAM_GDNF,483557,,CAG_GDNF,483559,,CAG_GDNF
B4_W2_D7_04072026(1).edf,Batch_4,,483551,,CAG_eGFP,483552,,CAG_eGFP,483550,,CAG_eGFP,483553,,RAM_GDNF,483554,,RAM_GDNF,483555,,RAM_GDNF,483557,,CAG_GDNF,483559,,CAG_GDNF
B4_W2_D7_04072026(13).edf,Batch_4,,483551,,CAG_eGFP,483552,,CAG_eGFP,483550,,CAG_eGFP,483553,,RAM_GDNF,483554,,RAM_GDNF,483555,,RAM_GDNF,483557,,CAG_GDNF,483559,,CAG_GDNF
B4_W2_D2_29062026(2).edf,Batch_4,,483551,,CAG_eGFP,483552,,CAG_eGFP,483550,,CAG_eGFP,483553,,RAM_GDNF,483554,,RAM_GDNF,483555,,RAM_GDNF,483557,,CAG_GDNF,483559,,CAG_GDNF
B4_W2_D2_29062026(4).edf,Batch_4,,483551,,CAG_eGFP,483552,,CAG_eGFP,483550,,CAG_eGFP,483553,,RAM_GDNF,483554,,RAM_GDNF,483555,,RAM_GDNF,483557,,CAG_GDNF,483559,,CAG_GDNF
B4_W2_D2_29062026(7).edf,Batch_4,,483551,,CAG_eGFP,483552,,CAG_eGFP,483550,,CAG_eGFP,483553,,RAM_GDNF,483554,,RAM_GDNF,483555,,RAM_GDNF,483557,,CAG_GDNF,483559,,CAG_GDNF
B4_W2_D2_29062026(3).edf,Batch_4,,483551,,CAG_eGFP,483552,,CAG_eGFP,483550,,CAG_eGFP,483553,,RAM_GDNF,483554,,RAM_GDNF,483555,,RAM_GDNF,483557,,CAG_GDNF,483559,,CAG_GDNF
B4_W2_D2_29062026(6).edf,Batch_4,,483551,,CAG_eGFP,483552,,CAG_eGFP,483550,,CAG_eGFP,483553,,RAM_GDNF,483554,,RAM_GDNF,483555,,RAM_GDNF,483557,,CAG_GDNF,483559,,CAG_GDNF
B4_W2_D2_29062026(15).edf,Batch_4,,483551,,CAG_eGFP,483552,,CAG_eGFP,483550,,CAG_eGFP,483553,,RAM_GDNF,483554,,RAM_GDNF,483555,,RAM_GDNF,483557,,CAG_GDNF,483559,,CAG_GDNF
B4_W2_D2_29062026(9).edf,Batch_4,,483551,,CAG_eGFP,483552,,CAG_eGFP,483550,,CAG_eGFP,483553,,RAM_GDNF,483554,,RAM_GDNF,483555,,RAM_GDNF,483557,,CAG_GDNF,483559,,CAG_GDNF
B4_W2_D2_29062026(8).edf,Batch_4,,483551,,CAG_eGFP,483552,,CAG_eGFP,483550,,CAG_eGFP,483553,,RAM_GDNF,483554,,RAM_GDNF,483555,,RAM_GDNF,483557,,CAG_GDNF,483559,,CAG_GDNF
B4_W2_D2_29062026(16).edf,Batch_4,,483551,,CAG_eGFP,483552,,CAG_eGFP,483550,,CAG_eGFP,483553,,RAM_GDNF,483554,,RAM_GDNF,483555,,RAM_GDNF,483557,,CAG_GDNF,483559,,CAG_GDNF
B4_W2_D2_29062026(12).edf,Batch_4,,483551,,CAG_eGFP,483552,,CAG_eGFP,483550,,CAG_eGFP,483553,,RAM_GDNF,483554,,RAM_GDNF,483555,,RAM_GDNF,483557,,CAG_GDNF,483559,,CAG_GDNF
B4_W2_D2_29062026(11).edf,Batch_4,,483551,,CAG_eGFP,483552,,CAG_eGFP,483550,,CAG_eGFP,483553,,RAM_GDNF,483554,,RAM_GDNF,483555,,RAM_GDNF,483557,,CAG_GDNF,483559,,CAG_GDNF
B4_W2_D2_29062026(1).edf,Batch_4,,483551,,CAG_eGFP,483552,,CAG_eGFP,483550,,CAG_eGFP,483553,,RAM_GDNF,483554,,RAM_GDNF,483555,,RAM_GDNF,483557,,CAG_GDNF,483559,,CAG_GDNF
B4_W2_D2_29062026(14).edf,Batch_4,,483551,,CAG_eGFP,483552,,CAG_eGFP,483550,,CAG_eGFP,483553,,RAM_GDNF,483554,,RAM_GDNF,483555,,RAM_GDNF,483557,,CAG_GDNF,483559,,CAG_GDNF
B4_W2_D2_29062026(10).edf,Batch_4,,483551,,CAG_eGFP,483552,,CAG_eGFP,483550,,CAG_eGFP,483553,,RAM_GDNF,483554,,RAM_GDNF,483555,,RAM_GDNF,483557,,CAG_GDNF,483559,,CAG_GDNF
B4_W2_D2_29062026(13).edf,Batch_4,,483551,,CAG_eGFP,483552,,CAG_eGFP,483550,,CAG_eGFP,483553,,RAM_GDNF,483554,,RAM_GDNF,483555,,RAM_GDNF,483557,,CAG_GDNF,483559,,CAG_GDNF
B4_W2_D2_29062026(5).edf,Batch_4,,483551,,CAG_eGFP,483552,,CAG_eGFP,483550,,CAG_eGFP,483553,,RAM_GDNF,483554,,RAM_GDNF,483555,,RAM_GDNF,483557,,CAG_GDNF,483559,,CAG_GDNF
B4_W2_D4_01072026(1).edf,Batch_4,,483551,,CAG_eGFP,483552,,CAG_eGFP,483550,,CAG_eGFP,483553,,RAM_GDNF,483554,,RAM_GDNF,483555,,RAM_GDNF,483557,,CAG_GDNF,483559,,CAG_GDNF
B4_W2_D4_01072026(11).edf,Batch_4,,483551,,CAG_eGFP,483552,,CAG_eGFP,483550,,CAG_eGFP,483553,,RAM_GDNF,483554,,RAM_GDNF,483555,,RAM_GDNF,483557,,CAG_GDNF,483559,,CAG_GDNF
B4_W2_D4_01072026(14).edf,Batch_4,,483551,,CAG_eGFP,483552,,CAG_eGFP,483550,,CAG_eGFP,483553,,RAM_GDNF,483554,,RAM_GDNF,483555,,RAM_GDNF,483557,,CAG_GDNF,483559,,CAG_GDNF
B4_W2_D4_01072026(5).edf,Batch_4,,483551,,CAG_eGFP,483552,,CAG_eGFP,483550,,CAG_eGFP,483553,,RAM_GDNF,483554,,RAM_GDNF,483555,,RAM_GDNF,483557,,CAG_GDNF,483559,,CAG_GDNF
B4_W2_D4_01072026(15).edf,Batch_4,,483551,,CAG_eGFP,483552,,CAG_eGFP,483550,,CAG_eGFP,483553,,RAM_GDNF,483554,,RAM_GDNF,483555,,RAM_GDNF,483557,,CAG_GDNF,483559,,CAG_GDNF
B4_W2_D4_01072026(7).edf,Batch_4,,483551,,CAG_eGFP,483552,,CAG_eGFP,483550,,CAG_eGFP,483553,,RAM_GDNF,483554,,RAM_GDNF,483555,,RAM_GDNF,483557,,CAG_GDNF,483559,,CAG_GDNF
B4_W2_D4_01072026(3).edf,Batch_4,,483551,,CAG_eGFP,483552,,CAG_eGFP,483550,,CAG_eGFP,483553,,RAM_GDNF,483554,,RAM_GDNF,483555,,RAM_GDNF,483557,,CAG_GDNF,483559,,CAG_GDNF
B4_W2_D4_01072026(13).edf,Batch_4,,483551,,CAG_eGFP,483552,,CAG_eGFP,483550,,CAG_eGFP,483553,,RAM_GDNF,483554,,RAM_GDNF,483555,,RAM_GDNF,483557,,CAG_GDNF,483559,,CAG_GDNF
B4_W2_D4_01072026(8).edf,Batch_4,,483551,,CAG_eGFP,483552,,CAG_eGFP,483550,,CAG_eGFP,483553,,RAM_GDNF,483554,,RAM_GDNF,483555,,RAM_GDNF,483557,,CAG_GDNF,483559,,CAG_GDNF
B4_W2_D4_01072026(16).edf,Batch_4,,483551,,CAG_eGFP,483552,,CAG_eGFP,483550,,CAG_eGFP,483553,,RAM_GDNF,483554,,RAM_GDNF,483555,,RAM_GDNF,483557,,CAG_GDNF,483559,,CAG_GDNF
B4_W2_D4_01072026(2).edf,Batch_4,,483551,,CAG_eGFP,483552,,CAG_eGFP,483550,,CAG_eGFP,483553,,RAM_GDNF,483554,,RAM_GDNF,483555,,RAM_GDNF,483557,,CAG_GDNF,483559,,CAG_GDNF
B4_W2_D4_01072026(12).edf,Batch_4,,483551,,CAG_eGFP,483552,,CAG_eGFP,483550,,CAG_eGFP,483553,,RAM_GDNF,483554,,RAM_GDNF,483555,,RAM_GDNF,483557,,CAG_GDNF,483559,,CAG_GDNF
B4_W2_D4_01072026(4).edf,Batch_4,,483551,,CAG_eGFP,483552,,CAG_eGFP,483550,,CAG_eGFP,483553,,RAM_GDNF,483554,,RAM_GDNF,483555,,RAM_GDNF,483557,,CAG_GDNF,483559,,CAG_GDNF
B4_W2_D4_01072026(9).edf,Batch_4,,483551,,CAG_eGFP,483552,,CAG_eGFP,483550,,CAG_eGFP,483553,,RAM_GDNF,483554,,RAM_GDNF,483555,,RAM_GDNF,483557,,CAG_GDNF,483559,,CAG_GDNF
B4_W2_D4_01072026(6).edf,Batch_4,,483551,,CAG_eGFP,483552,,CAG_eGFP,483550,,CAG_eGFP,483553,,RAM_GDNF,483554,,RAM_GDNF,483555,,RAM_GDNF,483557,,CAG_GDNF,483559,,CAG_GDNF
B4_W2_D4_01072026(10).edf,Batch_4,,483551,,CAG_eGFP,483552,,CAG_eGFP,483550,,CAG_eGFP,483553,,RAM_GDNF,483554,,RAM_GDNF,483555,,RAM_GDNF,483557,,CAG_GDNF,483559,,CAG_GDNF
B4_W2_D6_03072026(15).edf,Batch_4,,483551,,CAG_eGFP,483552,,CAG_eGFP,483550,,CAG_eGFP,483553,,RAM_GDNF,483554,,RAM_GDNF,483555,,RAM_GDNF,483557,,CAG_GDNF,483559,,CAG_GDNF
B4_W2_D6_03072026(9).edf,Batch_4,,483551,,CAG_eGFP,483552,,CAG_eGFP,483550,,CAG_eGFP,483553,,RAM_GDNF,483554,,RAM_GDNF,483555,,RAM_GDNF,483557,,CAG_GDNF,483559,,CAG_GDNF
B4_W2_D6_03072026(4).edf,Batch_4,,483551,,CAG_eGFP,483552,,CAG_eGFP,483550,,CAG_eGFP,483553,,RAM_GDNF,483554,,RAM_GDNF,483555,,RAM_GDNF,483557,,CAG_GDNF,483559,,CAG_GDNF
B4_W2_D6_03072026(10).edf,Batch_4,,483551,,CAG_eGFP,483552,,CAG_eGFP,483550,,CAG_eGFP,483553,,RAM_GDNF,483554,,RAM_GDNF,483555,,RAM_GDNF,483557,,CAG_GDNF,483559,,CAG_GDNF
B4_W2_D6_03072026(1).edf,Batch_4,,483551,,CAG_eGFP,483552,,CAG_eGFP,483550,,CAG_eGFP,483553,,RAM_GDNF,483554,,RAM_GDNF,483555,,RAM_GDNF,483557,,CAG_GDNF,483559,,CAG_GDNF
B4_W2_D6_03072026(17).edf,Batch_4,,483551,,CAG_eGFP,483552,,CAG_eGFP,483550,,CAG_eGFP,483553,,RAM_GDNF,483554,,RAM_GDNF,483555,,RAM_GDNF,483557,,CAG_GDNF,483559,,CAG_GDNF
B4_W2_D6_03072026(16).edf,Batch_4,,483551,,CAG_eGFP,483552,,CAG_eGFP,483550,,CAG_eGFP,483553,,RAM_GDNF,483554,,RAM_GDNF,483555,,RAM_GDNF,483557,,CAG_GDNF,483559,,CAG_GDNF
B4_W2_D6_03072026(13).edf,Batch_4,,483551,,CAG_eGFP,483552,,CAG_eGFP,483550,,CAG_eGFP,483553,,RAM_GDNF,483554,,RAM_GDNF,483555,,RAM_GDNF,483557,,CAG_GDNF,483559,,CAG_GDNF
B4_W2_D6_03072026(11).edf,Batch_4,,483551,,CAG_eGFP,483552,,CAG_eGFP,483550,,CAG_eGFP,483553,,RAM_GDNF,483554,,RAM_GDNF,483555,,RAM_GDNF,483557,,CAG_GDNF,483559,,CAG_GDNF
B4_W2_D6_03072026(14).edf,Batch_4,,483551,,CAG_eGFP,483552,,CAG_eGFP,483550,,CAG_eGFP,483553,,RAM_GDNF,483554,,RAM_GDNF,483555,,RAM_GDNF,483557,,CAG_GDNF,483559,,CAG_GDNF
B4_W2_D6_03072026(5).edf,Batch_4,,483551,,CAG_eGFP,483552,,CAG_eGFP,483550,,CAG_eGFP,483553,,RAM_GDNF,483554,,RAM_GDNF,483555,,RAM_GDNF,483557,,CAG_GDNF,483559,,CAG_GDNF
B4_W2_D6_03072026(7).edf,Batch_4,,483551,,CAG_eGFP,483552,,CAG_eGFP,483550,,CAG_eGFP,483553,,RAM_GDNF,483554,,RAM_GDNF,483555,,RAM_GDNF,483557,,CAG_GDNF,483559,,CAG_GDNF
B4_W2_D6_03072026(2).edf,Batch_4,,483551,,CAG_eGFP,483552,,CAG_eGFP,483550,,CAG_eGFP,483553,,RAM_GDNF,483554,,RAM_GDNF,483555,,RAM_GDNF,483557,,CAG_GDNF,483559,,CAG_GDNF
B4_W2_D6_03072026(12).edf,Batch_4,,483551,,CAG_eGFP,483552,,CAG_eGFP,483550,,CAG_eGFP,483553,,RAM_GDNF,483554,,RAM_GDNF,483555,,RAM_GDNF,483557,,CAG_GDNF,483559,,CAG_GDNF
B4_W2_D6_03072026(8).edf,Batch_4,,483551,,CAG_eGFP,483552,,CAG_eGFP,483550,,CAG_eGFP,483553,,RAM_GDNF,483554,,RAM_GDNF,483555,,RAM_GDNF,483557,,CAG_GDNF,483559,,CAG_GDNF
B4_W2_D6_03072026(3).edf,Batch_4,,483551,,CAG_eGFP,483552,,CAG_eGFP,483550,,CAG_eGFP,483553,,RAM_GDNF,483554,,RAM_GDNF,483555,,RAM_GDNF,483557,,CAG_GDNF,483559,,CAG_GDNF
B4_W2_D6_03072026(6).edf,Batch_4,,483551,,CAG_eGFP,483552,,CAG_eGFP,483550,,CAG_eGFP,483553,,RAM_GDNF,483554,,RAM_GDNF,483555,,RAM_GDNF,483557,,CAG_GDNF,483559,,CAG_GDNF
B4_W3_D3_07072026(12).edf,Batch_4,,483551,,CAG_eGFP,483552,,CAG_eGFP,483550,,CAG_eGFP,483553,,RAM_GDNF,483554,,RAM_GDNF,483555,,RAM_GDNF,483557,,CAG_GDNF,483559,,CAG_GDNF
B4_W3_D3_07072026(5).edf,Batch_4,,483551,,CAG_eGFP,483552,,CAG_eGFP,483550,,CAG_eGFP,483553,,RAM_GDNF,483554,,RAM_GDNF,483555,,RAM_GDNF,483557,,CAG_GDNF,483559,,CAG_GDNF
B4_W3_D3_07072026(1).edf,Batch_4,,483551,,CAG_eGFP,483552,,CAG_eGFP,483550,,CAG_eGFP,483553,,RAM_GDNF,483554,,RAM_GDNF,483555,,RAM_GDNF,483557,,CAG_GDNF,483559,,CAG_GDNF
B4_W3_D3_07072026(6).edf,Batch_4,,483551,,CAG_eGFP,483552,,CAG_eGFP,483550,,CAG_eGFP,483553,,RAM_GDNF,483554,,RAM_GDNF,483555,,RAM_GDNF,483557,,CAG_GDNF,483559,,CAG_GDNF
B4_W3_D3_07072026(4).edf,Batch_4,,483551,,CAG_eGFP,483552,,CAG_eGFP,483550,,CAG_eGFP,483553,,RAM_GDNF,483554,,RAM_GDNF,483555,,RAM_GDNF,483557,,CAG_GDNF,483559,,CAG_GDNF
B4_W3_D3_07072026(11).edf,Batch_4,,483551,,CAG_eGFP,483552,,CAG_eGFP,483550,,CAG_eGFP,483553,,RAM_GDNF,483554,,RAM_GDNF,483555,,RAM_GDNF,483557,,CAG_GDNF,483559,,CAG_GDNF
B4_W3_D3_07072026(15).edf,Batch_4,,483551,,CAG_eGFP,483552,,CAG_eGFP,483550,,CAG_eGFP,483553,,RAM_GDNF,483554,,RAM_GDNF,483555,,RAM_GDNF,483557,,CAG_GDNF,483559,,CAG_GDNF
B4_W3_D3_07072026(16).edf,Batch_4,,483551,,CAG_eGFP,483552,,CAG_eGFP,483550,,CAG_eGFP,483553,,RAM_GDNF,483554,,RAM_GDNF,483555,,RAM_GDNF,483557,,CAG_GDNF,483559,,CAG_GDNF
B4_W3_D3_07072026(3).edf,Batch_4,,483551,,CAG_eGFP,483552,,CAG_eGFP,483550,,CAG_eGFP,483553,,RAM_GDNF,483554,,RAM_GDNF,483555,,RAM_GDNF,483557,,CAG_GDNF,483559,,CAG_GDNF
B4_W3_D3_07072026(10).edf,Batch_4,,483551,,CAG_eGFP,483552,,CAG_eGFP,483550,,CAG_eGFP,483553,,RAM_GDNF,483554,,RAM_GDNF,483555,,RAM_GDNF,483557,,CAG_GDNF,483559,,CAG_GDNF
B4_W3_D3_07072026(9).edf,Batch_4,,483551,,CAG_eGFP,483552,,CAG_eGFP,483550,,CAG_eGFP,483553,,RAM_GDNF,483554,,RAM_GDNF,483555,,RAM_GDNF,483557,,CAG_GDNF,483559,,CAG_GDNF
B4_W3_D3_07072026(14).edf,Batch_4,,483551,,CAG_eGFP,483552,,CAG_eGFP,483550,,CAG_eGFP,483553,,RAM_GDNF,483554,,RAM_GDNF,483555,,RAM_GDNF,483557,,CAG_GDNF,483559,,CAG_GDNF
B4_W3_D3_07072026(13).edf,Batch_4,,483551,,CAG_eGFP,483552,,CAG_eGFP,483550,,CAG_eGFP,483553,,RAM_GDNF,483554,,RAM_GDNF,483555,,RAM_GDNF,483557,,CAG_GDNF,483559,,CAG_GDNF
B4_W3_D3_07072026(2).edf,Batch_4,,483551,,CAG_eGFP,483552,,CAG_eGFP,483550,,CAG_eGFP,483553,,RAM_GDNF,483554,,RAM_GDNF,483555,,RAM_GDNF,483557,,CAG_GDNF,483559,,CAG_GDNF
B4_W3_D3_07072026(7).edf,Batch_4,,483551,,CAG_eGFP,483552,,CAG_eGFP,483550,,CAG_eGFP,483553,,RAM_GDNF,483554,,RAM_GDNF,483555,,RAM_GDNF,483557,,CAG_GDNF,483559,,CAG_GDNF
B4_W3_D3_07072026(8).edf,Batch_4,,483551,,CAG_eGFP,483552,,CAG_eGFP,483550,,CAG_eGFP,483553,,RAM_GDNF,483554,,RAM_GDNF,483555,,RAM_GDNF,483557,,CAG_GDNF,483559,,CAG_GDNF
B4_W3_D2_06072026(11).edf,Batch_4,,483551,,CAG_eGFP,483552,,CAG_eGFP,483550,,CAG_eGFP,483553,,RAM_GDNF,483554,,RAM_GDNF,483555,,RAM_GDNF,483557,,CAG_GDNF,483559,,CAG_GDNF
B4_W3_D2_06072026(3).edf,Batch_4,,483551,,CAG_eGFP,483552,,CAG_eGFP,483550,,CAG_eGFP,483553,,RAM_GDNF,483554,,RAM_GDNF,483555,,RAM_GDNF,483557,,CAG_GDNF,483559,,CAG_GDNF
B4_W3_D2_06072026(10).edf,Batch_4,,483551,,CAG_eGFP,483552,,CAG_eGFP,483550,,CAG_eGFP,483553,,RAM_GDNF,483554,,RAM_GDNF,483555,,RAM_GDNF,483557,,CAG_GDNF,483559,,CAG_GDNF
B4_W3_D2_06072026(1).edf,Batch_4,,483551,,CAG_eGFP,483552,,CAG_eGFP,483550,,CAG_eGFP,483553,,RAM_GDNF,483554,,RAM_GDNF,483555,,RAM_GDNF,483557,,CAG_GDNF,483559,,CAG_GDNF
B4_W3_D2_06072026(12).edf,Batch_4,,483551,,CAG_eGFP,483552,,CAG_eGFP,483550,,CAG_eGFP,483553,,RAM_GDNF,483554,,RAM_GDNF,483555,,RAM_GDNF,483557,,CAG_GDNF,483559,,CAG_GDNF
B4_W3_D2_06072026(7).edf,Batch_4,,483551,,CAG_eGFP,483552,,CAG_eGFP,483550,,CAG_eGFP,483553,,RAM_GDNF,483554,,RAM_GDNF,483555,,RAM_GDNF,483557,,CAG_GDNF,483559,,CAG_GDNF
B4_W3_D2_06072026(4).edf,Batch_4,,483551,,CAG_eGFP,483552,,CAG_eGFP,483550,,CAG_eGFP,483553,,RAM_GDNF,483554,,RAM_GDNF,483555,,RAM_GDNF,483557,,CAG_GDNF,483559,,CAG_GDNF
B4_W3_D2_06072026(13).edf,Batch_4,,483551,,CAG_eGFP,483552,,CAG_eGFP,483550,,CAG_eGFP,483553,,RAM_GDNF,483554,,RAM_GDNF,483555,,RAM_GDNF,483557,,CAG_GDNF,483559,,CAG_GDNF
B4_W3_D2_06072026(15).edf,Batch_4,,483551,,CAG_eGFP,483552,,CAG_eGFP,483550,,CAG_eGFP,483553,,RAM_GDNF,483554,,RAM_GDNF,483555,,RAM_GDNF,483557,,CAG_GDNF,483559,,CAG_GDNF
B4_W3_D2_06072026(16).edf,Batch_4,,483551,,CAG_eGFP,483552,,CAG_eGFP,483550,,CAG_eGFP,483553,,RAM_GDNF,483554,,RAM_GDNF,483555,,RAM_GDNF,483557,,CAG_GDNF,483559,,CAG_GDNF
B4_W3_D2_06072026(8).edf,Batch_4,,483551,,CAG_eGFP,483552,,CAG_eGFP,483550,,CAG_eGFP,483553,,RAM_GDNF,483554,,RAM_GDNF,483555,,RAM_GDNF,483557,,CAG_GDNF,483559,,CAG_GDNF
B4_W3_D2_06072026(14).edf,Batch_4,,483551,,CAG_eGFP,483552,,CAG_eGFP,483550,,CAG_eGFP,483553,,RAM_GDNF,483554,,RAM_GDNF,483555,,RAM_GDNF,483557,,CAG_GDNF,483559,,CAG_GDNF
B4_W3_D2_06072026(2).edf,Batch_4,,483551,,CAG_eGFP,483552,,CAG_eGFP,483550,,CAG_eGFP,483553,,RAM_GDNF,483554,,RAM_GDNF,483555,,RAM_GDNF,483557,,CAG_GDNF,483559,,CAG_GDNF
B4_W3_D2_06072026(6).edf,Batch_4,,483551,,CAG_eGFP,483552,,CAG_eGFP,483550,,CAG_eGFP,483553,,RAM_GDNF,483554,,RAM_GDNF,483555,,RAM_GDNF,483557,,CAG_GDNF,483559,,CAG_GDNF
B4_W3_D2_06072026(9).edf,Batch_4,,483551,,CAG_eGFP,483552,,CAG_eGFP,483550,,CAG_eGFP,483553,,RAM_GDNF,483554,,RAM_GDNF,483555,,RAM_GDNF,483557,,CAG_GDNF,483559,,CAG_GDNF
B4_W3_D2_06072026(5).edf,Batch_4,,483551,,CAG_eGFP,483552,,CAG_eGFP,483550,,CAG_eGFP,483553,,RAM_GDNF,483554,,RAM_GDNF,483555,,RAM_GDNF,483557,,CAG_GDNF,483559,,CAG_GDNF
B4_W3_D4_08072026(12).edf,Batch_4,,483551,,CAG_eGFP,483552,,CAG_eGFP,483550,,CAG_eGFP,483553,,RAM_GDNF,483554,,RAM_GDNF,483555,,RAM_GDNF,483557,,CAG_GDNF,483559,,CAG_GDNF
B4_W3_D4_08072026(3).edf,Batch_4,,483551,,CAG_eGFP,483552,,CAG_eGFP,483550,,CAG_eGFP,483553,,RAM_GDNF,483554,,RAM_GDNF,483555,,RAM_GDNF,483557,,CAG_GDNF,483559,,CAG_GDNF
B4_W3_D4_08072026(17).edf,Batch_4,,483551,,CAG_eGFP,483552,,CAG_eGFP,483550,,CAG_eGFP,483553,,RAM_GDNF,483554,,RAM_GDNF,483555,,RAM_GDNF,483557,,CAG_GDNF,483559,,CAG_GDNF
B4_W3_D4_08072026(15).edf,Batch_4,,483551,,CAG_eGFP,483552,,CAG_eGFP,483550,,CAG_eGFP,483553,,RAM_GDNF,483554,,RAM_GDNF,483555,,RAM_GDNF,483557,,CAG_GDNF,483559,,CAG_GDNF
B4_W3_D4_08072026(11).edf,Batch_4,,483551,,CAG_eGFP,483552,,CAG_eGFP,483550,,CAG_eGFP,483553,,RAM_GDNF,483554,,RAM_GDNF,483555,,RAM_GDNF,483557,,CAG_GDNF,483559,,CAG_GDNF
B4_W3_D4_08072026(5).edf,Batch_4,,483551,,CAG_eGFP,483552,,CAG_eGFP,483550,,CAG_eGFP,483553,,RAM_GDNF,483554,,RAM_GDNF,483555,,RAM_GDNF,483557,,CAG_GDNF,483559,,CAG_GDNF
B4_W3_D4_08072026(9).edf,Batch_4,,483551,,CAG_eGFP,483552,,CAG_eGFP,483550,,CAG_eGFP,483553,,RAM_GDNF,483554,,RAM_GDNF,483555,,RAM_GDNF,483557,,CAG_GDNF,483559,,CAG_GDNF
B4_W3_D4_08072026(1).edf,Batch_4,,483551,,CAG_eGFP,483552,,CAG_eGFP,483550,,CAG_eGFP,483553,,RAM_GDNF,483554,,RAM_GDNF,483555,,RAM_GDNF,483557,,CAG_GDNF,483559,,CAG_GDNF
B4_W3_D4_08072026(13).edf,Batch_4,,483551,,CAG_eGFP,483552,,CAG_eGFP,483550,,CAG_eGFP,483553,,RAM_GDNF,483554,,RAM_GDNF,483555,,RAM_GDNF,483557,,CAG_GDNF,483559,,CAG_GDNF
B4_W3_D4_08072026(10).edf,Batch_4,,483551,,CAG_eGFP,483552,,CAG_eGFP,483550,,CAG_eGFP,483553,,RAM_GDNF,483554,,RAM_GDNF,483555,,RAM_GDNF,483557,,CAG_GDNF,483559,,CAG_GDNF
B4_W3_D4_08072026(7).edf,Batch_4,,483551,,CAG_eGFP,483552,,CAG_eGFP,483550,,CAG_eGFP,483553,,RAM_GDNF,483554,,RAM_GDNF,483555,,RAM_GDNF,483557,,CAG_GDNF,483559,,CAG_GDNF
B4_W3_D4_08072026(6).edf,Batch_4,,483551,,CAG_eGFP,483552,,CAG_eGFP,483550,,CAG_eGFP,483553,,RAM_GDNF,483554,,RAM_GDNF,483555,,RAM_GDNF,483557,,CAG_GDNF,483559,,CAG_GDNF
B4_W3_D4_08072026(16).edf,Batch_4,,483551,,CAG_eGFP,483552,,CAG_eGFP,483550,,CAG_eGFP,483553,,RAM_GDNF,483554,,RAM_GDNF,483555,,RAM_GDNF,483557,,CAG_GDNF,483559,,CAG_GDNF
B4_W3_D4_08072026(4).edf,Batch_4,,483551,,CAG_eGFP,483552,,CAG_eGFP,483550,,CAG_eGFP,483553,,RAM_GDNF,483554,,RAM_GDNF,483555,,RAM_GDNF,483557,,CAG_GDNF,483559,,CAG_GDNF
B4_W3_D4_08072026(14).edf,Batch_4,,483551,,CAG_eGFP,483552,,CAG_eGFP,483550,,CAG_eGFP,483553,,RAM_GDNF,483554,,RAM_GDNF,483555,,RAM_GDNF,483557,,CAG_GDNF,483559,,CAG_GDNF
B4_W3_D4_08072026(2).edf,Batch_4,,483551,,CAG_eGFP,483552,,CAG_eGFP,483550,,CAG_eGFP,483553,,RAM_GDNF,483554,,RAM_GDNF,483555,,RAM_GDNF,483557,,CAG_GDNF,483559,,CAG_GDNF
B4_W3_D4_08072026(8).edf,Batch_4,,483551,,CAG_eGFP,483552,,CAG_eGFP,483550,,CAG_eGFP,483553,,RAM_GDNF,483554,,RAM_GDNF,483555,,RAM_GDNF,483557,,CAG_GDNF,483559,,CAG_GDNF
B4_W3_D6_10072026(2).edf,Batch_4,,483551,,CAG_eGFP,483552,,CAG_eGFP,483550,,CAG_eGFP,483553,,RAM_GDNF,483554,,RAM_GDNF,483555,,RAM_GDNF,483557,,CAG_GDNF,483559,,CAG_GDNF
B4_W3_D6_10072026(10).edf,Batch_4,,483551,,CAG_eGFP,483552,,CAG_eGFP,483550,,CAG_eGFP,483553,,RAM_GDNF,483554,,RAM_GDNF,483555,,RAM_GDNF,483557,,CAG_GDNF,483559,,CAG_GDNF
B4_W3_D6_10072026(13).edf,Batch_4,,483551,,CAG_eGFP,483552,,CAG_eGFP,483550,,CAG_eGFP,483553,,RAM_GDNF,483554,,RAM_GDNF,483555,,RAM_GDNF,483557,,CAG_GDNF,483559,,CAG_GDNF
B4_W3_D6_10072026(5).edf,Batch_4,,483551,,CAG_eGFP,483552,,CAG_eGFP,483550,,CAG_eGFP,483553,,RAM_GDNF,483554,,RAM_GDNF,483555,,RAM_GDNF,483557,,CAG_GDNF,483559,,CAG_GDNF
B4_W3_D6_10072026(14).edf,Batch_4,,483551,,CAG_eGFP,483552,,CAG_eGFP,483550,,CAG_eGFP,483553,,RAM_GDNF,483554,,RAM_GDNF,483555,,RAM_GDNF,483557,,CAG_GDNF,483559,,CAG_GDNF
B4_W3_D6_10072026(11).edf,Batch_4,,483551,,CAG_eGFP,483552,,CAG_eGFP,483550,,CAG_eGFP,483553,,RAM_GDNF,483554,,RAM_GDNF,483555,,RAM_GDNF,483557,,CAG_GDNF,483559,,CAG_GDNF
B4_W3_D6_10072026(3).edf,Batch_4,,483551,,CAG_eGFP,483552,,CAG_eGFP,483550,,CAG_eGFP,483553,,RAM_GDNF,483554,,RAM_GDNF,483555,,RAM_GDNF,483557,,CAG_GDNF,483559,,CAG_GDNF
B4_W3_D6_10072026(9).edf,Batch_4,,483551,,CAG_eGFP,483552,,CAG_eGFP,483550,,CAG_eGFP,483553,,RAM_GDNF,483554,,RAM_GDNF,483555,,RAM_GDNF,483557,,CAG_GDNF,483559,,CAG_GDNF
B4_W3_D6_10072026(4).edf,Batch_4,,483551,,CAG_eGFP,483552,,CAG_eGFP,483550,,CAG_eGFP,483553,,RAM_GDNF,483554,,RAM_GDNF,483555,,RAM_GDNF,483557,,CAG_GDNF,483559,,CAG_GDNF
B4_W3_D6_10072026(8).edf,Batch_4,,483551,,CAG_eGFP,483552,,CAG_eGFP,483550,,CAG_eGFP,483553,,RAM_GDNF,483554,,RAM_GDNF,483555,,RAM_GDNF,483557,,CAG_GDNF,483559,,CAG_GDNF
B4_W3_D6_10072026(16).edf,Batch_4,,483551,,CAG_eGFP,483552,,CAG_eGFP,483550,,CAG_eGFP,483553,,RAM_GDNF,483554,,RAM_GDNF,483555,,RAM_GDNF,483557,,CAG_GDNF,483559,,CAG_GDNF
B4_W3_D6_10072026(12).edf,Batch_4,,483551,,CAG_eGFP,483552,,CAG_eGFP,483550,,CAG_eGFP,483553,,RAM_GDNF,483554,,RAM_GDNF,483555,,RAM_GDNF,483557,,CAG_GDNF,483559,,CAG_GDNF
B4_W3_D6_10072026(17).edf,Batch_4,,483551,,CAG_eGFP,483552,,CAG_eGFP,483550,,CAG_eGFP,483553,,RAM_GDNF,483554,,RAM_GDNF,483555,,RAM_GDNF,483557,,CAG_GDNF,483559,,CAG_GDNF
B4_W3_D6_10072026(7).edf,Batch_4,,483551,,CAG_eGFP,483552,,CAG_eGFP,483550,,CAG_eGFP,483553,,RAM_GDNF,483554,,RAM_GDNF,483555,,RAM_GDNF,483557,,CAG_GDNF,483559,,CAG_GDNF
B4_W3_D6_10072026(15).edf,Batch_4,,483551,,CAG_eGFP,483552,,CAG_eGFP,483550,,CAG_eGFP,483553,,RAM_GDNF,483554,,RAM_GDNF,483555,,RAM_GDNF,483557,,CAG_GDNF,483559,,CAG_GDNF
B4_W3_D6_10072026(1).edf,Batch_4,,483551,,CAG_eGFP,483552,,CAG_eGFP,483550,,CAG_eGFP,483553,,RAM_GDNF,483554,,RAM_GDNF,483555,,RAM_GDNF,483557,,CAG_GDNF,483559,,CAG_GDNF
B4_W3_D6_10072026(6).edf,Batch_4,,483551,,CAG_eGFP,483552,,CAG_eGFP,483550,,CAG_eGFP,483553,,RAM_GDNF,483554,,RAM_GDNF,483555,,RAM_GDNF,483557,,CAG_GDNF,483559,,CAG_GDNF
B4_W3_D8_12072026(2).edf,Batch_4,,483551,,CAG_eGFP,483552,,CAG_eGFP,483550,,CAG_eGFP,483553,,RAM_GDNF,483554,,RAM_GDNF,483555,,RAM_GDNF,483557,,CAG_GDNF,483559,,CAG_GDNF
B4_W3_D8_12072026(6).edf,Batch_4,,483551,,CAG_eGFP,483552,,CAG_eGFP,483550,,CAG_eGFP,483553,,RAM_GDNF,483554,,RAM_GDNF,483555,,RAM_GDNF,483557,,CAG_GDNF,483559,,CAG_GDNF
B4_W3_D8_12072026(10).edf,Batch_4,,483551,,CAG_eGFP,483552,,CAG_eGFP,483550,,CAG_eGFP,483553,,RAM_GDNF,483554,,RAM_GDNF,483555,,RAM_GDNF,483557,,CAG_GDNF,483559,,CAG_GDNF
B4_W3_D8_12072026(11).edf,Batch_4,,483551,,CAG_eGFP,483552,,CAG_eGFP,483550,,CAG_eGFP,483553,,RAM_GDNF,483554,,RAM_GDNF,483555,,RAM_GDNF,483557,,CAG_GDNF,483559,,CAG_GDNF
B4_W3_D8_12072026(12).edf,Batch_4,,483551,,CAG_eGFP,483552,,CAG_eGFP,483550,,CAG_eGFP,483553,,RAM_GDNF,483554,,RAM_GDNF,483555,,RAM_GDNF,483557,,CAG_GDNF,483559,,CAG_GDNF
B4_W3_D8_12072026(14).edf,Batch_4,,483551,,CAG_eGFP,483552,,CAG_eGFP,483550,,CAG_eGFP,483553,,RAM_GDNF,483554,,RAM_GDNF,483555,,RAM_GDNF,483557,,CAG_GDNF,483559,,CAG_GDNF
B4_W3_D8_12072026(13).edf,Batch_4,,483551,,CAG_eGFP,483552,,CAG_eGFP,483550,,CAG_eGFP,483553,,RAM_GDNF,483554,,RAM_GDNF,483555,,RAM_GDNF,483557,,CAG_GDNF,483559,,CAG_GDNF
B4_W3_D8_12072026(7).edf,Batch_4,,483551,,CAG_eGFP,483552,,CAG_eGFP,483550,,CAG_eGFP,483553,,RAM_GDNF,483554,,RAM_GDNF,483555,,RAM_GDNF,483557,,CAG_GDNF,483559,,CAG_GDNF
B4_W3_D8_12072026(8).edf,Batch_4,,483551,,CAG_eGFP,483552,,CAG_eGFP,483550,,CAG_eGFP,483553,,RAM_GDNF,483554,,RAM_GDNF,483555,,RAM_GDNF,483557,,CAG_GDNF,483559,,CAG_GDNF
B4_W3_D8_12072026(3).edf,Batch_4,,483551,,CAG_eGFP,483552,,CAG_eGFP,483550,,CAG_eGFP,483553,,RAM_GDNF,483554,,RAM_GDNF,483555,,RAM_GDNF,483557,,CAG_GDNF,483559,,CAG_GDNF
B4_W3_D8_12072026(4).edf,Batch_4,,483551,,CAG_eGFP,483552,,CAG_eGFP,483550,,CAG_eGFP,483553,,RAM_GDNF,483554,,RAM_GDNF,483555,,RAM_GDNF,483557,,CAG_GDNF,483559,,CAG_GDNF
B4_W3_D8_12072026(5).edf,Batch_4,,483551,,CAG_eGFP,483552,,CAG_eGFP,483550,,CAG_eGFP,483553,,RAM_GDNF,483554,,RAM_GDNF,483555,,RAM_GDNF,483557,,CAG_GDNF,483559,,CAG_GDNF
B4_W3_D8_12072026(1).edf,Batch_4,,483551,,CAG_eGFP,483552,,CAG_eGFP,483550,,CAG_eGFP,483553,,RAM_GDNF,483554,,RAM_GDNF,483555,,RAM_GDNF,483557,,CAG_GDNF,483559,,CAG_GDNF
B4_W3_D8_12072026(9).edf,Batch_4,,483551,,CAG_eGFP,483552,,CAG_eGFP,483550,,CAG_eGFP,483553,,RAM_GDNF,483554,,RAM_GDNF,483555,,RAM_GDNF,483557,,CAG_GDNF,483559,,CAG_GDNF
B4_W3_D5_09072026(11).edf,Batch_4,,483551,,CAG_eGFP,483552,,CAG_eGFP,483550,,CAG_eGFP,483553,,RAM_GDNF,483554,,RAM_GDNF,483555,,RAM_GDNF,483557,,CAG_GDNF,483559,,CAG_GDNF
B4_W3_D5_09072026(5).edf,Batch_4,,483551,,CAG_eGFP,483552,,CAG_eGFP,483550,,CAG_eGFP,483553,,RAM_GDNF,483554,,RAM_GDNF,483555,,RAM_GDNF,483557,,CAG_GDNF,483559,,CAG_GDNF
B4_W3_D5_09072026(13).edf,Batch_4,,483551,,CAG_eGFP,483552,,CAG_eGFP,483550,,CAG_eGFP,483553,,RAM_GDNF,483554,,RAM_GDNF,483555,,RAM_GDNF,483557,,CAG_GDNF,483559,,CAG_GDNF
B4_W3_D5_09072026(6).edf,Batch_4,,483551,,CAG_eGFP,483552,,CAG_eGFP,483550,,CAG_eGFP,483553,,RAM_GDNF,483554,,RAM_GDNF,483555,,RAM_GDNF,483557,,CAG_GDNF,483559,,CAG_GDNF
B4_W3_D5_09072026(2).edf,Batch_4,,483551,,CAG_eGFP,483552,,CAG_eGFP,483550,,CAG_eGFP,483553,,RAM_GDNF,483554,,RAM_GDNF,483555,,RAM_GDNF,483557,,CAG_GDNF,483559,,CAG_GDNF
B4_W3_D5_09072026(4).edf,Batch_4,,483551,,CAG_eGFP,483552,,CAG_eGFP,483550,,CAG_eGFP,483553,,RAM_GDNF,483554,,RAM_GDNF,483555,,RAM_GDNF,483557,,CAG_GDNF,483559,,CAG_GDNF
B4_W3_D5_09072026(3).edf,Batch_4,,483551,,CAG_eGFP,483552,,CAG_eGFP,483550,,CAG_eGFP,483553,,RAM_GDNF,483554,,RAM_GDNF,483555,,RAM_GDNF,483557,,CAG_GDNF,483559,,CAG_GDNF
B4_W3_D5_09072026(9).edf,Batch_4,,483551,,CAG_eGFP,483552,,CAG_eGFP,483550,,CAG_eGFP,483553,,RAM_GDNF,483554,,RAM_GDNF,483555,,RAM_GDNF,483557,,CAG_GDNF,483559,,CAG_GDNF
B4_W3_D5_09072026(7).edf,Batch_4,,483551,,CAG_eGFP,483552,,CAG_eGFP,483550,,CAG_eGFP,483553,,RAM_GDNF,483554,,RAM_GDNF,483555,,RAM_GDNF,483557,,CAG_GDNF,483559,,CAG_GDNF
B4_W3_D5_09072026(1).edf,Batch_4,,483551,,CAG_eGFP,483552,,CAG_eGFP,483550,,CAG_eGFP,483553,,RAM_GDNF,483554,,RAM_GDNF,483555,,RAM_GDNF,483557,,CAG_GDNF,483559,,CAG_GDNF
B4_W3_D5_09072026(10).edf,Batch_4,,483551,,CAG_eGFP,483552,,CAG_eGFP,483550,,CAG_eGFP,483553,,RAM_GDNF,483554,,RAM_GDNF,483555,,RAM_GDNF,483557,,CAG_GDNF,483559,,CAG_GDNF
B4_W3_D5_09072026(8).edf,Batch_4,,483551,,CAG_eGFP,483552,,CAG_eGFP,483550,,CAG_eGFP,483553,,RAM_GDNF,483554,,RAM_GDNF,483555,,RAM_GDNF,483557,,CAG_GDNF,483559,,CAG_GDNF
B4_W3_D5_09072026(12).edf,Batch_4,,483551,,CAG_eGFP,483552,,CAG_eGFP,483550,,CAG_eGFP,483553,,RAM_GDNF,483554,,RAM_GDNF,483555,,RAM_GDNF,483557,,CAG_GDNF,483559,,CAG_GDNF
B4_W3_D7_11072026(3).edf,Batch_4,,483551,,CAG_eGFP,483552,,CAG_eGFP,483550,,CAG_eGFP,483553,,RAM_GDNF,483554,,RAM_GDNF,483555,,RAM_GDNF,483557,,CAG_GDNF,483559,,CAG_GDNF
B4_W3_D7_11072026(15).edf,Batch_4,,483551,,CAG_eGFP,483552,,CAG_eGFP,483550,,CAG_eGFP,483553,,RAM_GDNF,483554,,RAM_GDNF,483555,,RAM_GDNF,483557,,CAG_GDNF,483559,,CAG_GDNF
B4_W3_D7_11072026(12).edf,Batch_4,,483551,,CAG_eGFP,483552,,CAG_eGFP,483550,,CAG_eGFP,483553,,RAM_GDNF,483554,,RAM_GDNF,483555,,RAM_GDNF,483557,,CAG_GDNF,483559,,CAG_GDNF
B4_W3_D7_11072026(7).edf,Batch_4,,483551,,CAG_eGFP,483552,,CAG_eGFP,483550,,CAG_eGFP,483553,,RAM_GDNF,483554,,RAM_GDNF,483555,,RAM_GDNF,483557,,CAG_GDNF,483559,,CAG_GDNF
B4_W3_D7_11072026(5).edf,Batch_4,,483551,,CAG_eGFP,483552,,CAG_eGFP,483550,,CAG_eGFP,483553,,RAM_GDNF,483554,,RAM_GDNF,483555,,RAM_GDNF,483557,,CAG_GDNF,483559,,CAG_GDNF
B4_W3_D7_11072026(13).edf,Batch_4,,483551,,CAG_eGFP,483552,,CAG_eGFP,483550,,CAG_eGFP,483553,,RAM_GDNF,483554,,RAM_GDNF,483555,,RAM_GDNF,483557,,CAG_GDNF,483559,,CAG_GDNF
B4_W3_D7_11072026(10).edf,Batch_4,,483551,,CAG_eGFP,483552,,CAG_eGFP,483550,,CAG_eGFP,483553,,RAM_GDNF,483554,,RAM_GDNF,483555,,RAM_GDNF,483557,,CAG_GDNF,483559,,CAG_GDNF
B4_W3_D7_11072026(9).edf,Batch_4,,483551,,CAG_eGFP,483552,,CAG_eGFP,483550,,CAG_eGFP,483553,,RAM_GDNF,483554,,RAM_GDNF,483555,,RAM_GDNF,483557,,CAG_GDNF,483559,,CAG_GDNF
B4_W3_D7_11072026(14).edf,Batch_4,,483551,,CAG_eGFP,483552,,CAG_eGFP,483550,,CAG_eGFP,483553,,RAM_GDNF,483554,,RAM_GDNF,483555,,RAM_GDNF,483557,,CAG_GDNF,483559,,CAG_GDNF
B4_W3_D7_11072026(11).edf,Batch_4,,483551,,CAG_eGFP,483552,,CAG_eGFP,483550,,CAG_eGFP,483553,,RAM_GDNF,483554,,RAM_GDNF,483555,,RAM_GDNF,483557,,CAG_GDNF,483559,,CAG_GDNF
B4_W3_D7_11072026(16).edf,Batch_4,,483551,,CAG_eGFP,483552,,CAG_eGFP,483550,,CAG_eGFP,483553,,RAM_GDNF,483554,,RAM_GDNF,483555,,RAM_GDNF,483557,,CAG_GDNF,483559,,CAG_GDNF
B4_W3_D7_11072026(2).edf,Batch_4,,483551,,CAG_eGFP,483552,,CAG_eGFP,483550,,CAG_eGFP,483553,,RAM_GDNF,483554,,RAM_GDNF,483555,,RAM_GDNF,483557,,CAG_GDNF,483559,,CAG_GDNF
B4_W3_D7_11072026(1).edf,Batch_4,,483551,,CAG_eGFP,483552,,CAG_eGFP,483550,,CAG_eGFP,483553,,RAM_GDNF,483554,,RAM_GDNF,483555,,RAM_GDNF,483557,,CAG_GDNF,483559,,CAG_GDNF
B4_W3_D7_11072026(6).edf,Batch_4,,483551,,CAG_eGFP,483552,,CAG_eGFP,483550,,CAG_eGFP,483553,,RAM_GDNF,483554,,RAM_GDNF,483555,,RAM_GDNF,483557,,CAG_GDNF,483559,,CAG_GDNF
B4_W3_D7_11072026(4).edf,Batch_4,,483551,,CAG_eGFP,483552,,CAG_eGFP,483550,,CAG_eGFP,483553,,RAM_GDNF,483554,,RAM_GDNF,483555,,RAM_GDNF,483557,,CAG_GDNF,483559,,CAG_GDNF
B4_W3_D7_11072026(8).edf,Batch_4,,483551,,CAG_eGFP,483552,,CAG_eGFP,483550,,CAG_eGFP,483553,,RAM_GDNF,483554,,RAM_GDNF,483555,,RAM_GDNF,483557,,CAG_GDNF,483559,,CAG_GDNF
B4_W3_D1_05072026(3).edf,Batch_4,,483551,,CAG_eGFP,483552,,CAG_eGFP,483550,,CAG_eGFP,483553,,RAM_GDNF,483554,,RAM_GDNF,483555,,RAM_GDNF,483557,,CAG_GDNF,483559,,CAG_GDNF
B4_W3_D1_05072026(13).edf,Batch_4,,483551,,CAG_eGFP,483552,,CAG_eGFP,483550,,CAG_eGFP,483553,,RAM_GDNF,483554,,RAM_GDNF,483555,,RAM_GDNF,483557,,CAG_GDNF,483559,,CAG_GDNF
B4_W3_D1_05072026(8).edf,Batch_4,,483551,,CAG_eGFP,483552,,CAG_eGFP,483550,,CAG_eGFP,483553,,RAM_GDNF,483554,,RAM_GDNF,483555,,RAM_GDNF,483557,,CAG_GDNF,483559,,CAG_GDNF
B4_W3_D1_05072026(6).edf,Batch_4,,483551,,CAG_eGFP,483552,,CAG_eGFP,483550,,CAG_eGFP,483553,,RAM_GDNF,483554,,RAM_GDNF,483555,,RAM_GDNF,483557,,CAG_GDNF,483559,,CAG_GDNF
B4_W3_D1_05072026(14).edf,Batch_4,,483551,,CAG_eGFP,483552,,CAG_eGFP,483550,,CAG_eGFP,483553,,RAM_GDNF,483554,,RAM_GDNF,483555,,RAM_GDNF,483557,,CAG_GDNF,483559,,CAG_GDNF
B4_W3_D1_05072026(5).edf,Batch_4,,483551,,CAG_eGFP,483552,,CAG_eGFP,483550,,CAG_eGFP,483553,,RAM_GDNF,483554,,RAM_GDNF,483555,,RAM_GDNF,483557,,CAG_GDNF,483559,,CAG_GDNF
B4_W3_D1_05072026(10).edf,Batch_4,,483551,,CAG_eGFP,483552,,CAG_eGFP,483550,,CAG_eGFP,483553,,RAM_GDNF,483554,,RAM_GDNF,483555,,RAM_GDNF,483557,,CAG_GDNF,483559,,CAG_GDNF
B4_W3_D1_05072026(15).edf,Batch_4,,483551,,CAG_eGFP,483552,,CAG_eGFP,483550,,CAG_eGFP,483553,,RAM_GDNF,483554,,RAM_GDNF,483555,,RAM_GDNF,483557,,CAG_GDNF,483559,,CAG_GDNF
B4_W3_D1_05072026(9).edf,Batch_4,,483551,,CAG_eGFP,483552,,CAG_eGFP,483550,,CAG_eGFP,483553,,RAM_GDNF,483554,,RAM_GDNF,483555,,RAM_GDNF,483557,,CAG_GDNF,483559,,CAG_GDNF
B4_W3_D1_05072026(12).edf,Batch_4,,483551,,CAG_eGFP,483552,,CAG_eGFP,483550,,CAG_eGFP,483553,,RAM_GDNF,483554,,RAM_GDNF,483555,,RAM_GDNF,483557,,CAG_GDNF,483559,,CAG_GDNF
B4_W3_D1_05072026(2).edf,Batch_4,,483551,,CAG_eGFP,483552,,CAG_eGFP,483550,,CAG_eGFP,483553,,RAM_GDNF,483554,,RAM_GDNF,483555,,RAM_GDNF,483557,,CAG_GDNF,483559,,CAG_GDNF
B4_W3_D1_05072026(11).edf,Batch_4,,483551,,CAG_eGFP,483552,,CAG_eGFP,483550,,CAG_eGFP,483553,,RAM_GDNF,483554,,RAM_GDNF,483555,,RAM_GDNF,483557,,CAG_GDNF,483559,,CAG_GDNF
B4_W3_D1_05072026(4).edf,Batch_4,,483551,,CAG_eGFP,483552,,CAG_eGFP,483550,,CAG_eGFP,483553,,RAM_GDNF,483554,,RAM_GDNF,483555,,RAM_GDNF,483557,,CAG_GDNF,483559,,CAG_GDNF
B4_W3_D1_05072026(16).edf,Batch_4,,483551,,CAG_eGFP,483552,,CAG_eGFP,483550,,CAG_eGFP,483553,,RAM_GDNF,483554,,RAM_GDNF,483555,,RAM_GDNF,483557,,CAG_GDNF,483559,,CAG_GDNF
B4_W3_D1_05072026(1).edf,Batch_4,,483551,,CAG_eGFP,483552,,CAG_eGFP,483550,,CAG_eGFP,483553,,RAM_GDNF,483554,,RAM_GDNF,483555,,RAM_GDNF,483557,,CAG_GDNF,483559,,CAG_GDNF
B4_W3_D1_05072026(7).edf,Batch_4,,483551,,CAG_eGFP,483552,,CAG_eGFP,483550,,CAG_eGFP,483553,,RAM_GDNF,483554,,RAM_GDNF,483555,,RAM_GDNF,483557,,CAG_GDNF,483559,,CAG_GDNF
B4_W3_D1_05072026(17).edf,Batch_4,,483551,,CAG_eGFP,483552,,CAG_eGFP,483550,,CAG_eGFP,483553,,RAM_GDNF,483554,,RAM_GDNF,483555,,RAM_GDNF,483557,,CAG_GDNF,483559,,CAG_GDNF
B1_W1_D1_04092025(4).edf,Batch_1,,449381,,CAG_eGFP,449382,,CAG_eGFP,449383,,CAG_eGFP,449384,,RAM_GDNF,449385,,RAM_GDNF,449386,,RAM_GDNF,449387,,CAG_GDNF,449388,,CAG_GDNF
B1_W1_D1_04092025(11).edf,Batch_1,,449381,,CAG_eGFP,449382,,CAG_eGFP,449383,,CAG_eGFP,449384,,RAM_GDNF,449385,,RAM_GDNF,449386,,RAM_GDNF,449387,,CAG_GDNF,449388,,CAG_GDNF
B1_W1_D1_04092025(12).edf,Batch_1,,449381,,CAG_eGFP,449382,,CAG_eGFP,449383,,CAG_eGFP,449384,,RAM_GDNF,449385,,RAM_GDNF,449386,,RAM_GDNF,449387,,CAG_GDNF,449388,,CAG_GDNF
B1_W1_D1_04092025(15).edf,Batch_1,,449381,,CAG_eGFP,449382,,CAG_eGFP,449383,,CAG_eGFP,449384,,RAM_GDNF,449385,,RAM_GDNF,449386,,RAM_GDNF,449387,,CAG_GDNF,449388,,CAG_GDNF
B1_W1_D1_04092025(14).edf,Batch_1,,449381,,CAG_eGFP,449382,,CAG_eGFP,449383,,CAG_eGFP,449384,,RAM_GDNF,449385,,RAM_GDNF,449386,,RAM_GDNF,449387,,CAG_GDNF,449388,,CAG_GDNF
B1_W1_D1_04092025(6).edf,Batch_1,,449381,,CAG_eGFP,449382,,CAG_eGFP,449383,,CAG_eGFP,449384,,RAM_GDNF,449385,,RAM_GDNF,449386,,RAM_GDNF,449387,,CAG_GDNF,449388,,CAG_GDNF
B1_W1_D1_04092025(3).edf,Batch_1,,449381,,CAG_eGFP,449382,,CAG_eGFP,449383,,CAG_eGFP,449384,,RAM_GDNF,449385,,RAM_GDNF,449386,,RAM_GDNF,449387,,CAG_GDNF,449388,,CAG_GDNF
B1_W1_D1_04092025(13).edf,Batch_1,,449381,,CAG_eGFP,449382,,CAG_eGFP,449383,,CAG_eGFP,449384,,RAM_GDNF,449385,,RAM_GDNF,449386,,RAM_GDNF,449387,,CAG_GDNF,449388,,CAG_GDNF
B1_W1_D1_04092025(9).edf,Batch_1,,449381,,CAG_eGFP,449382,,CAG_eGFP,449383,,CAG_eGFP,449384,,RAM_GDNF,449385,,RAM_GDNF,449386,,RAM_GDNF,449387,,CAG_GDNF,449388,,CAG_GDNF
B1_W1_D1_04092025(7).edf,Batch_1,,449381,,CAG_eGFP,449382,,CAG_eGFP,449383,,CAG_eGFP,449384,,RAM_GDNF,449385,,RAM_GDNF,449386,,RAM_GDNF,449387,,CAG_GDNF,449388,,CAG_GDNF
B1_W1_D1_04092025(5).edf,Batch_1,,449381,,CAG_eGFP,449382,,CAG_eGFP,449383,,CAG_eGFP,449384,,RAM_GDNF,449385,,RAM_GDNF,449386,,RAM_GDNF,449387,,CAG_GDNF,449388,,CAG_GDNF
B1_W1_D1_04092025(2).edf,Batch_1,,449381,,CAG_eGFP,449382,,CAG_eGFP,449383,,CAG_eGFP,449384,,RAM_GDNF,449385,,RAM_GDNF,449386,,RAM_GDNF,449387,,CAG_GDNF,449388,,CAG_GDNF
B1_W1_D1_04092025(16).edf,Batch_1,,449381,,CAG_eGFP,449382,,CAG_eGFP,449383,,CAG_eGFP,449384,,RAM_GDNF,449385,,RAM_GDNF,449386,,RAM_GDNF,449387,,CAG_GDNF,449388,,CAG_GDNF
B1_W1_D1_04092025(8).edf,Batch_1,,449381,,CAG_eGFP,449382,,CAG_eGFP,449383,,CAG_eGFP,449384,,RAM_GDNF,449385,,RAM_GDNF,449386,,RAM_GDNF,449387,,CAG_GDNF,449388,,CAG_GDNF
B1_W1_D1_04092025(1).edf,Batch_1,,449381,,CAG_eGFP,449382,,CAG_eGFP,449383,,CAG_eGFP,449384,,RAM_GDNF,449385,,RAM_GDNF,449386,,RAM_GDNF,449387,,CAG_GDNF,449388,,CAG_GDNF
B1_W1_D1_04092025(10).edf,Batch_1,,449381,,CAG_eGFP,449382,,CAG_eGFP,449383,,CAG_eGFP,449384,,RAM_GDNF,449385,,RAM_GDNF,449386,,RAM_GDNF,449387,,CAG_GDNF,449388,,CAG_GDNF
B1_W1_D3_06092025(9).edf,Batch_1,,449381,,CAG_eGFP,449382,,CAG_eGFP,449383,,CAG_eGFP,449384,,RAM_GDNF,449385,,RAM_GDNF,449386,,RAM_GDNF,449387,,CAG_GDNF,449388,,CAG_GDNF
B1_W1_D3_06092025(4).edf,Batch_1,,449381,,CAG_eGFP,449382,,CAG_eGFP,449383,,CAG_eGFP,449384,,RAM_GDNF,449385,,RAM_GDNF,449386,,RAM_GDNF,449387,,CAG_GDNF,449388,,CAG_GDNF
B1_W1_D3_06092025(1).edf,Batch_1,,449381,,CAG_eGFP,449382,,CAG_eGFP,449383,,CAG_eGFP,449384,,RAM_GDNF,449385,,RAM_GDNF,449386,,RAM_GDNF,449387,,CAG_GDNF,449388,,CAG_GDNF
B1_W1_D3_06092025(7).edf,Batch_1,,449381,,CAG_eGFP,449382,,CAG_eGFP,449383,,CAG_eGFP,449384,,RAM_GDNF,449385,,RAM_GDNF,449386,,RAM_GDNF,449387,,CAG_GDNF,449388,,CAG_GDNF
B1_W1_D3_06092025(16).edf,Batch_1,,449381,,CAG_eGFP,449382,,CAG_eGFP,449383,,CAG_eGFP,449384,,RAM_GDNF,449385,,RAM_GDNF,449386,,RAM_GDNF,449387,,CAG_GDNF,449388,,CAG_GDNF
B1_W1_D3_06092025(13).edf,Batch_1,,449381,,CAG_eGFP,449382,,CAG_eGFP,449383,,CAG_eGFP,449384,,RAM_GDNF,449385,,RAM_GDNF,449386,,RAM_GDNF,449387,,CAG_GDNF,449388,,CAG_GDNF
B1_W1_D3_06092025(5).edf,Batch_1,,449381,,CAG_eGFP,449382,,CAG_eGFP,449383,,CAG_eGFP,449384,,RAM_GDNF,449385,,RAM_GDNF,449386,,RAM_GDNF,449387,,CAG_GDNF,449388,,CAG_GDNF
B1_W1_D3_06092025(15).edf,Batch_1,,449381,,CAG_eGFP,449382,,CAG_eGFP,449383,,CAG_eGFP,449384,,RAM_GDNF,449385,,RAM_GDNF,449386,,RAM_GDNF,449387,,CAG_GDNF,449388,,CAG_GDNF
B1_W1_D3_06092025(8).edf,Batch_1,,449381,,CAG_eGFP,449382,,CAG_eGFP,449383,,CAG_eGFP,449384,,RAM_GDNF,449385,,RAM_GDNF,449386,,RAM_GDNF,449387,,CAG_GDNF,449388,,CAG_GDNF
B1_W1_D3_06092025(6).edf,Batch_1,,449381,,CAG_eGFP,449382,,CAG_eGFP,449383,,CAG_eGFP,449384,,RAM_GDNF,449385,,RAM_GDNF,449386,,RAM_GDNF,449387,,CAG_GDNF,449388,,CAG_GDNF
B1_W1_D3_06092025(10).edf,Batch_1,,449381,,CAG_eGFP,449382,,CAG_eGFP,449383,,CAG_eGFP,449384,,RAM_GDNF,449385,,RAM_GDNF,449386,,RAM_GDNF,449387,,CAG_GDNF,449388,,CAG_GDNF
B1_W1_D3_06092025(3).edf,Batch_1,,449381,,CAG_eGFP,449382,,CAG_eGFP,449383,,CAG_eGFP,449384,,RAM_GDNF,449385,,RAM_GDNF,449386,,RAM_GDNF,449387,,CAG_GDNF,449388,,CAG_GDNF
B1_W1_D3_06092025(2).edf,Batch_1,,449381,,CAG_eGFP,449382,,CAG_eGFP,449383,,CAG_eGFP,449384,,RAM_GDNF,449385,,RAM_GDNF,449386,,RAM_GDNF,449387,,CAG_GDNF,449388,,CAG_GDNF
B1_W1_D3_06092025(14).edf,Batch_1,,449381,,CAG_eGFP,449382,,CAG_eGFP,449383,,CAG_eGFP,449384,,RAM_GDNF,449385,,RAM_GDNF,449386,,RAM_GDNF,449387,,CAG_GDNF,449388,,CAG_GDNF
B1_W1_D3_06092025(11).edf,Batch_1,,449381,,CAG_eGFP,449382,,CAG_eGFP,449383,,CAG_eGFP,449384,,RAM_GDNF,449385,,RAM_GDNF,449386,,RAM_GDNF,449387,,CAG_GDNF,449388,,CAG_GDNF
B1_W1_D3_06092025(12).edf,Batch_1,,449381,,CAG_eGFP,449382,,CAG_eGFP,449383,,CAG_eGFP,449384,,RAM_GDNF,449385,,RAM_GDNF,449386,,RAM_GDNF,449387,,CAG_GDNF,449388,,CAG_GDNF
B1_W1_D5_08092025(15).edf,Batch_1,,449381,,CAG_eGFP,449382,,CAG_eGFP,449383,,CAG_eGFP,449384,,RAM_GDNF,449385,,RAM_GDNF,449386,,RAM_GDNF,449387,,CAG_GDNF,449388,,CAG_GDNF
B1_W1_D5_08092025(6).edf,Batch_1,,449381,,CAG_eGFP,449382,,CAG_eGFP,449383,,CAG_eGFP,449384,,RAM_GDNF,449385,,RAM_GDNF,449386,,RAM_GDNF,449387,,CAG_GDNF,449388,,CAG_GDNF
B1_W1_D5_08092025(5).edf,Batch_1,,449381,,CAG_eGFP,449382,,CAG_eGFP,449383,,CAG_eGFP,449384,,RAM_GDNF,449385,,RAM_GDNF,449386,,RAM_GDNF,449387,,CAG_GDNF,449388,,CAG_GDNF
B1_W1_D5_08092025(1).edf,Batch_1,,449381,,CAG_eGFP,449382,,CAG_eGFP,449383,,CAG_eGFP,449384,,RAM_GDNF,449385,,RAM_GDNF,449386,,RAM_GDNF,449387,,CAG_GDNF,449388,,CAG_GDNF
B1_W1_D5_08092025(3).edf,Batch_1,,449381,,CAG_eGFP,449382,,CAG_eGFP,449383,,CAG_eGFP,449384,,RAM_GDNF,449385,,RAM_GDNF,449386,,RAM_GDNF,449387,,CAG_GDNF,449388,,CAG_GDNF
B1_W1_D5_08092025(16).edf,Batch_1,,449381,,CAG_eGFP,449382,,CAG_eGFP,449383,,CAG_eGFP,449384,,RAM_GDNF,449385,,RAM_GDNF,449386,,RAM_GDNF,449387,,CAG_GDNF,449388,,CAG_GDNF
B1_W1_D5_08092025(9).edf,Batch_1,,449381,,CAG_eGFP,449382,,CAG_eGFP,449383,,CAG_eGFP,449384,,RAM_GDNF,449385,,RAM_GDNF,449386,,RAM_GDNF,449387,,CAG_GDNF,449388,,CAG_GDNF
B1_W1_D5_08092025(14).edf,Batch_1,,449381,,CAG_eGFP,449382,,CAG_eGFP,449383,,CAG_eGFP,449384,,RAM_GDNF,449385,,RAM_GDNF,449386,,RAM_GDNF,449387,,CAG_GDNF,449388,,CAG_GDNF
B1_W1_D5_08092025(7).edf,Batch_1,,449381,,CAG_eGFP,449382,,CAG_eGFP,449383,,CAG_eGFP,449384,,RAM_GDNF,449385,,RAM_GDNF,449386,,RAM_GDNF,449387,,CAG_GDNF,449388,,CAG_GDNF
B1_W1_D5_08092025(13).edf,Batch_1,,449381,,CAG_eGFP,449382,,CAG_eGFP,449383,,CAG_eGFP,449384,,RAM_GDNF,449385,,RAM_GDNF,449386,,RAM_GDNF,449387,,CAG_GDNF,449388,,CAG_GDNF
B1_W1_D5_08092025(4).edf,Batch_1,,449381,,CAG_eGFP,449382,,CAG_eGFP,449383,,CAG_eGFP,449384,,RAM_GDNF,449385,,RAM_GDNF,449386,,RAM_GDNF,449387,,CAG_GDNF,449388,,CAG_GDNF
B1_W1_D5_08092025(10).edf,Batch_1,,449381,,CAG_eGFP,449382,,CAG_eGFP,449383,,CAG_eGFP,449384,,RAM_GDNF,449385,,RAM_GDNF,449386,,RAM_GDNF,449387,,CAG_GDNF,449388,,CAG_GDNF
B1_W1_D5_08092025(12).edf,Batch_1,,449381,,CAG_eGFP,449382,,CAG_eGFP,449383,,CAG_eGFP,449384,,RAM_GDNF,449385,,RAM_GDNF,449386,,RAM_GDNF,449387,,CAG_GDNF,449388,,CAG_GDNF
B1_W1_D5_08092025(11).edf,Batch_1,,449381,,CAG_eGFP,449382,,CAG_eGFP,449383,,CAG_eGFP,449384,,RAM_GDNF,449385,,RAM_GDNF,449386,,RAM_GDNF,449387,,CAG_GDNF,449388,,CAG_GDNF
B1_W1_D5_08092025(8).edf,Batch_1,,449381,,CAG_eGFP,449382,,CAG_eGFP,449383,,CAG_eGFP,449384,,RAM_GDNF,449385,,RAM_GDNF,449386,,RAM_GDNF,449387,,CAG_GDNF,449388,,CAG_GDNF
B1_W1_D5_08092025(2).edf,Batch_1,,449381,,CAG_eGFP,449382,,CAG_eGFP,449383,,CAG_eGFP,449384,,RAM_GDNF,449385,,RAM_GDNF,449386,,RAM_GDNF,449387,,CAG_GDNF,449388,,CAG_GDNF
B1_W1_D4_07092025(1).edf,Batch_1,,449381,,CAG_eGFP,449382,,CAG_eGFP,449383,,CAG_eGFP,449384,,RAM_GDNF,449385,,RAM_GDNF,449386,,RAM_GDNF,449387,,CAG_GDNF,449388,,CAG_GDNF
B1_W1_D4_07092025(13).edf,Batch_1,,449381,,CAG_eGFP,449382,,CAG_eGFP,449383,,CAG_eGFP,449384,,RAM_GDNF,449385,,RAM_GDNF,449386,,RAM_GDNF,449387,,CAG_GDNF,449388,,CAG_GDNF
B1_W1_D4_07092025(14).edf,Batch_1,,449381,,CAG_eGFP,449382,,CAG_eGFP,449383,,CAG_eGFP,449384,,RAM_GDNF,449385,,RAM_GDNF,449386,,RAM_GDNF,449387,,CAG_GDNF,449388,,CAG_GDNF
B1_W1_D4_07092025(7).edf,Batch_1,,449381,,CAG_eGFP,449382,,CAG_eGFP,449383,,CAG_eGFP,449384,,RAM_GDNF,449385,,RAM_GDNF,449386,,RAM_GDNF,449387,,CAG_GDNF,449388,,CAG_GDNF
B1_W1_D4_07092025(11).edf,Batch_1,,449381,,CAG_eGFP,449382,,CAG_eGFP,449383,,CAG_eGFP,449384,,RAM_GDNF,449385,,RAM_GDNF,449386,,RAM_GDNF,449387,,CAG_GDNF,449388,,CAG_GDNF
B1_W1_D4_07092025(15).edf,Batch_1,,449381,,CAG_eGFP,449382,,CAG_eGFP,449383,,CAG_eGFP,449384,,RAM_GDNF,449385,,RAM_GDNF,449386,,RAM_GDNF,449387,,CAG_GDNF,449388,,CAG_GDNF
B1_W1_D4_07092025(5).edf,Batch_1,,449381,,CAG_eGFP,449382,,CAG_eGFP,449383,,CAG_eGFP,449384,,RAM_GDNF,449385,,RAM_GDNF,449386,,RAM_GDNF,449387,,CAG_GDNF,449388,,CAG_GDNF
B1_W1_D4_07092025(2).edf,Batch_1,,449381,,CAG_eGFP,449382,,CAG_eGFP,449383,,CAG_eGFP,449384,,RAM_GDNF,449385,,RAM_GDNF,449386,,RAM_GDNF,449387,,CAG_GDNF,449388,,CAG_GDNF
B1_W1_D4_07092025(9).edf,Batch_1,,449381,,CAG_eGFP,449382,,CAG_eGFP,449383,,CAG_eGFP,449384,,RAM_GDNF,449385,,RAM_GDNF,449386,,RAM_GDNF,449387,,CAG_GDNF,449388,,CAG_GDNF
B1_W1_D4_07092025(16).edf,Batch_1,,449381,,CAG_eGFP,449382,,CAG_eGFP,449383,,CAG_eGFP,449384,,RAM_GDNF,449385,,RAM_GDNF,449386,,RAM_GDNF,449387,,CAG_GDNF,449388,,CAG_GDNF
B1_W1_D4_07092025(4).edf,Batch_1,,449381,,CAG_eGFP,449382,,CAG_eGFP,449383,,CAG_eGFP,449384,,RAM_GDNF,449385,,RAM_GDNF,449386,,RAM_GDNF,449387,,CAG_GDNF,449388,,CAG_GDNF
B1_W1_D4_07092025(12).edf,Batch_1,,449381,,CAG_eGFP,449382,,CAG_eGFP,449383,,CAG_eGFP,449384,,RAM_GDNF,449385,,RAM_GDNF,449386,,RAM_GDNF,449387,,CAG_GDNF,449388,,CAG_GDNF
B1_W1_D4_07092025(3).edf,Batch_1,,449381,,CAG_eGFP,449382,,CAG_eGFP,449383,,CAG_eGFP,449384,,RAM_GDNF,449385,,RAM_GDNF,449386,,RAM_GDNF,449387,,CAG_GDNF,449388,,CAG_GDNF
B1_W1_D4_07092025(10).edf,Batch_1,,449381,,CAG_eGFP,449382,,CAG_eGFP,449383,,CAG_eGFP,449384,,RAM_GDNF,449385,,RAM_GDNF,449386,,RAM_GDNF,449387,,CAG_GDNF,449388,,CAG_GDNF
B1_W1_D4_07092025(8).edf,Batch_1,,449381,,CAG_eGFP,449382,,CAG_eGFP,449383,,CAG_eGFP,449384,,RAM_GDNF,449385,,RAM_GDNF,449386,,RAM_GDNF,449387,,CAG_GDNF,449388,,CAG_GDNF
B1_W1_D4_07092025(6).edf,Batch_1,,449381,,CAG_eGFP,449382,,CAG_eGFP,449383,,CAG_eGFP,449384,,RAM_GDNF,449385,,RAM_GDNF,449386,,RAM_GDNF,449387,,CAG_GDNF,449388,,CAG_GDNF
B1_W1_D6_09092025(3).edf,Batch_1,,449381,,CAG_eGFP,449382,,CAG_eGFP,449383,,CAG_eGFP,449384,,RAM_GDNF,449385,,RAM_GDNF,449386,,RAM_GDNF,449387,,CAG_GDNF,449388,,CAG_GDNF
B1_W1_D6_09092025(9).edf,Batch_1,,449381,,CAG_eGFP,449382,,CAG_eGFP,449383,,CAG_eGFP,449384,,RAM_GDNF,449385,,RAM_GDNF,449386,,RAM_GDNF,449387,,CAG_GDNF,449388,,CAG_GDNF
B1_W1_D6_09092025(1).edf,Batch_1,,449381,,CAG_eGFP,449382,,CAG_eGFP,449383,,CAG_eGFP,449384,,RAM_GDNF,449385,,RAM_GDNF,449386,,RAM_GDNF,449387,,CAG_GDNF,449388,,CAG_GDNF
B1_W1_D6_09092025(8).edf,Batch_1,,449381,,CAG_eGFP,449382,,CAG_eGFP,449383,,CAG_eGFP,449384,,RAM_GDNF,449385,,RAM_GDNF,449386,,RAM_GDNF,449387,,CAG_GDNF,449388,,CAG_GDNF
B1_W1_D6_09092025(11).edf,Batch_1,,449381,,CAG_eGFP,449382,,CAG_eGFP,449383,,CAG_eGFP,449384,,RAM_GDNF,449385,,RAM_GDNF,449386,,RAM_GDNF,449387,,CAG_GDNF,449388,,CAG_GDNF
B1_W1_D6_09092025(5).edf,Batch_1,,449381,,CAG_eGFP,449382,,CAG_eGFP,449383,,CAG_eGFP,449384,,RAM_GDNF,449385,,RAM_GDNF,449386,,RAM_GDNF,449387,,CAG_GDNF,449388,,CAG_GDNF
B1_W1_D6_09092025(12).edf,Batch_1,,449381,,CAG_eGFP,449382,,CAG_eGFP,449383,,CAG_eGFP,449384,,RAM_GDNF,449385,,RAM_GDNF,449386,,RAM_GDNF,449387,,CAG_GDNF,449388,,CAG_GDNF
B1_W1_D6_09092025(7).edf,Batch_1,,449381,,CAG_eGFP,449382,,CAG_eGFP,449383,,CAG_eGFP,449384,,RAM_GDNF,449385,,RAM_GDNF,449386,,RAM_GDNF,449387,,CAG_GDNF,449388,,CAG_GDNF
B1_W1_D6_09092025(2).edf,Batch_1,,449381,,CAG_eGFP,449382,,CAG_eGFP,449383,,CAG_eGFP,449384,,RAM_GDNF,449385,,RAM_GDNF,449386,,RAM_GDNF,449387,,CAG_GDNF,449388,,CAG_GDNF
B1_W1_D6_09092025(16).edf,Batch_1,,449381,,CAG_eGFP,449382,,CAG_eGFP,449383,,CAG_eGFP,449384,,RAM_GDNF,449385,,RAM_GDNF,449386,,RAM_GDNF,449387,,CAG_GDNF,449388,,CAG_GDNF
B1_W1_D6_09092025(15).edf,Batch_1,,449381,,CAG_eGFP,449382,,CAG_eGFP,449383,,CAG_eGFP,449384,,RAM_GDNF,449385,,RAM_GDNF,449386,,RAM_GDNF,449387,,CAG_GDNF,449388,,CAG_GDNF
B1_W1_D6_09092025(4).edf,Batch_1,,449381,,CAG_eGFP,449382,,CAG_eGFP,449383,,CAG_eGFP,449384,,RAM_GDNF,449385,,RAM_GDNF,449386,,RAM_GDNF,449387,,CAG_GDNF,449388,,CAG_GDNF
B1_W1_D6_09092025(13).edf,Batch_1,,449381,,CAG_eGFP,449382,,CAG_eGFP,449383,,CAG_eGFP,449384,,RAM_GDNF,449385,,RAM_GDNF,449386,,RAM_GDNF,449387,,CAG_GDNF,449388,,CAG_GDNF
B1_W1_D6_09092025(6).edf,Batch_1,,449381,,CAG_eGFP,449382,,CAG_eGFP,449383,,CAG_eGFP,449384,,RAM_GDNF,449385,,RAM_GDNF,449386,,RAM_GDNF,449387,,CAG_GDNF,449388,,CAG_GDNF
B1_W1_D6_09092025(14).edf,Batch_1,,449381,,CAG_eGFP,449382,,CAG_eGFP,449383,,CAG_eGFP,449384,,RAM_GDNF,449385,,RAM_GDNF,449386,,RAM_GDNF,449387,,CAG_GDNF,449388,,CAG_GDNF
B1_W1_D6_09092025(10).edf,Batch_1,,449381,,CAG_eGFP,449382,,CAG_eGFP,449383,,CAG_eGFP,449384,,RAM_GDNF,449385,,RAM_GDNF,449386,,RAM_GDNF,449387,,CAG_GDNF,449388,,CAG_GDNF
B1_W1_D2_05092025(15).edf,Batch_1,,449381,,CAG_eGFP,449382,,CAG_eGFP,449383,,CAG_eGFP,449384,,RAM_GDNF,449385,,RAM_GDNF,449386,,RAM_GDNF,449387,,CAG_GDNF,449388,,CAG_GDNF
B1_W1_D2_05092025(5).edf,Batch_1,,449381,,CAG_eGFP,449382,,CAG_eGFP,449383,,CAG_eGFP,449384,,RAM_GDNF,449385,,RAM_GDNF,449386,,RAM_GDNF,449387,,CAG_GDNF,449388,,CAG_GDNF
B1_W1_D2_05092025(11).edf,Batch_1,,449381,,CAG_eGFP,449382,,CAG_eGFP,449383,,CAG_eGFP,449384,,RAM_GDNF,449385,,RAM_GDNF,449386,,RAM_GDNF,449387,,CAG_GDNF,449388,,CAG_GDNF
B1_W1_D2_05092025(14).edf,Batch_1,,449381,,CAG_eGFP,449382,,CAG_eGFP,449383,,CAG_eGFP,449384,,RAM_GDNF,449385,,RAM_GDNF,449386,,RAM_GDNF,449387,,CAG_GDNF,449388,,CAG_GDNF
B1_W1_D2_05092025(12).edf,Batch_1,,449381,,CAG_eGFP,449382,,CAG_eGFP,449383,,CAG_eGFP,449384,,RAM_GDNF,449385,,RAM_GDNF,449386,,RAM_GDNF,449387,,CAG_GDNF,449388,,CAG_GDNF
B1_W1_D2_05092025(13).edf,Batch_1,,449381,,CAG_eGFP,449382,,CAG_eGFP,449383,,CAG_eGFP,449384,,RAM_GDNF,449385,,RAM_GDNF,449386,,RAM_GDNF,449387,,CAG_GDNF,449388,,CAG_GDNF
B1_W1_D2_05092025(1).edf,Batch_1,,449381,,CAG_eGFP,449382,,CAG_eGFP,449383,,CAG_eGFP,449384,,RAM_GDNF,449385,,RAM_GDNF,449386,,RAM_GDNF,449387,,CAG_GDNF,449388,,CAG_GDNF
B1_W1_D2_05092025(3).edf,Batch_1,,449381,,CAG_eGFP,449382,,CAG_eGFP,449383,,CAG_eGFP,449384,,RAM_GDNF,449385,,RAM_GDNF,449386,,RAM_GDNF,449387,,CAG_GDNF,449388,,CAG_GDNF
B1_W1_D2_05092025(6).edf,Batch_1,,449381,,CAG_eGFP,449382,,CAG_eGFP,449383,,CAG_eGFP,449384,,RAM_GDNF,449385,,RAM_GDNF,449386,,RAM_GDNF,449387,,CAG_GDNF,449388,,CAG_GDNF
B1_W1_D2_05092025(7).edf,Batch_1,,449381,,CAG_eGFP,449382,,CAG_eGFP,449383,,CAG_eGFP,449384,,RAM_GDNF,449385,,RAM_GDNF,449386,,RAM_GDNF,449387,,CAG_GDNF,449388,,CAG_GDNF
B1_W1_D2_05092025(10).edf,Batch_1,,449381,,CAG_eGFP,449382,,CAG_eGFP,449383,,CAG_eGFP,449384,,RAM_GDNF,449385,,RAM_GDNF,449386,,RAM_GDNF,449387,,CAG_GDNF,449388,,CAG_GDNF
B1_W1_D2_05092025(4).edf,Batch_1,,449381,,CAG_eGFP,449382,,CAG_eGFP,449383,,CAG_eGFP,449384,,RAM_GDNF,449385,,RAM_GDNF,449386,,RAM_GDNF,449387,,CAG_GDNF,449388,,CAG_GDNF
B1_W1_D2_05092025(2).edf,Batch_1,,449381,,CAG_eGFP,449382,,CAG_eGFP,449383,,CAG_eGFP,449384,,RAM_GDNF,449385,,RAM_GDNF,449386,,RAM_GDNF,449387,,CAG_GDNF,449388,,CAG_GDNF
B1_W1_D2_05092025(9).edf,Batch_1,,449381,,CAG_eGFP,449382,,CAG_eGFP,449383,,CAG_eGFP,449384,,RAM_GDNF,449385,,RAM_GDNF,449386,,RAM_GDNF,449387,,CAG_GDNF,449388,,CAG_GDNF
B1_W1_D2_05092025(8).edf,Batch_1,,449381,,CAG_eGFP,449382,,CAG_eGFP,449383,,CAG_eGFP,449384,,RAM_GDNF,449385,,RAM_GDNF,449386,,RAM_GDNF,449387,,CAG_GDNF,449388,,CAG_GDNF
B1_W1_D2_05092025(16).edf,Batch_1,,449381,,CAG_eGFP,449382,,CAG_eGFP,449383,,CAG_eGFP,449384,,RAM_GDNF,449385,,RAM_GDNF,449386,,RAM_GDNF,449387,,CAG_GDNF,449388,,CAG_GDNF
B1_W1_D7_10092025(1).edf,Batch_1,,449381,,CAG_eGFP,449382,,CAG_eGFP,449383,,CAG_eGFP,449384,,RAM_GDNF,449385,,RAM_GDNF,449386,,RAM_GDNF,449387,,CAG_GDNF,449388,,CAG_GDNF
B1_W1_D7_10092025(10).edf,Batch_1,,449381,,CAG_eGFP,449382,,CAG_eGFP,449383,,CAG_eGFP,449384,,RAM_GDNF,449385,,RAM_GDNF,449386,,RAM_GDNF,449387,,CAG_GDNF,449388,,CAG_GDNF
B1_W1_D7_10092025(11).edf,Batch_1,,449381,,CAG_eGFP,449382,,CAG_eGFP,449383,,CAG_eGFP,449384,,RAM_GDNF,449385,,RAM_GDNF,449386,,RAM_GDNF,449387,,CAG_GDNF,449388,,CAG_GDNF
B1_W1_D7_10092025(9).edf,Batch_1,,449381,,CAG_eGFP,449382,,CAG_eGFP,449383,,CAG_eGFP,449384,,RAM_GDNF,449385,,RAM_GDNF,449386,,RAM_GDNF,449387,,CAG_GDNF,449388,,CAG_GDNF
B1_W1_D7_10092025(13).edf,Batch_1,,449381,,CAG_eGFP,449382,,CAG_eGFP,449383,,CAG_eGFP,449384,,RAM_GDNF,449385,,RAM_GDNF,449386,,RAM_GDNF,449387,,CAG_GDNF,449388,,CAG_GDNF
B1_W1_D7_10092025(12).edf,Batch_1,,449381,,CAG_eGFP,449382,,CAG_eGFP,449383,,CAG_eGFP,449384,,RAM_GDNF,449385,,RAM_GDNF,449386,,RAM_GDNF,449387,,CAG_GDNF,449388,,CAG_GDNF
B1_W1_D7_10092025(2).edf,Batch_1,,449381,,CAG_eGFP,449382,,CAG_eGFP,449383,,CAG_eGFP,449384,,RAM_GDNF,449385,,RAM_GDNF,449386,,RAM_GDNF,449387,,CAG_GDNF,449388,,CAG_GDNF
B1_W1_D7_10092025(6).edf,Batch_1,,449381,,CAG_eGFP,449382,,CAG_eGFP,449383,,CAG_eGFP,449384,,RAM_GDNF,449385,,RAM_GDNF,449386,,RAM_GDNF,449387,,CAG_GDNF,449388,,CAG_GDNF
B1_W1_D7_10092025(15).edf,Batch_1,,449381,,CAG_eGFP,449382,,CAG_eGFP,449383,,CAG_eGFP,449384,,RAM_GDNF,449385,,RAM_GDNF,449386,,RAM_GDNF,449387,,CAG_GDNF,449388,,CAG_GDNF
B1_W1_D7_10092025(3).edf,Batch_1,,449381,,CAG_eGFP,449382,,CAG_eGFP,449383,,CAG_eGFP,449384,,RAM_GDNF,449385,,RAM_GDNF,449386,,RAM_GDNF,449387,,CAG_GDNF,449388,,CAG_GDNF
B1_W1_D7_10092025(8).edf,Batch_1,,449381,,CAG_eGFP,449382,,CAG_eGFP,449383,,CAG_eGFP,449384,,RAM_GDNF,449385,,RAM_GDNF,449386,,RAM_GDNF,449387,,CAG_GDNF,449388,,CAG_GDNF
B1_W1_D7_10092025(7).edf,Batch_1,,449381,,CAG_eGFP,449382,,CAG_eGFP,449383,,CAG_eGFP,449384,,RAM_GDNF,449385,,RAM_GDNF,449386,,RAM_GDNF,449387,,CAG_GDNF,449388,,CAG_GDNF
B1_W1_D7_10092025(5).edf,Batch_1,,449381,,CAG_eGFP,449382,,CAG_eGFP,449383,,CAG_eGFP,449384,,RAM_GDNF,449385,,RAM_GDNF,449386,,RAM_GDNF,449387,,CAG_GDNF,449388,,CAG_GDNF
B1_W1_D7_10092025(14).edf,Batch_1,,449381,,CAG_eGFP,449382,,CAG_eGFP,449383,,CAG_eGFP,449384,,RAM_GDNF,449385,,RAM_GDNF,449386,,RAM_GDNF,449387,,CAG_GDNF,449388,,CAG_GDNF
B1_W1_D7_10092025(4).edf,Batch_1,,449381,,CAG_eGFP,449382,,CAG_eGFP,449383,,CAG_eGFP,449384,,RAM_GDNF,449385,,RAM_GDNF,449386,,RAM_GDNF,449387,,CAG_GDNF,449388,,CAG_GDNF
B1_W2_D1_11092025(16).edf,Batch_1,,449381,,CAG_eGFP,449382,,CAG_eGFP,449383,,CAG_eGFP,449384,,RAM_GDNF,449385,,RAM_GDNF,449386,,RAM_GDNF,449387,,CAG_GDNF,449388,,CAG_GDNF
B1_W2_D1_11092025(8).edf,Batch_1,,449381,,CAG_eGFP,449382,,CAG_eGFP,449383,,CAG_eGFP,449384,,RAM_GDNF,449385,,RAM_GDNF,449386,,RAM_GDNF,449387,,CAG_GDNF,449388,,CAG_GDNF
B1_W2_D1_11092025(9).edf,Batch_1,,449381,,CAG_eGFP,449382,,CAG_eGFP,449383,,CAG_eGFP,449384,,RAM_GDNF,449385,,RAM_GDNF,449386,,RAM_GDNF,449387,,CAG_GDNF,449388,,CAG_GDNF
B1_W2_D1_11092025(4).edf,Batch_1,,449381,,CAG_eGFP,449382,,CAG_eGFP,449383,,CAG_eGFP,449384,,RAM_GDNF,449385,,RAM_GDNF,449386,,RAM_GDNF,449387,,CAG_GDNF,449388,,CAG_GDNF
B1_W2_D1_11092025(6).edf,Batch_1,,449381,,CAG_eGFP,449382,,CAG_eGFP,449383,,CAG_eGFP,449384,,RAM_GDNF,449385,,RAM_GDNF,449386,,RAM_GDNF,449387,,CAG_GDNF,449388,,CAG_GDNF
B1_W2_D1_11092025(10).edf,Batch_1,,449381,,CAG_eGFP,449382,,CAG_eGFP,449383,,CAG_eGFP,449384,,RAM_GDNF,449385,,RAM_GDNF,449386,,RAM_GDNF,449387,,CAG_GDNF,449388,,CAG_GDNF
B1_W2_D1_11092025(7).edf,Batch_1,,449381,,CAG_eGFP,449382,,CAG_eGFP,449383,,CAG_eGFP,449384,,RAM_GDNF,449385,,RAM_GDNF,449386,,RAM_GDNF,449387,,CAG_GDNF,449388,,CAG_GDNF
B1_W2_D1_11092025(14).edf,Batch_1,,449381,,CAG_eGFP,449382,,CAG_eGFP,449383,,CAG_eGFP,449384,,RAM_GDNF,449385,,RAM_GDNF,449386,,RAM_GDNF,449387,,CAG_GDNF,449388,,CAG_GDNF
B1_W2_D1_11092025(5).edf,Batch_1,,449381,,CAG_eGFP,449382,,CAG_eGFP,449383,,CAG_eGFP,449384,,RAM_GDNF,449385,,RAM_GDNF,449386,,RAM_GDNF,449387,,CAG_GDNF,449388,,CAG_GDNF
B1_W2_D1_11092025(17).edf,Batch_1,,449381,,CAG_eGFP,449382,,CAG_eGFP,449383,,CAG_eGFP,449384,,RAM_GDNF,449385,,RAM_GDNF,449386,,RAM_GDNF,449387,,CAG_GDNF,449388,,CAG_GDNF
B1_W2_D1_11092025(2).edf,Batch_1,,449381,,CAG_eGFP,449382,,CAG_eGFP,449383,,CAG_eGFP,449384,,RAM_GDNF,449385,,RAM_GDNF,449386,,RAM_GDNF,449387,,CAG_GDNF,449388,,CAG_GDNF
B1_W2_D1_11092025(12).edf,Batch_1,,449381,,CAG_eGFP,449382,,CAG_eGFP,449383,,CAG_eGFP,449384,,RAM_GDNF,449385,,RAM_GDNF,449386,,RAM_GDNF,449387,,CAG_GDNF,449388,,CAG_GDNF
B1_W2_D1_11092025(3).edf,Batch_1,,449381,,CAG_eGFP,449382,,CAG_eGFP,449383,,CAG_eGFP,449384,,RAM_GDNF,449385,,RAM_GDNF,449386,,RAM_GDNF,449387,,CAG_GDNF,449388,,CAG_GDNF
B1_W2_D1_11092025(13).edf,Batch_1,,449381,,CAG_eGFP,449382,,CAG_eGFP,449383,,CAG_eGFP,449384,,RAM_GDNF,449385,,RAM_GDNF,449386,,RAM_GDNF,449387,,CAG_GDNF,449388,,CAG_GDNF
B1_W2_D1_11092025(15).edf,Batch_1,,449381,,CAG_eGFP,449382,,CAG_eGFP,449383,,CAG_eGFP,449384,,RAM_GDNF,449385,,RAM_GDNF,449386,,RAM_GDNF,449387,,CAG_GDNF,449388,,CAG_GDNF
B1_W2_D1_11092025(11).edf,Batch_1,,449381,,CAG_eGFP,449382,,CAG_eGFP,449383,,CAG_eGFP,449384,,RAM_GDNF,449385,,RAM_GDNF,449386,,RAM_GDNF,449387,,CAG_GDNF,449388,,CAG_GDNF
B1_W2_D1_11092025(1).edf,Batch_1,,449381,,CAG_eGFP,449382,,CAG_eGFP,449383,,CAG_eGFP,449384,,RAM_GDNF,449385,,RAM_GDNF,449386,,RAM_GDNF,449387,,CAG_GDNF,449388,,CAG_GDNF
B1_W2_D3_13092025(12).edf,Batch_1,,449381,,CAG_eGFP,449382,,CAG_eGFP,449383,,CAG_eGFP,449384,,RAM_GDNF,449385,,RAM_GDNF,449386,,RAM_GDNF,449387,,CAG_GDNF,449388,,CAG_GDNF
B1_W2_D3_13092025(9).edf,Batch_1,,449381,,CAG_eGFP,449382,,CAG_eGFP,449383,,CAG_eGFP,449384,,RAM_GDNF,449385,,RAM_GDNF,449386,,RAM_GDNF,449387,,CAG_GDNF,449388,,CAG_GDNF
B1_W2_D3_13092025(10).edf,Batch_1,,449381,,CAG_eGFP,449382,,CAG_eGFP,449383,,CAG_eGFP,449384,,RAM_GDNF,449385,,RAM_GDNF,449386,,RAM_GDNF,449387,,CAG_GDNF,449388,,CAG_GDNF
B1_W2_D3_13092025(2).edf,Batch_1,,449381,,CAG_eGFP,449382,,CAG_eGFP,449383,,CAG_eGFP,449384,,RAM_GDNF,449385,,RAM_GDNF,449386,,RAM_GDNF,449387,,CAG_GDNF,449388,,CAG_GDNF
B1_W2_D3_13092025(14).edf,Batch_1,,449381,,CAG_eGFP,449382,,CAG_eGFP,449383,,CAG_eGFP,449384,,RAM_GDNF,449385,,RAM_GDNF,449386,,RAM_GDNF,449387,,CAG_GDNF,449388,,CAG_GDNF
B1_W2_D3_13092025(4).edf,Batch_1,,449381,,CAG_eGFP,449382,,CAG_eGFP,449383,,CAG_eGFP,449384,,RAM_GDNF,449385,,RAM_GDNF,449386,,RAM_GDNF,449387,,CAG_GDNF,449388,,CAG_GDNF
B1_W2_D3_13092025(6).edf,Batch_1,,449381,,CAG_eGFP,449382,,CAG_eGFP,449383,,CAG_eGFP,449384,,RAM_GDNF,449385,,RAM_GDNF,449386,,RAM_GDNF,449387,,CAG_GDNF,449388,,CAG_GDNF
B1_W2_D3_13092025(11).edf,Batch_1,,449381,,CAG_eGFP,449382,,CAG_eGFP,449383,,CAG_eGFP,449384,,RAM_GDNF,449385,,RAM_GDNF,449386,,RAM_GDNF,449387,,CAG_GDNF,449388,,CAG_GDNF
B1_W2_D3_13092025(13).edf,Batch_1,,449381,,CAG_eGFP,449382,,CAG_eGFP,449383,,CAG_eGFP,449384,,RAM_GDNF,449385,,RAM_GDNF,449386,,RAM_GDNF,449387,,CAG_GDNF,449388,,CAG_GDNF
B1_W2_D3_13092025(7).edf,Batch_1,,449381,,CAG_eGFP,449382,,CAG_eGFP,449383,,CAG_eGFP,449384,,RAM_GDNF,449385,,RAM_GDNF,449386,,RAM_GDNF,449387,,CAG_GDNF,449388,,CAG_GDNF
B1_W2_D3_13092025(5).edf,Batch_1,,449381,,CAG_eGFP,449382,,CAG_eGFP,449383,,CAG_eGFP,449384,,RAM_GDNF,449385,,RAM_GDNF,449386,,RAM_GDNF,449387,,CAG_GDNF,449388,,CAG_GDNF
B1_W2_D3_13092025(3).edf,Batch_1,,449381,,CAG_eGFP,449382,,CAG_eGFP,449383,,CAG_eGFP,449384,,RAM_GDNF,449385,,RAM_GDNF,449386,,RAM_GDNF,449387,,CAG_GDNF,449388,,CAG_GDNF
B1_W2_D3_13092025(8).edf,Batch_1,,449381,,CAG_eGFP,449382,,CAG_eGFP,449383,,CAG_eGFP,449384,,RAM_GDNF,449385,,RAM_GDNF,449386,,RAM_GDNF,449387,,CAG_GDNF,449388,,CAG_GDNF
B1_W2_D3_13092025(1).edf,Batch_1,,449381,,CAG_eGFP,449382,,CAG_eGFP,449383,,CAG_eGFP,449384,,RAM_GDNF,449385,,RAM_GDNF,449386,,RAM_GDNF,449387,,CAG_GDNF,449388,,CAG_GDNF
B1_W2_D3_13092025(15).edf,Batch_1,,449381,,CAG_eGFP,449382,,CAG_eGFP,449383,,CAG_eGFP,449384,,RAM_GDNF,449385,,RAM_GDNF,449386,,RAM_GDNF,449387,,CAG_GDNF,449388,,CAG_GDNF
B1_W2_D3_13092025(16).edf,Batch_1,,449381,,CAG_eGFP,449382,,CAG_eGFP,449383,,CAG_eGFP,449384,,RAM_GDNF,449385,,RAM_GDNF,449386,,RAM_GDNF,449387,,CAG_GDNF,449388,,CAG_GDNF
B1_W2_D5_15092025(7).edf,Batch_1,,449381,,CAG_eGFP,449382,,CAG_eGFP,449383,,CAG_eGFP,449384,,RAM_GDNF,449385,,RAM_GDNF,449386,,RAM_GDNF,449387,,CAG_GDNF,449388,,CAG_GDNF
B1_W2_D5_15092025(4).edf,Batch_1,,449381,,CAG_eGFP,449382,,CAG_eGFP,449383,,CAG_eGFP,449384,,RAM_GDNF,449385,,RAM_GDNF,449386,,RAM_GDNF,449387,,CAG_GDNF,449388,,CAG_GDNF
B1_W2_D5_15092025(13).edf,Batch_1,,449381,,CAG_eGFP,449382,,CAG_eGFP,449383,,CAG_eGFP,449384,,RAM_GDNF,449385,,RAM_GDNF,449386,,RAM_GDNF,449387,,CAG_GDNF,449388,,CAG_GDNF
B1_W2_D5_15092025(8).edf,Batch_1,,449381,,CAG_eGFP,449382,,CAG_eGFP,449383,,CAG_eGFP,449384,,RAM_GDNF,449385,,RAM_GDNF,449386,,RAM_GDNF,449387,,CAG_GDNF,449388,,CAG_GDNF
B1_W2_D5_15092025(14).edf,Batch_1,,449381,,CAG_eGFP,449382,,CAG_eGFP,449383,,CAG_eGFP,449384,,RAM_GDNF,449385,,RAM_GDNF,449386,,RAM_GDNF,449387,,CAG_GDNF,449388,,CAG_GDNF
B1_W2_D5_15092025(16).edf,Batch_1,,449381,,CAG_eGFP,449382,,CAG_eGFP,449383,,CAG_eGFP,449384,,RAM_GDNF,449385,,RAM_GDNF,449386,,RAM_GDNF,449387,,CAG_GDNF,449388,,CAG_GDNF
B1_W2_D5_15092025(1).edf,Batch_1,,449381,,CAG_eGFP,449382,,CAG_eGFP,449383,,CAG_eGFP,449384,,RAM_GDNF,449385,,RAM_GDNF,449386,,RAM_GDNF,449387,,CAG_GDNF,449388,,CAG_GDNF
B1_W2_D5_15092025(6).edf,Batch_1,,449381,,CAG_eGFP,449382,,CAG_eGFP,449383,,CAG_eGFP,449384,,RAM_GDNF,449385,,RAM_GDNF,449386,,RAM_GDNF,449387,,CAG_GDNF,449388,,CAG_GDNF
B1_W2_D5_15092025(15).edf,Batch_1,,449381,,CAG_eGFP,449382,,CAG_eGFP,449383,,CAG_eGFP,449384,,RAM_GDNF,449385,,RAM_GDNF,449386,,RAM_GDNF,449387,,CAG_GDNF,449388,,CAG_GDNF
B1_W2_D5_15092025(2).edf,Batch_1,,449381,,CAG_eGFP,449382,,CAG_eGFP,449383,,CAG_eGFP,449384,,RAM_GDNF,449385,,RAM_GDNF,449386,,RAM_GDNF,449387,,CAG_GDNF,449388,,CAG_GDNF
B1_W2_D5_15092025(12).edf,Batch_1,,449381,,CAG_eGFP,449382,,CAG_eGFP,449383,,CAG_eGFP,449384,,RAM_GDNF,449385,,RAM_GDNF,449386,,RAM_GDNF,449387,,CAG_GDNF,449388,,CAG_GDNF
B1_W2_D5_15092025(10).edf,Batch_1,,449381,,CAG_eGFP,449382,,CAG_eGFP,449383,,CAG_eGFP,449384,,RAM_GDNF,449385,,RAM_GDNF,449386,,RAM_GDNF,449387,,CAG_GDNF,449388,,CAG_GDNF
B1_W2_D5_15092025(5).edf,Batch_1,,449381,,CAG_eGFP,449382,,CAG_eGFP,449383,,CAG_eGFP,449384,,RAM_GDNF,449385,,RAM_GDNF,449386,,RAM_GDNF,449387,,CAG_GDNF,449388,,CAG_GDNF
B1_W2_D5_15092025(11).edf,Batch_1,,449381,,CAG_eGFP,449382,,CAG_eGFP,449383,,CAG_eGFP,449384,,RAM_GDNF,449385,,RAM_GDNF,449386,,RAM_GDNF,449387,,CAG_GDNF,449388,,CAG_GDNF
B1_W2_D5_15092025(3).edf,Batch_1,,449381,,CAG_eGFP,449382,,CAG_eGFP,449383,,CAG_eGFP,449384,,RAM_GDNF,449385,,RAM_GDNF,449386,,RAM_GDNF,449387,,CAG_GDNF,449388,,CAG_GDNF
B1_W2_D5_15092025(9).edf,Batch_1,,449381,,CAG_eGFP,449382,,CAG_eGFP,449383,,CAG_eGFP,449384,,RAM_GDNF,449385,,RAM_GDNF,449386,,RAM_GDNF,449387,,CAG_GDNF,449388,,CAG_GDNF
B1_W2_D7_17092025(6).edf,Batch_1,,449381,,CAG_eGFP,449382,,CAG_eGFP,449383,,CAG_eGFP,449384,,RAM_GDNF,449385,,RAM_GDNF,449386,,RAM_GDNF,449387,,CAG_GDNF,449388,,CAG_GDNF
B1_W2_D7_17092025(15).edf,Batch_1,,449381,,CAG_eGFP,449382,,CAG_eGFP,449383,,CAG_eGFP,449384,,RAM_GDNF,449385,,RAM_GDNF,449386,,RAM_GDNF,449387,,CAG_GDNF,449388,,CAG_GDNF
B1_W2_D7_17092025(11).edf,Batch_1,,449381,,CAG_eGFP,449382,,CAG_eGFP,449383,,CAG_eGFP,449384,,RAM_GDNF,449385,,RAM_GDNF,449386,,RAM_GDNF,449387,,CAG_GDNF,449388,,CAG_GDNF
B1_W2_D7_17092025(14).edf,Batch_1,,449381,,CAG_eGFP,449382,,CAG_eGFP,449383,,CAG_eGFP,449384,,RAM_GDNF,449385,,RAM_GDNF,449386,,RAM_GDNF,449387,,CAG_GDNF,449388,,CAG_GDNF
B1_W2_D7_17092025(10).edf,Batch_1,,449381,,CAG_eGFP,449382,,CAG_eGFP,449383,,CAG_eGFP,449384,,RAM_GDNF,449385,,RAM_GDNF,449386,,RAM_GDNF,449387,,CAG_GDNF,449388,,CAG_GDNF
B1_W2_D7_17092025(1).edf,Batch_1,,449381,,CAG_eGFP,449382,,CAG_eGFP,449383,,CAG_eGFP,449384,,RAM_GDNF,449385,,RAM_GDNF,449386,,RAM_GDNF,449387,,CAG_GDNF,449388,,CAG_GDNF
B1_W2_D7_17092025(8).edf,Batch_1,,449381,,CAG_eGFP,449382,,CAG_eGFP,449383,,CAG_eGFP,449384,,RAM_GDNF,449385,,RAM_GDNF,449386,,RAM_GDNF,449387,,CAG_GDNF,449388,,CAG_GDNF
B1_W2_D7_17092025(7).edf,Batch_1,,449381,,CAG_eGFP,449382,,CAG_eGFP,449383,,CAG_eGFP,449384,,RAM_GDNF,449385,,RAM_GDNF,449386,,RAM_GDNF,449387,,CAG_GDNF,449388,,CAG_GDNF
B1_W2_D7_17092025(4).edf,Batch_1,,449381,,CAG_eGFP,449382,,CAG_eGFP,449383,,CAG_eGFP,449384,,RAM_GDNF,449385,,RAM_GDNF,449386,,RAM_GDNF,449387,,CAG_GDNF,449388,,CAG_GDNF
B1_W2_D7_17092025(2).edf,Batch_1,,449381,,CAG_eGFP,449382,,CAG_eGFP,449383,,CAG_eGFP,449384,,RAM_GDNF,449385,,RAM_GDNF,449386,,RAM_GDNF,449387,,CAG_GDNF,449388,,CAG_GDNF
B1_W2_D7_17092025(16).edf,Batch_1,,449381,,CAG_eGFP,449382,,CAG_eGFP,449383,,CAG_eGFP,449384,,RAM_GDNF,449385,,RAM_GDNF,449386,,RAM_GDNF,449387,,CAG_GDNF,449388,,CAG_GDNF
B1_W2_D7_17092025(13).edf,Batch_1,,449381,,CAG_eGFP,449382,,CAG_eGFP,449383,,CAG_eGFP,449384,,RAM_GDNF,449385,,RAM_GDNF,449386,,RAM_GDNF,449387,,CAG_GDNF,449388,,CAG_GDNF
B1_W2_D7_17092025(9).edf,Batch_1,,449381,,CAG_eGFP,449382,,CAG_eGFP,449383,,CAG_eGFP,449384,,RAM_GDNF,449385,,RAM_GDNF,449386,,RAM_GDNF,449387,,CAG_GDNF,449388,,CAG_GDNF
B1_W2_D7_17092025(3).edf,Batch_1,,449381,,CAG_eGFP,449382,,CAG_eGFP,449383,,CAG_eGFP,449384,,RAM_GDNF,449385,,RAM_GDNF,449386,,RAM_GDNF,449387,,CAG_GDNF,449388,,CAG_GDNF
B1_W2_D7_17092025(5).edf,Batch_1,,449381,,CAG_eGFP,449382,,CAG_eGFP,449383,,CAG_eGFP,449384,,RAM_GDNF,449385,,RAM_GDNF,449386,,RAM_GDNF,449387,,CAG_GDNF,449388,,CAG_GDNF
B1_W2_D7_17092025(12).edf,Batch_1,,449381,,CAG_eGFP,449382,,CAG_eGFP,449383,,CAG_eGFP,449384,,RAM_GDNF,449385,,RAM_GDNF,449386,,RAM_GDNF,449387,,CAG_GDNF,449388,,CAG_GDNF
B1_W2_D2_12092025(4).edf,Batch_1,,449381,,CAG_eGFP,449382,,CAG_eGFP,449383,,CAG_eGFP,449384,,RAM_GDNF,449385,,RAM_GDNF,449386,,RAM_GDNF,449387,,CAG_GDNF,449388,,CAG_GDNF
B1_W2_D2_12092025(5).edf,Batch_1,,449381,,CAG_eGFP,449382,,CAG_eGFP,449383,,CAG_eGFP,449384,,RAM_GDNF,449385,,RAM_GDNF,449386,,RAM_GDNF,449387,,CAG_GDNF,449388,,CAG_GDNF
B1_W2_D2_12092025(7).edf,Batch_1,,449381,,CAG_eGFP,449382,,CAG_eGFP,449383,,CAG_eGFP,449384,,RAM_GDNF,449385,,RAM_GDNF,449386,,RAM_GDNF,449387,,CAG_GDNF,449388,,CAG_GDNF
B1_W2_D2_12092025(15).edf,Batch_1,,449381,,CAG_eGFP,449382,,CAG_eGFP,449383,,CAG_eGFP,449384,,RAM_GDNF,449385,,RAM_GDNF,449386,,RAM_GDNF,449387,,CAG_GDNF,449388,,CAG_GDNF
B1_W2_D2_12092025(6).edf,Batch_1,,449381,,CAG_eGFP,449382,,CAG_eGFP,449383,,CAG_eGFP,449384,,RAM_GDNF,449385,,RAM_GDNF,449386,,RAM_GDNF,449387,,CAG_GDNF,449388,,CAG_GDNF
B1_W2_D2_12092025(13).edf,Batch_1,,449381,,CAG_eGFP,449382,,CAG_eGFP,449383,,CAG_eGFP,449384,,RAM_GDNF,449385,,RAM_GDNF,449386,,RAM_GDNF,449387,,CAG_GDNF,449388,,CAG_GDNF
B1_W2_D2_12092025(17).edf,Batch_1,,449381,,CAG_eGFP,449382,,CAG_eGFP,449383,,CAG_eGFP,449384,,RAM_GDNF,449385,,RAM_GDNF,449386,,RAM_GDNF,449387,,CAG_GDNF,449388,,CAG_GDNF
B1_W2_D2_12092025(3).edf,Batch_1,,449381,,CAG_eGFP,449382,,CAG_eGFP,449383,,CAG_eGFP,449384,,RAM_GDNF,449385,,RAM_GDNF,449386,,RAM_GDNF,449387,,CAG_GDNF,449388,,CAG_GDNF
B1_W2_D2_12092025(16).edf,Batch_1,,449381,,CAG_eGFP,449382,,CAG_eGFP,449383,,CAG_eGFP,449384,,RAM_GDNF,449385,,RAM_GDNF,449386,,RAM_GDNF,449387,,CAG_GDNF,449388,,CAG_GDNF
B1_W2_D2_12092025(8).edf,Batch_1,,449381,,CAG_eGFP,449382,,CAG_eGFP,449383,,CAG_eGFP,449384,,RAM_GDNF,449385,,RAM_GDNF,449386,,RAM_GDNF,449387,,CAG_GDNF,449388,,CAG_GDNF
B1_W2_D2_12092025(12).edf,Batch_1,,449381,,CAG_eGFP,449382,,CAG_eGFP,449383,,CAG_eGFP,449384,,RAM_GDNF,449385,,RAM_GDNF,449386,,RAM_GDNF,449387,,CAG_GDNF,449388,,CAG_GDNF
B1_W2_D2_12092025(2).edf,Batch_1,,449381,,CAG_eGFP,449382,,CAG_eGFP,449383,,CAG_eGFP,449384,,RAM_GDNF,449385,,RAM_GDNF,449386,,RAM_GDNF,449387,,CAG_GDNF,449388,,CAG_GDNF
B1_W2_D2_12092025(10).edf,Batch_1,,449381,,CAG_eGFP,449382,,CAG_eGFP,449383,,CAG_eGFP,449384,,RAM_GDNF,449385,,RAM_GDNF,449386,,RAM_GDNF,449387,,CAG_GDNF,449388,,CAG_GDNF
B1_W2_D2_12092025(1).edf,Batch_1,,449381,,CAG_eGFP,449382,,CAG_eGFP,449383,,CAG_eGFP,449384,,RAM_GDNF,449385,,RAM_GDNF,449386,,RAM_GDNF,449387,,CAG_GDNF,449388,,CAG_GDNF
B1_W2_D2_12092025(14).edf,Batch_1,,449381,,CAG_eGFP,449382,,CAG_eGFP,449383,,CAG_eGFP,449384,,RAM_GDNF,449385,,RAM_GDNF,449386,,RAM_GDNF,449387,,CAG_GDNF,449388,,CAG_GDNF
B1_W2_D2_12092025(9).edf,Batch_1,,449381,,CAG_eGFP,449382,,CAG_eGFP,449383,,CAG_eGFP,449384,,RAM_GDNF,449385,,RAM_GDNF,449386,,RAM_GDNF,449387,,CAG_GDNF,449388,,CAG_GDNF
B1_W2_D2_12092025(11).edf,Batch_1,,449381,,CAG_eGFP,449382,,CAG_eGFP,449383,,CAG_eGFP,449384,,RAM_GDNF,449385,,RAM_GDNF,449386,,RAM_GDNF,449387,,CAG_GDNF,449388,,CAG_GDNF
B1_W2_D4_14092025(7).edf,Batch_1,,449381,,CAG_eGFP,449382,,CAG_eGFP,449383,,CAG_eGFP,449384,,RAM_GDNF,449385,,RAM_GDNF,449386,,RAM_GDNF,449387,,CAG_GDNF,449388,,CAG_GDNF
B1_W2_D4_14092025(15).edf,Batch_1,,449381,,CAG_eGFP,449382,,CAG_eGFP,449383,,CAG_eGFP,449384,,RAM_GDNF,449385,,RAM_GDNF,449386,,RAM_GDNF,449387,,CAG_GDNF,449388,,CAG_GDNF
B1_W2_D4_14092025(10).edf,Batch_1,,449381,,CAG_eGFP,449382,,CAG_eGFP,449383,,CAG_eGFP,449384,,RAM_GDNF,449385,,RAM_GDNF,449386,,RAM_GDNF,449387,,CAG_GDNF,449388,,CAG_GDNF
B1_W2_D4_14092025(13).edf,Batch_1,,449381,,CAG_eGFP,449382,,CAG_eGFP,449383,,CAG_eGFP,449384,,RAM_GDNF,449385,,RAM_GDNF,449386,,RAM_GDNF,449387,,CAG_GDNF,449388,,CAG_GDNF
B1_W2_D4_14092025(1).edf,Batch_1,,449381,,CAG_eGFP,449382,,CAG_eGFP,449383,,CAG_eGFP,449384,,RAM_GDNF,449385,,RAM_GDNF,449386,,RAM_GDNF,449387,,CAG_GDNF,449388,,CAG_GDNF
B1_W2_D4_14092025(9).edf,Batch_1,,449381,,CAG_eGFP,449382,,CAG_eGFP,449383,,CAG_eGFP,449384,,RAM_GDNF,449385,,RAM_GDNF,449386,,RAM_GDNF,449387,,CAG_GDNF,449388,,CAG_GDNF
B1_W2_D4_14092025(12).edf,Batch_1,,449381,,CAG_eGFP,449382,,CAG_eGFP,449383,,CAG_eGFP,449384,,RAM_GDNF,449385,,RAM_GDNF,449386,,RAM_GDNF,449387,,CAG_GDNF,449388,,CAG_GDNF
B1_W2_D4_14092025(16).edf,Batch_1,,449381,,CAG_eGFP,449382,,CAG_eGFP,449383,,CAG_eGFP,449384,,RAM_GDNF,449385,,RAM_GDNF,449386,,RAM_GDNF,449387,,CAG_GDNF,449388,,CAG_GDNF
B1_W2_D4_14092025(5).edf,Batch_1,,449381,,CAG_eGFP,449382,,CAG_eGFP,449383,,CAG_eGFP,449384,,RAM_GDNF,449385,,RAM_GDNF,449386,,RAM_GDNF,449387,,CAG_GDNF,449388,,CAG_GDNF
B1_W2_D4_14092025(3).edf,Batch_1,,449381,,CAG_eGFP,449382,,CAG_eGFP,449383,,CAG_eGFP,449384,,RAM_GDNF,449385,,RAM_GDNF,449386,,RAM_GDNF,449387,,CAG_GDNF,449388,,CAG_GDNF
B1_W2_D4_14092025(4).edf,Batch_1,,449381,,CAG_eGFP,449382,,CAG_eGFP,449383,,CAG_eGFP,449384,,RAM_GDNF,449385,,RAM_GDNF,449386,,RAM_GDNF,449387,,CAG_GDNF,449388,,CAG_GDNF
B1_W2_D4_14092025(11).edf,Batch_1,,449381,,CAG_eGFP,449382,,CAG_eGFP,449383,,CAG_eGFP,449384,,RAM_GDNF,449385,,RAM_GDNF,449386,,RAM_GDNF,449387,,CAG_GDNF,449388,,CAG_GDNF
B1_W2_D4_14092025(8).edf,Batch_1,,449381,,CAG_eGFP,449382,,CAG_eGFP,449383,,CAG_eGFP,449384,,RAM_GDNF,449385,,RAM_GDNF,449386,,RAM_GDNF,449387,,CAG_GDNF,449388,,CAG_GDNF
B1_W2_D4_14092025(14).edf,Batch_1,,449381,,CAG_eGFP,449382,,CAG_eGFP,449383,,CAG_eGFP,449384,,RAM_GDNF,449385,,RAM_GDNF,449386,,RAM_GDNF,449387,,CAG_GDNF,449388,,CAG_GDNF
B1_W2_D4_14092025(2).edf,Batch_1,,449381,,CAG_eGFP,449382,,CAG_eGFP,449383,,CAG_eGFP,449384,,RAM_GDNF,449385,,RAM_GDNF,449386,,RAM_GDNF,449387,,CAG_GDNF,449388,,CAG_GDNF
B1_W2_D4_14092025(6).edf,Batch_1,,449381,,CAG_eGFP,449382,,CAG_eGFP,449383,,CAG_eGFP,449384,,RAM_GDNF,449385,,RAM_GDNF,449386,,RAM_GDNF,449387,,CAG_GDNF,449388,,CAG_GDNF
B1_W2_D6_16092025(14).edf,Batch_1,,449381,,CAG_eGFP,449382,,CAG_eGFP,449383,,CAG_eGFP,449384,,RAM_GDNF,449385,,RAM_GDNF,449386,,RAM_GDNF,449387,,CAG_GDNF,449388,,CAG_GDNF
B1_W2_D6_16092025(10).edf,Batch_1,,449381,,CAG_eGFP,449382,,CAG_eGFP,449383,,CAG_eGFP,449384,,RAM_GDNF,449385,,RAM_GDNF,449386,,RAM_GDNF,449387,,CAG_GDNF,449388,,CAG_GDNF
B1_W2_D6_16092025(12).edf,Batch_1,,449381,,CAG_eGFP,449382,,CAG_eGFP,449383,,CAG_eGFP,449384,,RAM_GDNF,449385,,RAM_GDNF,449386,,RAM_GDNF,449387,,CAG_GDNF,449388,,CAG_GDNF
B1_W2_D6_16092025(9).edf,Batch_1,,449381,,CAG_eGFP,449382,,CAG_eGFP,449383,,CAG_eGFP,449384,,RAM_GDNF,449385,,RAM_GDNF,449386,,RAM_GDNF,449387,,CAG_GDNF,449388,,CAG_GDNF
B1_W2_D6_16092025(4).edf,Batch_1,,449381,,CAG_eGFP,449382,,CAG_eGFP,449383,,CAG_eGFP,449384,,RAM_GDNF,449385,,RAM_GDNF,449386,,RAM_GDNF,449387,,CAG_GDNF,449388,,CAG_GDNF
B1_W2_D6_16092025(16).edf,Batch_1,,449381,,CAG_eGFP,449382,,CAG_eGFP,449383,,CAG_eGFP,449384,,RAM_GDNF,449385,,RAM_GDNF,449386,,RAM_GDNF,449387,,CAG_GDNF,449388,,CAG_GDNF
B1_W2_D6_16092025(1).edf,Batch_1,,449381,,CAG_eGFP,449382,,CAG_eGFP,449383,,CAG_eGFP,449384,,RAM_GDNF,449385,,RAM_GDNF,449386,,RAM_GDNF,449387,,CAG_GDNF,449388,,CAG_GDNF
B1_W2_D6_16092025(5).edf,Batch_1,,449381,,CAG_eGFP,449382,,CAG_eGFP,449383,,CAG_eGFP,449384,,RAM_GDNF,449385,,RAM_GDNF,449386,,RAM_GDNF,449387,,CAG_GDNF,449388,,CAG_GDNF
B1_W2_D6_16092025(2).edf,Batch_1,,449381,,CAG_eGFP,449382,,CAG_eGFP,449383,,CAG_eGFP,449384,,RAM_GDNF,449385,,RAM_GDNF,449386,,RAM_GDNF,449387,,CAG_GDNF,449388,,CAG_GDNF
B1_W2_D6_16092025(7).edf,Batch_1,,449381,,CAG_eGFP,449382,,CAG_eGFP,449383,,CAG_eGFP,449384,,RAM_GDNF,449385,,RAM_GDNF,449386,,RAM_GDNF,449387,,CAG_GDNF,449388,,CAG_GDNF
B1_W2_D6_16092025(6).edf,Batch_1,,449381,,CAG_eGFP,449382,,CAG_eGFP,449383,,CAG_eGFP,449384,,RAM_GDNF,449385,,RAM_GDNF,449386,,RAM_GDNF,449387,,CAG_GDNF,449388,,CAG_GDNF
B1_W2_D6_16092025(8).edf,Batch_1,,449381,,CAG_eGFP,449382,,CAG_eGFP,449383,,CAG_eGFP,449384,,RAM_GDNF,449385,,RAM_GDNF,449386,,RAM_GDNF,449387,,CAG_GDNF,449388,,CAG_GDNF
B1_W2_D6_16092025(3).edf,Batch_1,,449381,,CAG_eGFP,449382,,CAG_eGFP,449383,,CAG_eGFP,449384,,RAM_GDNF,449385,,RAM_GDNF,449386,,RAM_GDNF,449387,,CAG_GDNF,449388,,CAG_GDNF
B1_W2_D6_16092025(13).edf,Batch_1,,449381,,CAG_eGFP,449382,,CAG_eGFP,449383,,CAG_eGFP,449384,,RAM_GDNF,449385,,RAM_GDNF,449386,,RAM_GDNF,449387,,CAG_GDNF,449388,,CAG_GDNF
B1_W2_D6_16092025(15).edf,Batch_1,,449381,,CAG_eGFP,449382,,CAG_eGFP,449383,,CAG_eGFP,449384,,RAM_GDNF,449385,,RAM_GDNF,449386,,RAM_GDNF,449387,,CAG_GDNF,449388,,CAG_GDNF
B1_W2_D6_16092025(11).edf,Batch_1,,449381,,CAG_eGFP,449382,,CAG_eGFP,449383,,CAG_eGFP,449384,,RAM_GDNF,449385,,RAM_GDNF,449386,,RAM_GDNF,449387,,CAG_GDNF,449388,,CAG_GDNF
B1_W3_D3_20092025(7).edf,Batch_1,,449381,,CAG_eGFP,449382,,CAG_eGFP,449383,,CAG_eGFP,449384,,RAM_GDNF,449385,,RAM_GDNF,449386,,RAM_GDNF,449387,,CAG_GDNF,449388,,CAG_GDNF
B1_W3_D3_20092025(5).edf,Batch_1,,449381,,CAG_eGFP,449382,,CAG_eGFP,449383,,CAG_eGFP,449384,,RAM_GDNF,449385,,RAM_GDNF,449386,,RAM_GDNF,449387,,CAG_GDNF,449388,,CAG_GDNF
B1_W3_D3_20092025(10).edf,Batch_1,,449381,,CAG_eGFP,449382,,CAG_eGFP,449383,,CAG_eGFP,449384,,RAM_GDNF,449385,,RAM_GDNF,449386,,RAM_GDNF,449387,,CAG_GDNF,449388,,CAG_GDNF
B1_W3_D3_20092025(1).edf,Batch_1,,449381,,CAG_eGFP,449382,,CAG_eGFP,449383,,CAG_eGFP,449384,,RAM_GDNF,449385,,RAM_GDNF,449386,,RAM_GDNF,449387,,CAG_GDNF,449388,,CAG_GDNF
B1_W3_D3_20092025(4).edf,Batch_1,,449381,,CAG_eGFP,449382,,CAG_eGFP,449383,,CAG_eGFP,449384,,RAM_GDNF,449385,,RAM_GDNF,449386,,RAM_GDNF,449387,,CAG_GDNF,449388,,CAG_GDNF
B1_W3_D3_20092025(12).edf,Batch_1,,449381,,CAG_eGFP,449382,,CAG_eGFP,449383,,CAG_eGFP,449384,,RAM_GDNF,449385,,RAM_GDNF,449386,,RAM_GDNF,449387,,CAG_GDNF,449388,,CAG_GDNF
B1_W3_D3_20092025(2).edf,Batch_1,,449381,,CAG_eGFP,449382,,CAG_eGFP,449383,,CAG_eGFP,449384,,RAM_GDNF,449385,,RAM_GDNF,449386,,RAM_GDNF,449387,,CAG_GDNF,449388,,CAG_GDNF
B1_W3_D3_20092025(9).edf,Batch_1,,449381,,CAG_eGFP,449382,,CAG_eGFP,449383,,CAG_eGFP,449384,,RAM_GDNF,449385,,RAM_GDNF,449386,,RAM_GDNF,449387,,CAG_GDNF,449388,,CAG_GDNF
B1_W3_D3_20092025(8).edf,Batch_1,,449381,,CAG_eGFP,449382,,CAG_eGFP,449383,,CAG_eGFP,449384,,RAM_GDNF,449385,,RAM_GDNF,449386,,RAM_GDNF,449387,,CAG_GDNF,449388,,CAG_GDNF
B1_W3_D3_20092025(14).edf,Batch_1,,449381,,CAG_eGFP,449382,,CAG_eGFP,449383,,CAG_eGFP,449384,,RAM_GDNF,449385,,RAM_GDNF,449386,,RAM_GDNF,449387,,CAG_GDNF,449388,,CAG_GDNF
B1_W3_D3_20092025(16).edf,Batch_1,,449381,,CAG_eGFP,449382,,CAG_eGFP,449383,,CAG_eGFP,449384,,RAM_GDNF,449385,,RAM_GDNF,449386,,RAM_GDNF,449387,,CAG_GDNF,449388,,CAG_GDNF
B1_W3_D3_20092025(11).edf,Batch_1,,449381,,CAG_eGFP,449382,,CAG_eGFP,449383,,CAG_eGFP,449384,,RAM_GDNF,449385,,RAM_GDNF,449386,,RAM_GDNF,449387,,CAG_GDNF,449388,,CAG_GDNF
B1_W3_D3_20092025(13).edf,Batch_1,,449381,,CAG_eGFP,449382,,CAG_eGFP,449383,,CAG_eGFP,449384,,RAM_GDNF,449385,,RAM_GDNF,449386,,RAM_GDNF,449387,,CAG_GDNF,449388,,CAG_GDNF
B1_W3_D3_20092025(3).edf,Batch_1,,449381,,CAG_eGFP,449382,,CAG_eGFP,449383,,CAG_eGFP,449384,,RAM_GDNF,449385,,RAM_GDNF,449386,,RAM_GDNF,449387,,CAG_GDNF,449388,,CAG_GDNF
B1_W3_D3_20092025(15).edf,Batch_1,,449381,,CAG_eGFP,449382,,CAG_eGFP,449383,,CAG_eGFP,449384,,RAM_GDNF,449385,,RAM_GDNF,449386,,RAM_GDNF,449387,,CAG_GDNF,449388,,CAG_GDNF
B1_W3_D3_20092025(6).edf,Batch_1,,449381,,CAG_eGFP,449382,,CAG_eGFP,449383,,CAG_eGFP,449384,,RAM_GDNF,449385,,RAM_GDNF,449386,,RAM_GDNF,449387,,CAG_GDNF,449388,,CAG_GDNF
B1_W3_D2_19092025(15).edf,Batch_1,,449381,,CAG_eGFP,449382,,CAG_eGFP,449383,,CAG_eGFP,449384,,RAM_GDNF,449385,,RAM_GDNF,449386,,RAM_GDNF,449387,,CAG_GDNF,449388,,CAG_GDNF
B1_W3_D2_19092025(10).edf,Batch_1,,449381,,CAG_eGFP,449382,,CAG_eGFP,449383,,CAG_eGFP,449384,,RAM_GDNF,449385,,RAM_GDNF,449386,,RAM_GDNF,449387,,CAG_GDNF,449388,,CAG_GDNF
B1_W3_D2_19092025(4).edf,Batch_1,,449381,,CAG_eGFP,449382,,CAG_eGFP,449383,,CAG_eGFP,449384,,RAM_GDNF,449385,,RAM_GDNF,449386,,RAM_GDNF,449387,,CAG_GDNF,449388,,CAG_GDNF
B1_W3_D2_19092025(3).edf,Batch_1,,449381,,CAG_eGFP,449382,,CAG_eGFP,449383,,CAG_eGFP,449384,,RAM_GDNF,449385,,RAM_GDNF,449386,,RAM_GDNF,449387,,CAG_GDNF,449388,,CAG_GDNF
B1_W3_D2_19092025(14).edf,Batch_1,,449381,,CAG_eGFP,449382,,CAG_eGFP,449383,,CAG_eGFP,449384,,RAM_GDNF,449385,,RAM_GDNF,449386,,RAM_GDNF,449387,,CAG_GDNF,449388,,CAG_GDNF
B1_W3_D2_19092025(12).edf,Batch_1,,449381,,CAG_eGFP,449382,,CAG_eGFP,449383,,CAG_eGFP,449384,,RAM_GDNF,449385,,RAM_GDNF,449386,,RAM_GDNF,449387,,CAG_GDNF,449388,,CAG_GDNF
B1_W3_D2_19092025(9).edf,Batch_1,,449381,,CAG_eGFP,449382,,CAG_eGFP,449383,,CAG_eGFP,449384,,RAM_GDNF,449385,,RAM_GDNF,449386,,RAM_GDNF,449387,,CAG_GDNF,449388,,CAG_GDNF
B1_W3_D2_19092025(11).edf,Batch_1,,449381,,CAG_eGFP,449382,,CAG_eGFP,449383,,CAG_eGFP,449384,,RAM_GDNF,449385,,RAM_GDNF,449386,,RAM_GDNF,449387,,CAG_GDNF,449388,,CAG_GDNF
B1_W3_D2_19092025(5).edf,Batch_1,,449381,,CAG_eGFP,449382,,CAG_eGFP,449383,,CAG_eGFP,449384,,RAM_GDNF,449385,,RAM_GDNF,449386,,RAM_GDNF,449387,,CAG_GDNF,449388,,CAG_GDNF
B1_W3_D2_19092025(2).edf,Batch_1,,449381,,CAG_eGFP,449382,,CAG_eGFP,449383,,CAG_eGFP,449384,,RAM_GDNF,449385,,RAM_GDNF,449386,,RAM_GDNF,449387,,CAG_GDNF,449388,,CAG_GDNF
B1_W3_D2_19092025(6).edf,Batch_1,,449381,,CAG_eGFP,449382,,CAG_eGFP,449383,,CAG_eGFP,449384,,RAM_GDNF,449385,,RAM_GDNF,449386,,RAM_GDNF,449387,,CAG_GDNF,449388,,CAG_GDNF
B1_W3_D2_19092025(8).edf,Batch_1,,449381,,CAG_eGFP,449382,,CAG_eGFP,449383,,CAG_eGFP,449384,,RAM_GDNF,449385,,RAM_GDNF,449386,,RAM_GDNF,449387,,CAG_GDNF,449388,,CAG_GDNF
B1_W3_D2_19092025(1).edf,Batch_1,,449381,,CAG_eGFP,449382,,CAG_eGFP,449383,,CAG_eGFP,449384,,RAM_GDNF,449385,,RAM_GDNF,449386,,RAM_GDNF,449387,,CAG_GDNF,449388,,CAG_GDNF
B1_W3_D2_19092025(7).edf,Batch_1,,449381,,CAG_eGFP,449382,,CAG_eGFP,449383,,CAG_eGFP,449384,,RAM_GDNF,449385,,RAM_GDNF,449386,,RAM_GDNF,449387,,CAG_GDNF,449388,,CAG_GDNF
B1_W3_D2_19092025(16).edf,Batch_1,,449381,,CAG_eGFP,449382,,CAG_eGFP,449383,,CAG_eGFP,449384,,RAM_GDNF,449385,,RAM_GDNF,449386,,RAM_GDNF,449387,,CAG_GDNF,449388,,CAG_GDNF
B1_W3_D2_19092025(13).edf,Batch_1,,449381,,CAG_eGFP,449382,,CAG_eGFP,449383,,CAG_eGFP,449384,,RAM_GDNF,449385,,RAM_GDNF,449386,,RAM_GDNF,449387,,CAG_GDNF,449388,,CAG_GDNF
B1_W3_D4_21092025(9).edf,Batch_1,,449381,,CAG_eGFP,449382,,CAG_eGFP,449383,,CAG_eGFP,449384,,RAM_GDNF,449385,,RAM_GDNF,449386,,RAM_GDNF,449387,,CAG_GDNF,449388,,CAG_GDNF
B1_W3_D4_21092025(13).edf,Batch_1,,449381,,CAG_eGFP,449382,,CAG_eGFP,449383,,CAG_eGFP,449384,,RAM_GDNF,449385,,RAM_GDNF,449386,,RAM_GDNF,449387,,CAG_GDNF,449388,,CAG_GDNF
B1_W3_D4_21092025(3).edf,Batch_1,,449381,,CAG_eGFP,449382,,CAG_eGFP,449383,,CAG_eGFP,449384,,RAM_GDNF,449385,,RAM_GDNF,449386,,RAM_GDNF,449387,,CAG_GDNF,449388,,CAG_GDNF
B1_W3_D4_21092025(8).edf,Batch_1,,449381,,CAG_eGFP,449382,,CAG_eGFP,449383,,CAG_eGFP,449384,,RAM_GDNF,449385,,RAM_GDNF,449386,,RAM_GDNF,449387,,CAG_GDNF,449388,,CAG_GDNF
B1_W3_D4_21092025(6).edf,Batch_1,,449381,,CAG_eGFP,449382,,CAG_eGFP,449383,,CAG_eGFP,449384,,RAM_GDNF,449385,,RAM_GDNF,449386,,RAM_GDNF,449387,,CAG_GDNF,449388,,CAG_GDNF
B1_W3_D4_21092025(7).edf,Batch_1,,449381,,CAG_eGFP,449382,,CAG_eGFP,449383,,CAG_eGFP,449384,,RAM_GDNF,449385,,RAM_GDNF,449386,,RAM_GDNF,449387,,CAG_GDNF,449388,,CAG_GDNF
B1_W3_D4_21092025(2).edf,Batch_1,,449381,,CAG_eGFP,449382,,CAG_eGFP,449383,,CAG_eGFP,449384,,RAM_GDNF,449385,,RAM_GDNF,449386,,RAM_GDNF,449387,,CAG_GDNF,449388,,CAG_GDNF
B1_W3_D4_21092025(14).edf,Batch_1,,449381,,CAG_eGFP,449382,,CAG_eGFP,449383,,CAG_eGFP,449384,,RAM_GDNF,449385,,RAM_GDNF,449386,,RAM_GDNF,449387,,CAG_GDNF,449388,,CAG_GDNF
B1_W3_D4_21092025(1).edf,Batch_1,,449381,,CAG_eGFP,449382,,CAG_eGFP,449383,,CAG_eGFP,449384,,RAM_GDNF,449385,,RAM_GDNF,449386,,RAM_GDNF,449387,,CAG_GDNF,449388,,CAG_GDNF
B1_W3_D4_21092025(4).edf,Batch_1,,449381,,CAG_eGFP,449382,,CAG_eGFP,449383,,CAG_eGFP,449384,,RAM_GDNF,449385,,RAM_GDNF,449386,,RAM_GDNF,449387,,CAG_GDNF,449388,,CAG_GDNF
B1_W3_D4_21092025(10).edf,Batch_1,,449381,,CAG_eGFP,449382,,CAG_eGFP,449383,,CAG_eGFP,449384,,RAM_GDNF,449385,,RAM_GDNF,449386,,RAM_GDNF,449387,,CAG_GDNF,449388,,CAG_GDNF
B1_W3_D4_21092025(12).edf,Batch_1,,449381,,CAG_eGFP,449382,,CAG_eGFP,449383,,CAG_eGFP,449384,,RAM_GDNF,449385,,RAM_GDNF,449386,,RAM_GDNF,449387,,CAG_GDNF,449388,,CAG_GDNF
B1_W3_D4_21092025(5).edf,Batch_1,,449381,,CAG_eGFP,449382,,CAG_eGFP,449383,,CAG_eGFP,449384,,RAM_GDNF,449385,,RAM_GDNF,449386,,RAM_GDNF,449387,,CAG_GDNF,449388,,CAG_GDNF
B1_W3_D4_21092025(15).edf,Batch_1,,449381,,CAG_eGFP,449382,,CAG_eGFP,449383,,CAG_eGFP,449384,,RAM_GDNF,449385,,RAM_GDNF,449386,,RAM_GDNF,449387,,CAG_GDNF,449388,,CAG_GDNF
B1_W3_D4_21092025(11).edf,Batch_1,,449381,,CAG_eGFP,449382,,CAG_eGFP,449383,,CAG_eGFP,449384,,RAM_GDNF,449385,,RAM_GDNF,449386,,RAM_GDNF,449387,,CAG_GDNF,449388,,CAG_GDNF
B1_W3_D4_21092025(16).edf,Batch_1,,449381,,CAG_eGFP,449382,,CAG_eGFP,449383,,CAG_eGFP,449384,,RAM_GDNF,449385,,RAM_GDNF,449386,,RAM_GDNF,449387,,CAG_GDNF,449388,,CAG_GDNF
B1_W3_D6_23092025(11).edf,Batch_1,,449381,,CAG_eGFP,449382,,CAG_eGFP,449383,,CAG_eGFP,449384,,RAM_GDNF,449385,,RAM_GDNF,449386,,RAM_GDNF,449387,,CAG_GDNF,449388,,CAG_GDNF
B1_W3_D6_23092025(10).edf,Batch_1,,449381,,CAG_eGFP,449382,,CAG_eGFP,449383,,CAG_eGFP,449384,,RAM_GDNF,449385,,RAM_GDNF,449386,,RAM_GDNF,449387,,CAG_GDNF,449388,,CAG_GDNF
B1_W3_D6_23092025(7).edf,Batch_1,,449381,,CAG_eGFP,449382,,CAG_eGFP,449383,,CAG_eGFP,449384,,RAM_GDNF,449385,,RAM_GDNF,449386,,RAM_GDNF,449387,,CAG_GDNF,449388,,CAG_GDNF
B1_W3_D6_23092025(9).edf,Batch_1,,449381,,CAG_eGFP,449382,,CAG_eGFP,449383,,CAG_eGFP,449384,,RAM_GDNF,449385,,RAM_GDNF,449386,,RAM_GDNF,449387,,CAG_GDNF,449388,,CAG_GDNF
B1_W3_D6_23092025(4).edf,Batch_1,,449381,,CAG_eGFP,449382,,CAG_eGFP,449383,,CAG_eGFP,449384,,RAM_GDNF,449385,,RAM_GDNF,449386,,RAM_GDNF,449387,,CAG_GDNF,449388,,CAG_GDNF
B1_W3_D6_23092025(8).edf,Batch_1,,449381,,CAG_eGFP,449382,,CAG_eGFP,449383,,CAG_eGFP,449384,,RAM_GDNF,449385,,RAM_GDNF,449386,,RAM_GDNF,449387,,CAG_GDNF,449388,,CAG_GDNF
B1_W3_D6_23092025(12).edf,Batch_1,,449381,,CAG_eGFP,449382,,CAG_eGFP,449383,,CAG_eGFP,449384,,RAM_GDNF,449385,,RAM_GDNF,449386,,RAM_GDNF,449387,,CAG_GDNF,449388,,CAG_GDNF
B1_W3_D6_23092025(15).edf,Batch_1,,449381,,CAG_eGFP,449382,,CAG_eGFP,449383,,CAG_eGFP,449384,,RAM_GDNF,449385,,RAM_GDNF,449386,,RAM_GDNF,449387,,CAG_GDNF,449388,,CAG_GDNF
B1_W3_D6_23092025(16).edf,Batch_1,,449381,,CAG_eGFP,449382,,CAG_eGFP,449383,,CAG_eGFP,449384,,RAM_GDNF,449385,,RAM_GDNF,449386,,RAM_GDNF,449387,,CAG_GDNF,449388,,CAG_GDNF
B1_W3_D6_23092025(1).edf,Batch_1,,449381,,CAG_eGFP,449382,,CAG_eGFP,449383,,CAG_eGFP,449384,,RAM_GDNF,449385,,RAM_GDNF,449386,,RAM_GDNF,449387,,CAG_GDNF,449388,,CAG_GDNF
B1_W3_D6_23092025(5).edf,Batch_1,,449381,,CAG_eGFP,449382,,CAG_eGFP,449383,,CAG_eGFP,449384,,RAM_GDNF,449385,,RAM_GDNF,449386,,RAM_GDNF,449387,,CAG_GDNF,449388,,CAG_GDNF
B1_W3_D6_23092025(6).edf,Batch_1,,449381,,CAG_eGFP,449382,,CAG_eGFP,449383,,CAG_eGFP,449384,,RAM_GDNF,449385,,RAM_GDNF,449386,,RAM_GDNF,449387,,CAG_GDNF,449388,,CAG_GDNF
B1_W3_D6_23092025(2).edf,Batch_1,,449381,,CAG_eGFP,449382,,CAG_eGFP,449383,,CAG_eGFP,449384,,RAM_GDNF,449385,,RAM_GDNF,449386,,RAM_GDNF,449387,,CAG_GDNF,449388,,CAG_GDNF
B1_W3_D6_23092025(3).edf,Batch_1,,449381,,CAG_eGFP,449382,,CAG_eGFP,449383,,CAG_eGFP,449384,,RAM_GDNF,449385,,RAM_GDNF,449386,,RAM_GDNF,449387,,CAG_GDNF,449388,,CAG_GDNF
B1_W3_D6_23092025(14).edf,Batch_1,,449381,,CAG_eGFP,449382,,CAG_eGFP,449383,,CAG_eGFP,449384,,RAM_GDNF,449385,,RAM_GDNF,449386,,RAM_GDNF,449387,,CAG_GDNF,449388,,CAG_GDNF
B1_W3_D6_23092025(13).edf,Batch_1,,449381,,CAG_eGFP,449382,,CAG_eGFP,449383,,CAG_eGFP,449384,,RAM_GDNF,449385,,RAM_GDNF,449386,,RAM_GDNF,449387,,CAG_GDNF,449388,,CAG_GDNF
B1_W3_D5_22092025(13).edf,Batch_1,,449381,,CAG_eGFP,449382,,CAG_eGFP,449383,,CAG_eGFP,449384,,RAM_GDNF,449385,,RAM_GDNF,449386,,RAM_GDNF,449387,,CAG_GDNF,449388,,CAG_GDNF
B1_W3_D5_22092025(4).edf,Batch_1,,449381,,CAG_eGFP,449382,,CAG_eGFP,449383,,CAG_eGFP,449384,,RAM_GDNF,449385,,RAM_GDNF,449386,,RAM_GDNF,449387,,CAG_GDNF,449388,,CAG_GDNF
B1_W3_D5_22092025(15).edf,Batch_1,,449381,,CAG_eGFP,449382,,CAG_eGFP,449383,,CAG_eGFP,449384,,RAM_GDNF,449385,,RAM_GDNF,449386,,RAM_GDNF,449387,,CAG_GDNF,449388,,CAG_GDNF
B1_W3_D5_22092025(6).edf,Batch_1,,449381,,CAG_eGFP,449382,,CAG_eGFP,449383,,CAG_eGFP,449384,,RAM_GDNF,449385,,RAM_GDNF,449386,,RAM_GDNF,449387,,CAG_GDNF,449388,,CAG_GDNF
B1_W3_D5_22092025(2).edf,Batch_1,,449381,,CAG_eGFP,449382,,CAG_eGFP,449383,,CAG_eGFP,449384,,RAM_GDNF,449385,,RAM_GDNF,449386,,RAM_GDNF,449387,,CAG_GDNF,449388,,CAG_GDNF
B1_W3_D5_22092025(1).edf,Batch_1,,449381,,CAG_eGFP,449382,,CAG_eGFP,449383,,CAG_eGFP,449384,,RAM_GDNF,449385,,RAM_GDNF,449386,,RAM_GDNF,449387,,CAG_GDNF,449388,,CAG_GDNF
B1_W3_D5_22092025(8).edf,Batch_1,,449381,,CAG_eGFP,449382,,CAG_eGFP,449383,,CAG_eGFP,449384,,RAM_GDNF,449385,,RAM_GDNF,449386,,RAM_GDNF,449387,,CAG_GDNF,449388,,CAG_GDNF
B1_W3_D5_22092025(9).edf,Batch_1,,449381,,CAG_eGFP,449382,,CAG_eGFP,449383,,CAG_eGFP,449384,,RAM_GDNF,449385,,RAM_GDNF,449386,,RAM_GDNF,449387,,CAG_GDNF,449388,,CAG_GDNF
B1_W3_D5_22092025(3).edf,Batch_1,,449381,,CAG_eGFP,449382,,CAG_eGFP,449383,,CAG_eGFP,449384,,RAM_GDNF,449385,,RAM_GDNF,449386,,RAM_GDNF,449387,,CAG_GDNF,449388,,CAG_GDNF
B1_W3_D5_22092025(16).edf,Batch_1,,449381,,CAG_eGFP,449382,,CAG_eGFP,449383,,CAG_eGFP,449384,,RAM_GDNF,449385,,RAM_GDNF,449386,,RAM_GDNF,449387,,CAG_GDNF,449388,,CAG_GDNF
B1_W3_D5_22092025(5).edf,Batch_1,,449381,,CAG_eGFP,449382,,CAG_eGFP,449383,,CAG_eGFP,449384,,RAM_GDNF,449385,,RAM_GDNF,449386,,RAM_GDNF,449387,,CAG_GDNF,449388,,CAG_GDNF
B1_W3_D5_22092025(7).edf,Batch_1,,449381,,CAG_eGFP,449382,,CAG_eGFP,449383,,CAG_eGFP,449384,,RAM_GDNF,449385,,RAM_GDNF,449386,,RAM_GDNF,449387,,CAG_GDNF,449388,,CAG_GDNF
B1_W3_D5_22092025(11).edf,Batch_1,,449381,,CAG_eGFP,449382,,CAG_eGFP,449383,,CAG_eGFP,449384,,RAM_GDNF,449385,,RAM_GDNF,449386,,RAM_GDNF,449387,,CAG_GDNF,449388,,CAG_GDNF
B1_W3_D5_22092025(10).edf,Batch_1,,449381,,CAG_eGFP,449382,,CAG_eGFP,449383,,CAG_eGFP,449384,,RAM_GDNF,449385,,RAM_GDNF,449386,,RAM_GDNF,449387,,CAG_GDNF,449388,,CAG_GDNF
B1_W3_D5_22092025(14).edf,Batch_1,,449381,,CAG_eGFP,449382,,CAG_eGFP,449383,,CAG_eGFP,449384,,RAM_GDNF,449385,,RAM_GDNF,449386,,RAM_GDNF,449387,,CAG_GDNF,449388,,CAG_GDNF
B1_W3_D5_22092025(12).edf,Batch_1,,449381,,CAG_eGFP,449382,,CAG_eGFP,449383,,CAG_eGFP,449384,,RAM_GDNF,449385,,RAM_GDNF,449386,,RAM_GDNF,449387,,CAG_GDNF,449388,,CAG_GDNF
B1_W3_D7_24092025(7).edf,Batch_1,,449381,,CAG_eGFP,449382,,CAG_eGFP,449383,,CAG_eGFP,449384,,RAM_GDNF,449385,,RAM_GDNF,449386,,RAM_GDNF,449387,,CAG_GDNF,449388,,CAG_GDNF
B1_W3_D7_24092025(4).edf,Batch_1,,449381,,CAG_eGFP,449382,,CAG_eGFP,449383,,CAG_eGFP,449384,,RAM_GDNF,449385,,RAM_GDNF,449386,,RAM_GDNF,449387,,CAG_GDNF,449388,,CAG_GDNF
B1_W3_D7_24092025(10).edf,Batch_1,,449381,,CAG_eGFP,449382,,CAG_eGFP,449383,,CAG_eGFP,449384,,RAM_GDNF,449385,,RAM_GDNF,449386,,RAM_GDNF,449387,,CAG_GDNF,449388,,CAG_GDNF
B1_W3_D7_24092025(6).edf,Batch_1,,449381,,CAG_eGFP,449382,,CAG_eGFP,449383,,CAG_eGFP,449384,,RAM_GDNF,449385,,RAM_GDNF,449386,,RAM_GDNF,449387,,CAG_GDNF,449388,,CAG_GDNF
B1_W3_D7_24092025(11).edf,Batch_1,,449381,,CAG_eGFP,449382,,CAG_eGFP,449383,,CAG_eGFP,449384,,RAM_GDNF,449385,,RAM_GDNF,449386,,RAM_GDNF,449387,,CAG_GDNF,449388,,CAG_GDNF
B1_W3_D7_24092025(16).edf,Batch_1,,449381,,CAG_eGFP,449382,,CAG_eGFP,449383,,CAG_eGFP,449384,,RAM_GDNF,449385,,RAM_GDNF,449386,,RAM_GDNF,449387,,CAG_GDNF,449388,,CAG_GDNF
B1_W3_D7_24092025(13).edf,Batch_1,,449381,,CAG_eGFP,449382,,CAG_eGFP,449383,,CAG_eGFP,449384,,RAM_GDNF,449385,,RAM_GDNF,449386,,RAM_GDNF,449387,,CAG_GDNF,449388,,CAG_GDNF
B1_W3_D7_24092025(5).edf,Batch_1,,449381,,CAG_eGFP,449382,,CAG_eGFP,449383,,CAG_eGFP,449384,,RAM_GDNF,449385,,RAM_GDNF,449386,,RAM_GDNF,449387,,CAG_GDNF,449388,,CAG_GDNF
B1_W3_D7_24092025(15).edf,Batch_1,,449381,,CAG_eGFP,449382,,CAG_eGFP,449383,,CAG_eGFP,449384,,RAM_GDNF,449385,,RAM_GDNF,449386,,RAM_GDNF,449387,,CAG_GDNF,449388,,CAG_GDNF
B1_W3_D7_24092025(2).edf,Batch_1,,449381,,CAG_eGFP,449382,,CAG_eGFP,449383,,CAG_eGFP,449384,,RAM_GDNF,449385,,RAM_GDNF,449386,,RAM_GDNF,449387,,CAG_GDNF,449388,,CAG_GDNF
B1_W3_D7_24092025(8).edf,Batch_1,,449381,,CAG_eGFP,449382,,CAG_eGFP,449383,,CAG_eGFP,449384,,RAM_GDNF,449385,,RAM_GDNF,449386,,RAM_GDNF,449387,,CAG_GDNF,449388,,CAG_GDNF
B1_W3_D7_24092025(1).edf,Batch_1,,449381,,CAG_eGFP,449382,,CAG_eGFP,449383,,CAG_eGFP,449384,,RAM_GDNF,449385,,RAM_GDNF,449386,,RAM_GDNF,449387,,CAG_GDNF,449388,,CAG_GDNF
B1_W3_D7_24092025(12).edf,Batch_1,,449381,,CAG_eGFP,449382,,CAG_eGFP,449383,,CAG_eGFP,449384,,RAM_GDNF,449385,,RAM_GDNF,449386,,RAM_GDNF,449387,,CAG_GDNF,449388,,CAG_GDNF
B1_W3_D7_24092025(3).edf,Batch_1,,449381,,CAG_eGFP,449382,,CAG_eGFP,449383,,CAG_eGFP,449384,,RAM_GDNF,449385,,RAM_GDNF,449386,,RAM_GDNF,449387,,CAG_GDNF,449388,,CAG_GDNF
B1_W3_D7_24092025(14).edf,Batch_1,,449381,,CAG_eGFP,449382,,CAG_eGFP,449383,,CAG_eGFP,449384,,RAM_GDNF,449385,,RAM_GDNF,449386,,RAM_GDNF,449387,,CAG_GDNF,449388,,CAG_GDNF
B1_W3_D7_24092025(17).edf,Batch_1,,449381,,CAG_eGFP,449382,,CAG_eGFP,449383,,CAG_eGFP,449384,,RAM_GDNF,449385,,RAM_GDNF,449386,,RAM_GDNF,449387,,CAG_GDNF,449388,,CAG_GDNF
B1_W3_D7_24092025(9).edf,Batch_1,,449381,,CAG_eGFP,449382,,CAG_eGFP,449383,,CAG_eGFP,449384,,RAM_GDNF,449385,,RAM_GDNF,449386,,RAM_GDNF,449387,,CAG_GDNF,449388,,CAG_GDNF
B1_W3_D1_18092025(2).edf,Batch_1,,449381,,CAG_eGFP,449382,,CAG_eGFP,449383,,CAG_eGFP,449384,,RAM_GDNF,449385,,RAM_GDNF,449386,,RAM_GDNF,449387,,CAG_GDNF,449388,,CAG_GDNF
B1_W3_D1_18092025(16).edf,Batch_1,,449381,,CAG_eGFP,449382,,CAG_eGFP,449383,,CAG_eGFP,449384,,RAM_GDNF,449385,,RAM_GDNF,449386,,RAM_GDNF,449387,,CAG_GDNF,449388,,CAG_GDNF
B1_W3_D1_18092025(6).edf,Batch_1,,449381,,CAG_eGFP,449382,,CAG_eGFP,449383,,CAG_eGFP,449384,,RAM_GDNF,449385,,RAM_GDNF,449386,,RAM_GDNF,449387,,CAG_GDNF,449388,,CAG_GDNF
B1_W3_D1_18092025(5).edf,Batch_1,,449381,,CAG_eGFP,449382,,CAG_eGFP,449383,,CAG_eGFP,449384,,RAM_GDNF,449385,,RAM_GDNF,449386,,RAM_GDNF,449387,,CAG_GDNF,449388,,CAG_GDNF
B1_W3_D1_18092025(8).edf,Batch_1,,449381,,CAG_eGFP,449382,,CAG_eGFP,449383,,CAG_eGFP,449384,,RAM_GDNF,449385,,RAM_GDNF,449386,,RAM_GDNF,449387,,CAG_GDNF,449388,,CAG_GDNF
B1_W3_D1_18092025(12).edf,Batch_1,,449381,,CAG_eGFP,449382,,CAG_eGFP,449383,,CAG_eGFP,449384,,RAM_GDNF,449385,,RAM_GDNF,449386,,RAM_GDNF,449387,,CAG_GDNF,449388,,CAG_GDNF
B1_W3_D1_18092025(3).edf,Batch_1,,449381,,CAG_eGFP,449382,,CAG_eGFP,449383,,CAG_eGFP,449384,,RAM_GDNF,449385,,RAM_GDNF,449386,,RAM_GDNF,449387,,CAG_GDNF,449388,,CAG_GDNF
B1_W3_D1_18092025(4).edf,Batch_1,,449381,,CAG_eGFP,449382,,CAG_eGFP,449383,,CAG_eGFP,449384,,RAM_GDNF,449385,,RAM_GDNF,449386,,RAM_GDNF,449387,,CAG_GDNF,449388,,CAG_GDNF
B1_W3_D1_18092025(1).edf,Batch_1,,449381,,CAG_eGFP,449382,,CAG_eGFP,449383,,CAG_eGFP,449384,,RAM_GDNF,449385,,RAM_GDNF,449386,,RAM_GDNF,449387,,CAG_GDNF,449388,,CAG_GDNF
B1_W3_D1_18092025(9).edf,Batch_1,,449381,,CAG_eGFP,449382,,CAG_eGFP,449383,,CAG_eGFP,449384,,RAM_GDNF,449385,,RAM_GDNF,449386,,RAM_GDNF,449387,,CAG_GDNF,449388,,CAG_GDNF
B1_W3_D1_18092025(14).edf,Batch_1,,449381,,CAG_eGFP,449382,,CAG_eGFP,449383,,CAG_eGFP,449384,,RAM_GDNF,449385,,RAM_GDNF,449386,,RAM_GDNF,449387,,CAG_GDNF,449388,,CAG_GDNF
B1_W3_D1_18092025(13).edf,Batch_1,,449381,,CAG_eGFP,449382,,CAG_eGFP,449383,,CAG_eGFP,449384,,RAM_GDNF,449385,,RAM_GDNF,449386,,RAM_GDNF,449387,,CAG_GDNF,449388,,CAG_GDNF
B1_W3_D1_18092025(11).edf,Batch_1,,449381,,CAG_eGFP,449382,,CAG_eGFP,449383,,CAG_eGFP,449384,,RAM_GDNF,449385,,RAM_GDNF,449386,,RAM_GDNF,449387,,CAG_GDNF,449388,,CAG_GDNF
B1_W3_D1_18092025(7).edf,Batch_1,,449381,,CAG_eGFP,449382,,CAG_eGFP,449383,,CAG_eGFP,449384,,RAM_GDNF,449385,,RAM_GDNF,449386,,RAM_GDNF,449387,,CAG_GDNF,449388,,CAG_GDNF
B1_W3_D1_18092025(15).edf,Batch_1,,449381,,CAG_eGFP,449382,,CAG_eGFP,449383,,CAG_eGFP,449384,,RAM_GDNF,449385,,RAM_GDNF,449386,,RAM_GDNF,449387,,CAG_GDNF,449388,,CAG_GDNF
B1_W3_D1_18092025(10).edf,Batch_1,,449381,,CAG_eGFP,449382,,CAG_eGFP,449383,,CAG_eGFP,449384,,RAM_GDNF,449385,,RAM_GDNF,449386,,RAM_GDNF,449387,,CAG_GDNF,449388,,CAG_GDNF
B1_W3_D1_18092025.edf,Batch_1,,449381,,CAG_eGFP,449382,,CAG_eGFP,449383,,CAG_eGFP,449384,,RAM_GDNF,449385,,RAM_GDNF,449386,,RAM_GDNF,449387,,CAG_GDNF,449388,,CAG_GDNF
B1_W1_D1_04092025.edf,Batch_1,,449381,,CAG_eGFP,449382,,CAG_eGFP,449383,,CAG_eGFP,449384,,RAM_GDNF,449385,,RAM_GDNF,449386,,RAM_GDNF,449387,,CAG_GDNF,449388,,CAG_GDNF
B3_W1_D1_14012026(8).edf,Batch_3,,459657,,RAM_GDNF,459658,,RAM_GDNF,459659,,CAG_GDNF,459660,,CAG_GDNF,459661,,CAG_GDNF,459662,,CAG_eGFP,459663,,CAG_eGFP,459664,,CAG_eGFP
B3_W1_D1_14012026(16).edf,Batch_3,,459657,,RAM_GDNF,459658,,RAM_GDNF,459659,,CAG_GDNF,459660,,CAG_GDNF,459661,,CAG_GDNF,459662,,CAG_eGFP,459663,,CAG_eGFP,459664,,CAG_eGFP
B3_W1_D1_14012026(13).edf,Batch_3,,459657,,RAM_GDNF,459658,,RAM_GDNF,459659,,CAG_GDNF,459660,,CAG_GDNF,459661,,CAG_GDNF,459662,,CAG_eGFP,459663,,CAG_eGFP,459664,,CAG_eGFP
B3_W1_D1_14012026(4).edf,Batch_3,,459657,,RAM_GDNF,459658,,RAM_GDNF,459659,,CAG_GDNF,459660,,CAG_GDNF,459661,,CAG_GDNF,459662,,CAG_eGFP,459663,,CAG_eGFP,459664,,CAG_eGFP
B3_W1_D1_14012026(1).edf,Batch_3,,459657,,RAM_GDNF,459658,,RAM_GDNF,459659,,CAG_GDNF,459660,,CAG_GDNF,459661,,CAG_GDNF,459662,,CAG_eGFP,459663,,CAG_eGFP,459664,,CAG_eGFP
B3_W1_D1_14012026(6).edf,Batch_3,,459657,,RAM_GDNF,459658,,RAM_GDNF,459659,,CAG_GDNF,459660,,CAG_GDNF,459661,,CAG_GDNF,459662,,CAG_eGFP,459663,,CAG_eGFP,459664,,CAG_eGFP
B3_W1_D1_14012026(10).edf,Batch_3,,459657,,RAM_GDNF,459658,,RAM_GDNF,459659,,CAG_GDNF,459660,,CAG_GDNF,459661,,CAG_GDNF,459662,,CAG_eGFP,459663,,CAG_eGFP,459664,,CAG_eGFP
B3_W1_D1_14012026(9).edf,Batch_3,,459657,,RAM_GDNF,459658,,RAM_GDNF,459659,,CAG_GDNF,459660,,CAG_GDNF,459661,,CAG_GDNF,459662,,CAG_eGFP,459663,,CAG_eGFP,459664,,CAG_eGFP
B3_W1_D1_14012026(14).edf,Batch_3,,459657,,RAM_GDNF,459658,,RAM_GDNF,459659,,CAG_GDNF,459660,,CAG_GDNF,459661,,CAG_GDNF,459662,,CAG_eGFP,459663,,CAG_eGFP,459664,,CAG_eGFP
B3_W1_D1_14012026(3).edf,Batch_3,,459657,,RAM_GDNF,459658,,RAM_GDNF,459659,,CAG_GDNF,459660,,CAG_GDNF,459661,,CAG_GDNF,459662,,CAG_eGFP,459663,,CAG_eGFP,459664,,CAG_eGFP
B3_W1_D1_14012026(12).edf,Batch_3,,459657,,RAM_GDNF,459658,,RAM_GDNF,459659,,CAG_GDNF,459660,,CAG_GDNF,459661,,CAG_GDNF,459662,,CAG_eGFP,459663,,CAG_eGFP,459664,,CAG_eGFP
B3_W1_D1_14012026(17).edf,Batch_3,,459657,,RAM_GDNF,459658,,RAM_GDNF,459659,,CAG_GDNF,459660,,CAG_GDNF,459661,,CAG_GDNF,459662,,CAG_eGFP,459663,,CAG_eGFP,459664,,CAG_eGFP
B3_W1_D1_14012026(5).edf,Batch_3,,459657,,RAM_GDNF,459658,,RAM_GDNF,459659,,CAG_GDNF,459660,,CAG_GDNF,459661,,CAG_GDNF,459662,,CAG_eGFP,459663,,CAG_eGFP,459664,,CAG_eGFP
B3_W1_D1_14012026(7).edf,Batch_3,,459657,,RAM_GDNF,459658,,RAM_GDNF,459659,,CAG_GDNF,459660,,CAG_GDNF,459661,,CAG_GDNF,459662,,CAG_eGFP,459663,,CAG_eGFP,459664,,CAG_eGFP
B3_W1_D1_14012026(15).edf,Batch_3,,459657,,RAM_GDNF,459658,,RAM_GDNF,459659,,CAG_GDNF,459660,,CAG_GDNF,459661,,CAG_GDNF,459662,,CAG_eGFP,459663,,CAG_eGFP,459664,,CAG_eGFP
B3_W1_D1_14012026(11).edf,Batch_3,,459657,,RAM_GDNF,459658,,RAM_GDNF,459659,,CAG_GDNF,459660,,CAG_GDNF,459661,,CAG_GDNF,459662,,CAG_eGFP,459663,,CAG_eGFP,459664,,CAG_eGFP
B3_W1_D1_14012026(2).edf,Batch_3,,459657,,RAM_GDNF,459658,,RAM_GDNF,459659,,CAG_GDNF,459660,,CAG_GDNF,459661,,CAG_GDNF,459662,,CAG_eGFP,459663,,CAG_eGFP,459664,,CAG_eGFP
B3_W1_D3_16012026(8).edf,Batch_3,,459657,,RAM_GDNF,459658,,RAM_GDNF,459659,,CAG_GDNF,459660,,CAG_GDNF,459661,,CAG_GDNF,459662,,CAG_eGFP,459663,,CAG_eGFP,459664,,CAG_eGFP
B3_W1_D3_16012026(16).edf,Batch_3,,459657,,RAM_GDNF,459658,,RAM_GDNF,459659,,CAG_GDNF,459660,,CAG_GDNF,459661,,CAG_GDNF,459662,,CAG_eGFP,459663,,CAG_eGFP,459664,,CAG_eGFP
B3_W1_D3_16012026(13).edf,Batch_3,,459657,,RAM_GDNF,459658,,RAM_GDNF,459659,,CAG_GDNF,459660,,CAG_GDNF,459661,,CAG_GDNF,459662,,CAG_eGFP,459663,,CAG_eGFP,459664,,CAG_eGFP
B3_W1_D3_16012026(3).edf,Batch_3,,459657,,RAM_GDNF,459658,,RAM_GDNF,459659,,CAG_GDNF,459660,,CAG_GDNF,459661,,CAG_GDNF,459662,,CAG_eGFP,459663,,CAG_eGFP,459664,,CAG_eGFP
B3_W1_D3_16012026(2).edf,Batch_3,,459657,,RAM_GDNF,459658,,RAM_GDNF,459659,,CAG_GDNF,459660,,CAG_GDNF,459661,,CAG_GDNF,459662,,CAG_eGFP,459663,,CAG_eGFP,459664,,CAG_eGFP
B3_W1_D3_16012026(6).edf,Batch_3,,459657,,RAM_GDNF,459658,,RAM_GDNF,459659,,CAG_GDNF,459660,,CAG_GDNF,459661,,CAG_GDNF,459662,,CAG_eGFP,459663,,CAG_eGFP,459664,,CAG_eGFP
B3_W1_D3_16012026(15).edf,Batch_3,,459657,,RAM_GDNF,459658,,RAM_GDNF,459659,,CAG_GDNF,459660,,CAG_GDNF,459661,,CAG_GDNF,459662,,CAG_eGFP,459663,,CAG_eGFP,459664,,CAG_eGFP
B3_W1_D3_16012026(11).edf,Batch_3,,459657,,RAM_GDNF,459658,,RAM_GDNF,459659,,CAG_GDNF,459660,,CAG_GDNF,459661,,CAG_GDNF,459662,,CAG_eGFP,459663,,CAG_eGFP,459664,,CAG_eGFP
B3_W1_D3_16012026(10).edf,Batch_3,,459657,,RAM_GDNF,459658,,RAM_GDNF,459659,,CAG_GDNF,459660,,CAG_GDNF,459661,,CAG_GDNF,459662,,CAG_eGFP,459663,,CAG_eGFP,459664,,CAG_eGFP
B3_W1_D3_16012026(1).edf,Batch_3,,459657,,RAM_GDNF,459658,,RAM_GDNF,459659,,CAG_GDNF,459660,,CAG_GDNF,459661,,CAG_GDNF,459662,,CAG_eGFP,459663,,CAG_eGFP,459664,,CAG_eGFP
B3_W1_D3_16012026(12).edf,Batch_3,,459657,,RAM_GDNF,459658,,RAM_GDNF,459659,,CAG_GDNF,459660,,CAG_GDNF,459661,,CAG_GDNF,459662,,CAG_eGFP,459663,,CAG_eGFP,459664,,CAG_eGFP
B3_W1_D3_16012026(9).edf,Batch_3,,459657,,RAM_GDNF,459658,,RAM_GDNF,459659,,CAG_GDNF,459660,,CAG_GDNF,459661,,CAG_GDNF,459662,,CAG_eGFP,459663,,CAG_eGFP,459664,,CAG_eGFP
B3_W1_D3_16012026(14).edf,Batch_3,,459657,,RAM_GDNF,459658,,RAM_GDNF,459659,,CAG_GDNF,459660,,CAG_GDNF,459661,,CAG_GDNF,459662,,CAG_eGFP,459663,,CAG_eGFP,459664,,CAG_eGFP
B3_W1_D3_16012026(5).edf,Batch_3,,459657,,RAM_GDNF,459658,,RAM_GDNF,459659,,CAG_GDNF,459660,,CAG_GDNF,459661,,CAG_GDNF,459662,,CAG_eGFP,459663,,CAG_eGFP,459664,,CAG_eGFP
B3_W1_D3_16012026(4).edf,Batch_3,,459657,,RAM_GDNF,459658,,RAM_GDNF,459659,,CAG_GDNF,459660,,CAG_GDNF,459661,,CAG_GDNF,459662,,CAG_eGFP,459663,,CAG_eGFP,459664,,CAG_eGFP
B3_W1_D3_16012026(7).edf,Batch_3,,459657,,RAM_GDNF,459658,,RAM_GDNF,459659,,CAG_GDNF,459660,,CAG_GDNF,459661,,CAG_GDNF,459662,,CAG_eGFP,459663,,CAG_eGFP,459664,,CAG_eGFP
B3_W1_D5_18012026(13).edf,Batch_3,,459657,,RAM_GDNF,459658,,RAM_GDNF,459659,,CAG_GDNF,459660,,CAG_GDNF,459661,,CAG_GDNF,459662,,CAG_eGFP,459663,,CAG_eGFP,459664,,CAG_eGFP
B3_W1_D5_18012026(3).edf,Batch_3,,459657,,RAM_GDNF,459658,,RAM_GDNF,459659,,CAG_GDNF,459660,,CAG_GDNF,459661,,CAG_GDNF,459662,,CAG_eGFP,459663,,CAG_eGFP,459664,,CAG_eGFP
B3_W1_D5_18012026(4).edf,Batch_3,,459657,,RAM_GDNF,459658,,RAM_GDNF,459659,,CAG_GDNF,459660,,CAG_GDNF,459661,,CAG_GDNF,459662,,CAG_eGFP,459663,,CAG_eGFP,459664,,CAG_eGFP
B3_W1_D5_18012026(9).edf,Batch_3,,459657,,RAM_GDNF,459658,,RAM_GDNF,459659,,CAG_GDNF,459660,,CAG_GDNF,459661,,CAG_GDNF,459662,,CAG_eGFP,459663,,CAG_eGFP,459664,,CAG_eGFP
B3_W1_D5_18012026(12).edf,Batch_3,,459657,,RAM_GDNF,459658,,RAM_GDNF,459659,,CAG_GDNF,459660,,CAG_GDNF,459661,,CAG_GDNF,459662,,CAG_eGFP,459663,,CAG_eGFP,459664,,CAG_eGFP
B3_W1_D5_18012026(5).edf,Batch_3,,459657,,RAM_GDNF,459658,,RAM_GDNF,459659,,CAG_GDNF,459660,,CAG_GDNF,459661,,CAG_GDNF,459662,,CAG_eGFP,459663,,CAG_eGFP,459664,,CAG_eGFP
B3_W1_D5_18012026(8).edf,Batch_3,,459657,,RAM_GDNF,459658,,RAM_GDNF,459659,,CAG_GDNF,459660,,CAG_GDNF,459661,,CAG_GDNF,459662,,CAG_eGFP,459663,,CAG_eGFP,459664,,CAG_eGFP
B3_W1_D5_18012026(7).edf,Batch_3,,459657,,RAM_GDNF,459658,,RAM_GDNF,459659,,CAG_GDNF,459660,,CAG_GDNF,459661,,CAG_GDNF,459662,,CAG_eGFP,459663,,CAG_eGFP,459664,,CAG_eGFP
B3_W1_D5_18012026(15).edf,Batch_3,,459657,,RAM_GDNF,459658,,RAM_GDNF,459659,,CAG_GDNF,459660,,CAG_GDNF,459661,,CAG_GDNF,459662,,CAG_eGFP,459663,,CAG_eGFP,459664,,CAG_eGFP
B3_W1_D5_18012026(6).edf,Batch_3,,459657,,RAM_GDNF,459658,,RAM_GDNF,459659,,CAG_GDNF,459660,,CAG_GDNF,459661,,CAG_GDNF,459662,,CAG_eGFP,459663,,CAG_eGFP,459664,,CAG_eGFP
B3_W1_D5_18012026(2).edf,Batch_3,,459657,,RAM_GDNF,459658,,RAM_GDNF,459659,,CAG_GDNF,459660,,CAG_GDNF,459661,,CAG_GDNF,459662,,CAG_eGFP,459663,,CAG_eGFP,459664,,CAG_eGFP
B3_W1_D5_18012026(11).edf,Batch_3,,459657,,RAM_GDNF,459658,,RAM_GDNF,459659,,CAG_GDNF,459660,,CAG_GDNF,459661,,CAG_GDNF,459662,,CAG_eGFP,459663,,CAG_eGFP,459664,,CAG_eGFP
B3_W1_D5_18012026(10).edf,Batch_3,,459657,,RAM_GDNF,459658,,RAM_GDNF,459659,,CAG_GDNF,459660,,CAG_GDNF,459661,,CAG_GDNF,459662,,CAG_eGFP,459663,,CAG_eGFP,459664,,CAG_eGFP
B3_W1_D5_18012026(16).edf,Batch_3,,459657,,RAM_GDNF,459658,,RAM_GDNF,459659,,CAG_GDNF,459660,,CAG_GDNF,459661,,CAG_GDNF,459662,,CAG_eGFP,459663,,CAG_eGFP,459664,,CAG_eGFP
B3_W1_D5_18012026(1).edf,Batch_3,,459657,,RAM_GDNF,459658,,RAM_GDNF,459659,,CAG_GDNF,459660,,CAG_GDNF,459661,,CAG_GDNF,459662,,CAG_eGFP,459663,,CAG_eGFP,459664,,CAG_eGFP
B3_W1_D5_18012026(14).edf,Batch_3,,459657,,RAM_GDNF,459658,,RAM_GDNF,459659,,CAG_GDNF,459660,,CAG_GDNF,459661,,CAG_GDNF,459662,,CAG_eGFP,459663,,CAG_eGFP,459664,,CAG_eGFP
B3_W1_D4_17012026(8).edf,Batch_3,,459657,,RAM_GDNF,459658,,RAM_GDNF,459659,,CAG_GDNF,459660,,CAG_GDNF,459661,,CAG_GDNF,459662,,CAG_eGFP,459663,,CAG_eGFP,459664,,CAG_eGFP
B3_W1_D4_17012026(10).edf,Batch_3,,459657,,RAM_GDNF,459658,,RAM_GDNF,459659,,CAG_GDNF,459660,,CAG_GDNF,459661,,CAG_GDNF,459662,,CAG_eGFP,459663,,CAG_eGFP,459664,,CAG_eGFP
B3_W1_D4_17012026(16).edf,Batch_3,,459657,,RAM_GDNF,459658,,RAM_GDNF,459659,,CAG_GDNF,459660,,CAG_GDNF,459661,,CAG_GDNF,459662,,CAG_eGFP,459663,,CAG_eGFP,459664,,CAG_eGFP
B3_W1_D4_17012026(3).edf,Batch_3,,459657,,RAM_GDNF,459658,,RAM_GDNF,459659,,CAG_GDNF,459660,,CAG_GDNF,459661,,CAG_GDNF,459662,,CAG_eGFP,459663,,CAG_eGFP,459664,,CAG_eGFP
B3_W1_D4_17012026(15).edf,Batch_3,,459657,,RAM_GDNF,459658,,RAM_GDNF,459659,,CAG_GDNF,459660,,CAG_GDNF,459661,,CAG_GDNF,459662,,CAG_eGFP,459663,,CAG_eGFP,459664,,CAG_eGFP
B3_W1_D4_17012026(14).edf,Batch_3,,459657,,RAM_GDNF,459658,,RAM_GDNF,459659,,CAG_GDNF,459660,,CAG_GDNF,459661,,CAG_GDNF,459662,,CAG_eGFP,459663,,CAG_eGFP,459664,,CAG_eGFP
B3_W1_D4_17012026(11).edf,Batch_3,,459657,,RAM_GDNF,459658,,RAM_GDNF,459659,,CAG_GDNF,459660,,CAG_GDNF,459661,,CAG_GDNF,459662,,CAG_eGFP,459663,,CAG_eGFP,459664,,CAG_eGFP
B3_W1_D4_17012026(5).edf,Batch_3,,459657,,RAM_GDNF,459658,,RAM_GDNF,459659,,CAG_GDNF,459660,,CAG_GDNF,459661,,CAG_GDNF,459662,,CAG_eGFP,459663,,CAG_eGFP,459664,,CAG_eGFP
B3_W1_D4_17012026(13).edf,Batch_3,,459657,,RAM_GDNF,459658,,RAM_GDNF,459659,,CAG_GDNF,459660,,CAG_GDNF,459661,,CAG_GDNF,459662,,CAG_eGFP,459663,,CAG_eGFP,459664,,CAG_eGFP
B3_W1_D4_17012026(2).edf,Batch_3,,459657,,RAM_GDNF,459658,,RAM_GDNF,459659,,CAG_GDNF,459660,,CAG_GDNF,459661,,CAG_GDNF,459662,,CAG_eGFP,459663,,CAG_eGFP,459664,,CAG_eGFP
B3_W1_D4_17012026(4).edf,Batch_3,,459657,,RAM_GDNF,459658,,RAM_GDNF,459659,,CAG_GDNF,459660,,CAG_GDNF,459661,,CAG_GDNF,459662,,CAG_eGFP,459663,,CAG_eGFP,459664,,CAG_eGFP
B3_W1_D4_17012026(1).edf,Batch_3,,459657,,RAM_GDNF,459658,,RAM_GDNF,459659,,CAG_GDNF,459660,,CAG_GDNF,459661,,CAG_GDNF,459662,,CAG_eGFP,459663,,CAG_eGFP,459664,,CAG_eGFP
B3_W1_D4_17012026(6).edf,Batch_3,,459657,,RAM_GDNF,459658,,RAM_GDNF,459659,,CAG_GDNF,459660,,CAG_GDNF,459661,,CAG_GDNF,459662,,CAG_eGFP,459663,,CAG_eGFP,459664,,CAG_eGFP
B3_W1_D4_17012026(7).edf,Batch_3,,459657,,RAM_GDNF,459658,,RAM_GDNF,459659,,CAG_GDNF,459660,,CAG_GDNF,459661,,CAG_GDNF,459662,,CAG_eGFP,459663,,CAG_eGFP,459664,,CAG_eGFP
B3_W1_D4_17012026(9).edf,Batch_3,,459657,,RAM_GDNF,459658,,RAM_GDNF,459659,,CAG_GDNF,459660,,CAG_GDNF,459661,,CAG_GDNF,459662,,CAG_eGFP,459663,,CAG_eGFP,459664,,CAG_eGFP
B3_W1_D4_17012026(12).edf,Batch_3,,459657,,RAM_GDNF,459658,,RAM_GDNF,459659,,CAG_GDNF,459660,,CAG_GDNF,459661,,CAG_GDNF,459662,,CAG_eGFP,459663,,CAG_eGFP,459664,,CAG_eGFP
B3_W1_D6_19012026(3).edf,Batch_3,,459657,,RAM_GDNF,459658,,RAM_GDNF,459659,,CAG_GDNF,459660,,CAG_GDNF,459661,,CAG_GDNF,459662,,CAG_eGFP,459663,,CAG_eGFP,459664,,CAG_eGFP
B3_W1_D6_19012026(9).edf,Batch_3,,459657,,RAM_GDNF,459658,,RAM_GDNF,459659,,CAG_GDNF,459660,,CAG_GDNF,459661,,CAG_GDNF,459662,,CAG_eGFP,459663,,CAG_eGFP,459664,,CAG_eGFP
B3_W1_D6_19012026(6).edf,Batch_3,,459657,,RAM_GDNF,459658,,RAM_GDNF,459659,,CAG_GDNF,459660,,CAG_GDNF,459661,,CAG_GDNF,459662,,CAG_eGFP,459663,,CAG_eGFP,459664,,CAG_eGFP
B3_W1_D6_19012026(16).edf,Batch_3,,459657,,RAM_GDNF,459658,,RAM_GDNF,459659,,CAG_GDNF,459660,,CAG_GDNF,459661,,CAG_GDNF,459662,,CAG_eGFP,459663,,CAG_eGFP,459664,,CAG_eGFP
B3_W1_D6_19012026(8).edf,Batch_3,,459657,,RAM_GDNF,459658,,RAM_GDNF,459659,,CAG_GDNF,459660,,CAG_GDNF,459661,,CAG_GDNF,459662,,CAG_eGFP,459663,,CAG_eGFP,459664,,CAG_eGFP
B3_W1_D6_19012026(11).edf,Batch_3,,459657,,RAM_GDNF,459658,,RAM_GDNF,459659,,CAG_GDNF,459660,,CAG_GDNF,459661,,CAG_GDNF,459662,,CAG_eGFP,459663,,CAG_eGFP,459664,,CAG_eGFP
B3_W1_D6_19012026(12).edf,Batch_3,,459657,,RAM_GDNF,459658,,RAM_GDNF,459659,,CAG_GDNF,459660,,CAG_GDNF,459661,,CAG_GDNF,459662,,CAG_eGFP,459663,,CAG_eGFP,459664,,CAG_eGFP
B3_W1_D6_19012026(15).edf,Batch_3,,459657,,RAM_GDNF,459658,,RAM_GDNF,459659,,CAG_GDNF,459660,,CAG_GDNF,459661,,CAG_GDNF,459662,,CAG_eGFP,459663,,CAG_eGFP,459664,,CAG_eGFP
B3_W1_D6_19012026(1).edf,Batch_3,,459657,,RAM_GDNF,459658,,RAM_GDNF,459659,,CAG_GDNF,459660,,CAG_GDNF,459661,,CAG_GDNF,459662,,CAG_eGFP,459663,,CAG_eGFP,459664,,CAG_eGFP
B3_W1_D6_19012026(4).edf,Batch_3,,459657,,RAM_GDNF,459658,,RAM_GDNF,459659,,CAG_GDNF,459660,,CAG_GDNF,459661,,CAG_GDNF,459662,,CAG_eGFP,459663,,CAG_eGFP,459664,,CAG_eGFP
B3_W1_D6_19012026(5).edf,Batch_3,,459657,,RAM_GDNF,459658,,RAM_GDNF,459659,,CAG_GDNF,459660,,CAG_GDNF,459661,,CAG_GDNF,459662,,CAG_eGFP,459663,,CAG_eGFP,459664,,CAG_eGFP
B3_W1_D6_19012026(7).edf,Batch_3,,459657,,RAM_GDNF,459658,,RAM_GDNF,459659,,CAG_GDNF,459660,,CAG_GDNF,459661,,CAG_GDNF,459662,,CAG_eGFP,459663,,CAG_eGFP,459664,,CAG_eGFP
B3_W1_D6_19012026(13).edf,Batch_3,,459657,,RAM_GDNF,459658,,RAM_GDNF,459659,,CAG_GDNF,459660,,CAG_GDNF,459661,,CAG_GDNF,459662,,CAG_eGFP,459663,,CAG_eGFP,459664,,CAG_eGFP
B3_W1_D6_19012026(2).edf,Batch_3,,459657,,RAM_GDNF,459658,,RAM_GDNF,459659,,CAG_GDNF,459660,,CAG_GDNF,459661,,CAG_GDNF,459662,,CAG_eGFP,459663,,CAG_eGFP,459664,,CAG_eGFP
B3_W1_D6_19012026(10).edf,Batch_3,,459657,,RAM_GDNF,459658,,RAM_GDNF,459659,,CAG_GDNF,459660,,CAG_GDNF,459661,,CAG_GDNF,459662,,CAG_eGFP,459663,,CAG_eGFP,459664,,CAG_eGFP
B3_W1_D6_19012026(14).edf,Batch_3,,459657,,RAM_GDNF,459658,,RAM_GDNF,459659,,CAG_GDNF,459660,,CAG_GDNF,459661,,CAG_GDNF,459662,,CAG_eGFP,459663,,CAG_eGFP,459664,,CAG_eGFP
B3_W1_D2_15012026(12).edf,Batch_3,,459657,,RAM_GDNF,459658,,RAM_GDNF,459659,,CAG_GDNF,459660,,CAG_GDNF,459661,,CAG_GDNF,459662,,CAG_eGFP,459663,,CAG_eGFP,459664,,CAG_eGFP
B3_W1_D2_15012026(14).edf,Batch_3,,459657,,RAM_GDNF,459658,,RAM_GDNF,459659,,CAG_GDNF,459660,,CAG_GDNF,459661,,CAG_GDNF,459662,,CAG_eGFP,459663,,CAG_eGFP,459664,,CAG_eGFP
B3_W1_D2_15012026(9).edf,Batch_3,,459657,,RAM_GDNF,459658,,RAM_GDNF,459659,,CAG_GDNF,459660,,CAG_GDNF,459661,,CAG_GDNF,459662,,CAG_eGFP,459663,,CAG_eGFP,459664,,CAG_eGFP
B3_W1_D2_15012026(6).edf,Batch_3,,459657,,RAM_GDNF,459658,,RAM_GDNF,459659,,CAG_GDNF,459660,,CAG_GDNF,459661,,CAG_GDNF,459662,,CAG_eGFP,459663,,CAG_eGFP,459664,,CAG_eGFP
B3_W1_D2_15012026(5).edf,Batch_3,,459657,,RAM_GDNF,459658,,RAM_GDNF,459659,,CAG_GDNF,459660,,CAG_GDNF,459661,,CAG_GDNF,459662,,CAG_eGFP,459663,,CAG_eGFP,459664,,CAG_eGFP
B3_W1_D2_15012026(10).edf,Batch_3,,459657,,RAM_GDNF,459658,,RAM_GDNF,459659,,CAG_GDNF,459660,,CAG_GDNF,459661,,CAG_GDNF,459662,,CAG_eGFP,459663,,CAG_eGFP,459664,,CAG_eGFP
B3_W1_D2_15012026(15).edf,Batch_3,,459657,,RAM_GDNF,459658,,RAM_GDNF,459659,,CAG_GDNF,459660,,CAG_GDNF,459661,,CAG_GDNF,459662,,CAG_eGFP,459663,,CAG_eGFP,459664,,CAG_eGFP
B3_W1_D2_15012026(8).edf,Batch_3,,459657,,RAM_GDNF,459658,,RAM_GDNF,459659,,CAG_GDNF,459660,,CAG_GDNF,459661,,CAG_GDNF,459662,,CAG_eGFP,459663,,CAG_eGFP,459664,,CAG_eGFP
B3_W1_D2_15012026(1).edf,Batch_3,,459657,,RAM_GDNF,459658,,RAM_GDNF,459659,,CAG_GDNF,459660,,CAG_GDNF,459661,,CAG_GDNF,459662,,CAG_eGFP,459663,,CAG_eGFP,459664,,CAG_eGFP
B3_W1_D2_15012026(13).edf,Batch_3,,459657,,RAM_GDNF,459658,,RAM_GDNF,459659,,CAG_GDNF,459660,,CAG_GDNF,459661,,CAG_GDNF,459662,,CAG_eGFP,459663,,CAG_eGFP,459664,,CAG_eGFP
B3_W1_D2_15012026(11).edf,Batch_3,,459657,,RAM_GDNF,459658,,RAM_GDNF,459659,,CAG_GDNF,459660,,CAG_GDNF,459661,,CAG_GDNF,459662,,CAG_eGFP,459663,,CAG_eGFP,459664,,CAG_eGFP
B3_W1_D2_15012026(7).edf,Batch_3,,459657,,RAM_GDNF,459658,,RAM_GDNF,459659,,CAG_GDNF,459660,,CAG_GDNF,459661,,CAG_GDNF,459662,,CAG_eGFP,459663,,CAG_eGFP,459664,,CAG_eGFP
B3_W1_D2_15012026(16).edf,Batch_3,,459657,,RAM_GDNF,459658,,RAM_GDNF,459659,,CAG_GDNF,459660,,CAG_GDNF,459661,,CAG_GDNF,459662,,CAG_eGFP,459663,,CAG_eGFP,459664,,CAG_eGFP
B3_W1_D2_15012026(3).edf,Batch_3,,459657,,RAM_GDNF,459658,,RAM_GDNF,459659,,CAG_GDNF,459660,,CAG_GDNF,459661,,CAG_GDNF,459662,,CAG_eGFP,459663,,CAG_eGFP,459664,,CAG_eGFP
B3_W1_D2_15012026(2).edf,Batch_3,,459657,,RAM_GDNF,459658,,RAM_GDNF,459659,,CAG_GDNF,459660,,CAG_GDNF,459661,,CAG_GDNF,459662,,CAG_eGFP,459663,,CAG_eGFP,459664,,CAG_eGFP
B3_W1_D2_15012026(4).edf,Batch_3,,459657,,RAM_GDNF,459658,,RAM_GDNF,459659,,CAG_GDNF,459660,,CAG_GDNF,459661,,CAG_GDNF,459662,,CAG_eGFP,459663,,CAG_eGFP,459664,,CAG_eGFP
B3_W1_D7_20012026(2).edf,Batch_3,,459657,,RAM_GDNF,459658,,RAM_GDNF,459659,,CAG_GDNF,459660,,CAG_GDNF,459661,,CAG_GDNF,459662,,CAG_eGFP,459663,,CAG_eGFP,459664,,CAG_eGFP
B3_W1_D7_20012026(10).edf,Batch_3,,459657,,RAM_GDNF,459658,,RAM_GDNF,459659,,CAG_GDNF,459660,,CAG_GDNF,459661,,CAG_GDNF,459662,,CAG_eGFP,459663,,CAG_eGFP,459664,,CAG_eGFP
B3_W1_D7_20012026(12).edf,Batch_3,,459657,,RAM_GDNF,459658,,RAM_GDNF,459659,,CAG_GDNF,459660,,CAG_GDNF,459661,,CAG_GDNF,459662,,CAG_eGFP,459663,,CAG_eGFP,459664,,CAG_eGFP
B3_W1_D7_20012026(11).edf,Batch_3,,459657,,RAM_GDNF,459658,,RAM_GDNF,459659,,CAG_GDNF,459660,,CAG_GDNF,459661,,CAG_GDNF,459662,,CAG_eGFP,459663,,CAG_eGFP,459664,,CAG_eGFP
B3_W1_D7_20012026(1).edf,Batch_3,,459657,,RAM_GDNF,459658,,RAM_GDNF,459659,,CAG_GDNF,459660,,CAG_GDNF,459661,,CAG_GDNF,459662,,CAG_eGFP,459663,,CAG_eGFP,459664,,CAG_eGFP
B3_W1_D7_20012026(5).edf,Batch_3,,459657,,RAM_GDNF,459658,,RAM_GDNF,459659,,CAG_GDNF,459660,,CAG_GDNF,459661,,CAG_GDNF,459662,,CAG_eGFP,459663,,CAG_eGFP,459664,,CAG_eGFP
B3_W1_D7_20012026(9).edf,Batch_3,,459657,,RAM_GDNF,459658,,RAM_GDNF,459659,,CAG_GDNF,459660,,CAG_GDNF,459661,,CAG_GDNF,459662,,CAG_eGFP,459663,,CAG_eGFP,459664,,CAG_eGFP
B3_W1_D7_20012026(15).edf,Batch_3,,459657,,RAM_GDNF,459658,,RAM_GDNF,459659,,CAG_GDNF,459660,,CAG_GDNF,459661,,CAG_GDNF,459662,,CAG_eGFP,459663,,CAG_eGFP,459664,,CAG_eGFP
B3_W1_D7_20012026(17).edf,Batch_3,,459657,,RAM_GDNF,459658,,RAM_GDNF,459659,,CAG_GDNF,459660,,CAG_GDNF,459661,,CAG_GDNF,459662,,CAG_eGFP,459663,,CAG_eGFP,459664,,CAG_eGFP
B3_W1_D7_20012026(7).edf,Batch_3,,459657,,RAM_GDNF,459658,,RAM_GDNF,459659,,CAG_GDNF,459660,,CAG_GDNF,459661,,CAG_GDNF,459662,,CAG_eGFP,459663,,CAG_eGFP,459664,,CAG_eGFP
B3_W1_D7_20012026(6).edf,Batch_3,,459657,,RAM_GDNF,459658,,RAM_GDNF,459659,,CAG_GDNF,459660,,CAG_GDNF,459661,,CAG_GDNF,459662,,CAG_eGFP,459663,,CAG_eGFP,459664,,CAG_eGFP
B3_W1_D7_20012026(13).edf,Batch_3,,459657,,RAM_GDNF,459658,,RAM_GDNF,459659,,CAG_GDNF,459660,,CAG_GDNF,459661,,CAG_GDNF,459662,,CAG_eGFP,459663,,CAG_eGFP,459664,,CAG_eGFP
B3_W1_D7_20012026(14).edf,Batch_3,,459657,,RAM_GDNF,459658,,RAM_GDNF,459659,,CAG_GDNF,459660,,CAG_GDNF,459661,,CAG_GDNF,459662,,CAG_eGFP,459663,,CAG_eGFP,459664,,CAG_eGFP
B3_W1_D7_20012026(4).edf,Batch_3,,459657,,RAM_GDNF,459658,,RAM_GDNF,459659,,CAG_GDNF,459660,,CAG_GDNF,459661,,CAG_GDNF,459662,,CAG_eGFP,459663,,CAG_eGFP,459664,,CAG_eGFP
B3_W1_D7_20012026(16).edf,Batch_3,,459657,,RAM_GDNF,459658,,RAM_GDNF,459659,,CAG_GDNF,459660,,CAG_GDNF,459661,,CAG_GDNF,459662,,CAG_eGFP,459663,,CAG_eGFP,459664,,CAG_eGFP
B3_W1_D7_20012026(8).edf,Batch_3,,459657,,RAM_GDNF,459658,,RAM_GDNF,459659,,CAG_GDNF,459660,,CAG_GDNF,459661,,CAG_GDNF,459662,,CAG_eGFP,459663,,CAG_eGFP,459664,,CAG_eGFP
B3_W1_D7_20012026(3).edf,Batch_3,,459657,,RAM_GDNF,459658,,RAM_GDNF,459659,,CAG_GDNF,459660,,CAG_GDNF,459661,,CAG_GDNF,459662,,CAG_eGFP,459663,,CAG_eGFP,459664,,CAG_eGFP
B3_W2_D1_21012026(14).edf,Batch_3,,459657,,RAM_GDNF,459658,,RAM_GDNF,459659,,CAG_GDNF,459660,,CAG_GDNF,459661,,CAG_GDNF,459662,,CAG_eGFP,459663,,CAG_eGFP,459664,,CAG_eGFP
B3_W2_D1_21012026(3).edf,Batch_3,,459657,,RAM_GDNF,459658,,RAM_GDNF,459659,,CAG_GDNF,459660,,CAG_GDNF,459661,,CAG_GDNF,459662,,CAG_eGFP,459663,,CAG_eGFP,459664,,CAG_eGFP
B3_W2_D1_21012026(11).edf,Batch_3,,459657,,RAM_GDNF,459658,,RAM_GDNF,459659,,CAG_GDNF,459660,,CAG_GDNF,459661,,CAG_GDNF,459662,,CAG_eGFP,459663,,CAG_eGFP,459664,,CAG_eGFP
B3_W2_D1_21012026(10).edf,Batch_3,,459657,,RAM_GDNF,459658,,RAM_GDNF,459659,,CAG_GDNF,459660,,CAG_GDNF,459661,,CAG_GDNF,459662,,CAG_eGFP,459663,,CAG_eGFP,459664,,CAG_eGFP
B3_W2_D1_21012026(5).edf,Batch_3,,459657,,RAM_GDNF,459658,,RAM_GDNF,459659,,CAG_GDNF,459660,,CAG_GDNF,459661,,CAG_GDNF,459662,,CAG_eGFP,459663,,CAG_eGFP,459664,,CAG_eGFP
B3_W2_D1_21012026(2).edf,Batch_3,,459657,,RAM_GDNF,459658,,RAM_GDNF,459659,,CAG_GDNF,459660,,CAG_GDNF,459661,,CAG_GDNF,459662,,CAG_eGFP,459663,,CAG_eGFP,459664,,CAG_eGFP
B3_W2_D1_21012026(13).edf,Batch_3,,459657,,RAM_GDNF,459658,,RAM_GDNF,459659,,CAG_GDNF,459660,,CAG_GDNF,459661,,CAG_GDNF,459662,,CAG_eGFP,459663,,CAG_eGFP,459664,,CAG_eGFP
B3_W2_D1_21012026(12).edf,Batch_3,,459657,,RAM_GDNF,459658,,RAM_GDNF,459659,,CAG_GDNF,459660,,CAG_GDNF,459661,,CAG_GDNF,459662,,CAG_eGFP,459663,,CAG_eGFP,459664,,CAG_eGFP
B3_W2_D1_21012026(1).edf,Batch_3,,459657,,RAM_GDNF,459658,,RAM_GDNF,459659,,CAG_GDNF,459660,,CAG_GDNF,459661,,CAG_GDNF,459662,,CAG_eGFP,459663,,CAG_eGFP,459664,,CAG_eGFP
B3_W2_D1_21012026(7).edf,Batch_3,,459657,,RAM_GDNF,459658,,RAM_GDNF,459659,,CAG_GDNF,459660,,CAG_GDNF,459661,,CAG_GDNF,459662,,CAG_eGFP,459663,,CAG_eGFP,459664,,CAG_eGFP
B3_W2_D1_21012026(6).edf,Batch_3,,459657,,RAM_GDNF,459658,,RAM_GDNF,459659,,CAG_GDNF,459660,,CAG_GDNF,459661,,CAG_GDNF,459662,,CAG_eGFP,459663,,CAG_eGFP,459664,,CAG_eGFP
B3_W2_D1_21012026(16).edf,Batch_3,,459657,,RAM_GDNF,459658,,RAM_GDNF,459659,,CAG_GDNF,459660,,CAG_GDNF,459661,,CAG_GDNF,459662,,CAG_eGFP,459663,,CAG_eGFP,459664,,CAG_eGFP
B3_W2_D1_21012026(15).edf,Batch_3,,459657,,RAM_GDNF,459658,,RAM_GDNF,459659,,CAG_GDNF,459660,,CAG_GDNF,459661,,CAG_GDNF,459662,,CAG_eGFP,459663,,CAG_eGFP,459664,,CAG_eGFP
B3_W2_D1_21012026(4).edf,Batch_3,,459657,,RAM_GDNF,459658,,RAM_GDNF,459659,,CAG_GDNF,459660,,CAG_GDNF,459661,,CAG_GDNF,459662,,CAG_eGFP,459663,,CAG_eGFP,459664,,CAG_eGFP
B3_W2_D1_21012026(9).edf,Batch_3,,459657,,RAM_GDNF,459658,,RAM_GDNF,459659,,CAG_GDNF,459660,,CAG_GDNF,459661,,CAG_GDNF,459662,,CAG_eGFP,459663,,CAG_eGFP,459664,,CAG_eGFP
B3_W2_D1_21012026(8).edf,Batch_3,,459657,,RAM_GDNF,459658,,RAM_GDNF,459659,,CAG_GDNF,459660,,CAG_GDNF,459661,,CAG_GDNF,459662,,CAG_eGFP,459663,,CAG_eGFP,459664,,CAG_eGFP
B3_W2_D3_23012026(3).edf,Batch_3,,459657,,RAM_GDNF,459658,,RAM_GDNF,459659,,CAG_GDNF,459660,,CAG_GDNF,459661,,CAG_GDNF,459662,,CAG_eGFP,459663,,CAG_eGFP,459664,,CAG_eGFP
B3_W2_D3_23012026(14).edf,Batch_3,,459657,,RAM_GDNF,459658,,RAM_GDNF,459659,,CAG_GDNF,459660,,CAG_GDNF,459661,,CAG_GDNF,459662,,CAG_eGFP,459663,,CAG_eGFP,459664,,CAG_eGFP
B3_W2_D3_23012026(2).edf,Batch_3,,459657,,RAM_GDNF,459658,,RAM_GDNF,459659,,CAG_GDNF,459660,,CAG_GDNF,459661,,CAG_GDNF,459662,,CAG_eGFP,459663,,CAG_eGFP,459664,,CAG_eGFP
B3_W2_D3_23012026(15).edf,Batch_3,,459657,,RAM_GDNF,459658,,RAM_GDNF,459659,,CAG_GDNF,459660,,CAG_GDNF,459661,,CAG_GDNF,459662,,CAG_eGFP,459663,,CAG_eGFP,459664,,CAG_eGFP
B3_W2_D3_23012026(16).edf,Batch_3,,459657,,RAM_GDNF,459658,,RAM_GDNF,459659,,CAG_GDNF,459660,,CAG_GDNF,459661,,CAG_GDNF,459662,,CAG_eGFP,459663,,CAG_eGFP,459664,,CAG_eGFP
B3_W2_D3_23012026(11).edf,Batch_3,,459657,,RAM_GDNF,459658,,RAM_GDNF,459659,,CAG_GDNF,459660,,CAG_GDNF,459661,,CAG_GDNF,459662,,CAG_eGFP,459663,,CAG_eGFP,459664,,CAG_eGFP
B3_W2_D3_23012026(4).edf,Batch_3,,459657,,RAM_GDNF,459658,,RAM_GDNF,459659,,CAG_GDNF,459660,,CAG_GDNF,459661,,CAG_GDNF,459662,,CAG_eGFP,459663,,CAG_eGFP,459664,,CAG_eGFP
B3_W2_D3_23012026(5).edf,Batch_3,,459657,,RAM_GDNF,459658,,RAM_GDNF,459659,,CAG_GDNF,459660,,CAG_GDNF,459661,,CAG_GDNF,459662,,CAG_eGFP,459663,,CAG_eGFP,459664,,CAG_eGFP
B3_W2_D3_23012026(13).edf,Batch_3,,459657,,RAM_GDNF,459658,,RAM_GDNF,459659,,CAG_GDNF,459660,,CAG_GDNF,459661,,CAG_GDNF,459662,,CAG_eGFP,459663,,CAG_eGFP,459664,,CAG_eGFP
B3_W2_D3_23012026(8).edf,Batch_3,,459657,,RAM_GDNF,459658,,RAM_GDNF,459659,,CAG_GDNF,459660,,CAG_GDNF,459661,,CAG_GDNF,459662,,CAG_eGFP,459663,,CAG_eGFP,459664,,CAG_eGFP
B3_W2_D3_23012026(1).edf,Batch_3,,459657,,RAM_GDNF,459658,,RAM_GDNF,459659,,CAG_GDNF,459660,,CAG_GDNF,459661,,CAG_GDNF,459662,,CAG_eGFP,459663,,CAG_eGFP,459664,,CAG_eGFP
B3_W2_D3_23012026(12).edf,Batch_3,,459657,,RAM_GDNF,459658,,RAM_GDNF,459659,,CAG_GDNF,459660,,CAG_GDNF,459661,,CAG_GDNF,459662,,CAG_eGFP,459663,,CAG_eGFP,459664,,CAG_eGFP
B3_W2_D3_23012026(10).edf,Batch_3,,459657,,RAM_GDNF,459658,,RAM_GDNF,459659,,CAG_GDNF,459660,,CAG_GDNF,459661,,CAG_GDNF,459662,,CAG_eGFP,459663,,CAG_eGFP,459664,,CAG_eGFP
B3_W2_D3_23012026(9).edf,Batch_3,,459657,,RAM_GDNF,459658,,RAM_GDNF,459659,,CAG_GDNF,459660,,CAG_GDNF,459661,,CAG_GDNF,459662,,CAG_eGFP,459663,,CAG_eGFP,459664,,CAG_eGFP
B3_W2_D3_23012026(6).edf,Batch_3,,459657,,RAM_GDNF,459658,,RAM_GDNF,459659,,CAG_GDNF,459660,,CAG_GDNF,459661,,CAG_GDNF,459662,,CAG_eGFP,459663,,CAG_eGFP,459664,,CAG_eGFP
B3_W2_D3_23012026(7).edf,Batch_3,,459657,,RAM_GDNF,459658,,RAM_GDNF,459659,,CAG_GDNF,459660,,CAG_GDNF,459661,,CAG_GDNF,459662,,CAG_eGFP,459663,,CAG_eGFP,459664,,CAG_eGFP
B3_W2_D5_25012026(9).edf,Batch_3,,459657,,RAM_GDNF,459658,,RAM_GDNF,459659,,CAG_GDNF,459660,,CAG_GDNF,459661,,CAG_GDNF,459662,,CAG_eGFP,459663,,CAG_eGFP,459664,,CAG_eGFP
B3_W2_D5_25012026(2).edf,Batch_3,,459657,,RAM_GDNF,459658,,RAM_GDNF,459659,,CAG_GDNF,459660,,CAG_GDNF,459661,,CAG_GDNF,459662,,CAG_eGFP,459663,,CAG_eGFP,459664,,CAG_eGFP
B3_W2_D5_25012026(4).edf,Batch_3,,459657,,RAM_GDNF,459658,,RAM_GDNF,459659,,CAG_GDNF,459660,,CAG_GDNF,459661,,CAG_GDNF,459662,,CAG_eGFP,459663,,CAG_eGFP,459664,,CAG_eGFP
B3_W2_D5_25012026(10).edf,Batch_3,,459657,,RAM_GDNF,459658,,RAM_GDNF,459659,,CAG_GDNF,459660,,CAG_GDNF,459661,,CAG_GDNF,459662,,CAG_eGFP,459663,,CAG_eGFP,459664,,CAG_eGFP
B3_W2_D5_25012026(12).edf,Batch_3,,459657,,RAM_GDNF,459658,,RAM_GDNF,459659,,CAG_GDNF,459660,,CAG_GDNF,459661,,CAG_GDNF,459662,,CAG_eGFP,459663,,CAG_eGFP,459664,,CAG_eGFP
B3_W2_D5_25012026(8).edf,Batch_3,,459657,,RAM_GDNF,459658,,RAM_GDNF,459659,,CAG_GDNF,459660,,CAG_GDNF,459661,,CAG_GDNF,459662,,CAG_eGFP,459663,,CAG_eGFP,459664,,CAG_eGFP
B3_W2_D5_25012026(15).edf,Batch_3,,459657,,RAM_GDNF,459658,,RAM_GDNF,459659,,CAG_GDNF,459660,,CAG_GDNF,459661,,CAG_GDNF,459662,,CAG_eGFP,459663,,CAG_eGFP,459664,,CAG_eGFP
B3_W2_D5_25012026(6).edf,Batch_3,,459657,,RAM_GDNF,459658,,RAM_GDNF,459659,,CAG_GDNF,459660,,CAG_GDNF,459661,,CAG_GDNF,459662,,CAG_eGFP,459663,,CAG_eGFP,459664,,CAG_eGFP
B3_W2_D5_25012026(14).edf,Batch_3,,459657,,RAM_GDNF,459658,,RAM_GDNF,459659,,CAG_GDNF,459660,,CAG_GDNF,459661,,CAG_GDNF,459662,,CAG_eGFP,459663,,CAG_eGFP,459664,,CAG_eGFP
B3_W2_D5_25012026(5).edf,Batch_3,,459657,,RAM_GDNF,459658,,RAM_GDNF,459659,,CAG_GDNF,459660,,CAG_GDNF,459661,,CAG_GDNF,459662,,CAG_eGFP,459663,,CAG_eGFP,459664,,CAG_eGFP
B3_W2_D5_25012026(7).edf,Batch_3,,459657,,RAM_GDNF,459658,,RAM_GDNF,459659,,CAG_GDNF,459660,,CAG_GDNF,459661,,CAG_GDNF,459662,,CAG_eGFP,459663,,CAG_eGFP,459664,,CAG_eGFP
B3_W2_D5_25012026(13).edf,Batch_3,,459657,,RAM_GDNF,459658,,RAM_GDNF,459659,,CAG_GDNF,459660,,CAG_GDNF,459661,,CAG_GDNF,459662,,CAG_eGFP,459663,,CAG_eGFP,459664,,CAG_eGFP
B3_W2_D5_25012026(1).edf,Batch_3,,459657,,RAM_GDNF,459658,,RAM_GDNF,459659,,CAG_GDNF,459660,,CAG_GDNF,459661,,CAG_GDNF,459662,,CAG_eGFP,459663,,CAG_eGFP,459664,,CAG_eGFP
B3_W2_D5_25012026(11).edf,Batch_3,,459657,,RAM_GDNF,459658,,RAM_GDNF,459659,,CAG_GDNF,459660,,CAG_GDNF,459661,,CAG_GDNF,459662,,CAG_eGFP,459663,,CAG_eGFP,459664,,CAG_eGFP
B3_W2_D5_25012026(3).edf,Batch_3,,459657,,RAM_GDNF,459658,,RAM_GDNF,459659,,CAG_GDNF,459660,,CAG_GDNF,459661,,CAG_GDNF,459662,,CAG_eGFP,459663,,CAG_eGFP,459664,,CAG_eGFP
B3_W2_D7_27012026(8).edf,Batch_3,,459657,,RAM_GDNF,459658,,RAM_GDNF,459659,,CAG_GDNF,459660,,CAG_GDNF,459661,,CAG_GDNF,459662,,CAG_eGFP,459663,,CAG_eGFP,459664,,CAG_eGFP
B3_W2_D7_27012026(3).edf,Batch_3,,459657,,RAM_GDNF,459658,,RAM_GDNF,459659,,CAG_GDNF,459660,,CAG_GDNF,459661,,CAG_GDNF,459662,,CAG_eGFP,459663,,CAG_eGFP,459664,,CAG_eGFP
B3_W2_D7_27012026(11).edf,Batch_3,,459657,,RAM_GDNF,459658,,RAM_GDNF,459659,,CAG_GDNF,459660,,CAG_GDNF,459661,,CAG_GDNF,459662,,CAG_eGFP,459663,,CAG_eGFP,459664,,CAG_eGFP
B3_W2_D7_27012026(9).edf,Batch_3,,459657,,RAM_GDNF,459658,,RAM_GDNF,459659,,CAG_GDNF,459660,,CAG_GDNF,459661,,CAG_GDNF,459662,,CAG_eGFP,459663,,CAG_eGFP,459664,,CAG_eGFP
B3_W2_D7_27012026(7).edf,Batch_3,,459657,,RAM_GDNF,459658,,RAM_GDNF,459659,,CAG_GDNF,459660,,CAG_GDNF,459661,,CAG_GDNF,459662,,CAG_eGFP,459663,,CAG_eGFP,459664,,CAG_eGFP
B3_W2_D7_27012026(6).edf,Batch_3,,459657,,RAM_GDNF,459658,,RAM_GDNF,459659,,CAG_GDNF,459660,,CAG_GDNF,459661,,CAG_GDNF,459662,,CAG_eGFP,459663,,CAG_eGFP,459664,,CAG_eGFP
B3_W2_D7_27012026(16).edf,Batch_3,,459657,,RAM_GDNF,459658,,RAM_GDNF,459659,,CAG_GDNF,459660,,CAG_GDNF,459661,,CAG_GDNF,459662,,CAG_eGFP,459663,,CAG_eGFP,459664,,CAG_eGFP
B3_W2_D7_27012026(2).edf,Batch_3,,459657,,RAM_GDNF,459658,,RAM_GDNF,459659,,CAG_GDNF,459660,,CAG_GDNF,459661,,CAG_GDNF,459662,,CAG_eGFP,459663,,CAG_eGFP,459664,,CAG_eGFP
B3_W2_D7_27012026(12).edf,Batch_3,,459657,,RAM_GDNF,459658,,RAM_GDNF,459659,,CAG_GDNF,459660,,CAG_GDNF,459661,,CAG_GDNF,459662,,CAG_eGFP,459663,,CAG_eGFP,459664,,CAG_eGFP
B3_W2_D7_27012026(14).edf,Batch_3,,459657,,RAM_GDNF,459658,,RAM_GDNF,459659,,CAG_GDNF,459660,,CAG_GDNF,459661,,CAG_GDNF,459662,,CAG_eGFP,459663,,CAG_eGFP,459664,,CAG_eGFP
B3_W2_D7_27012026(15).edf,Batch_3,,459657,,RAM_GDNF,459658,,RAM_GDNF,459659,,CAG_GDNF,459660,,CAG_GDNF,459661,,CAG_GDNF,459662,,CAG_eGFP,459663,,CAG_eGFP,459664,,CAG_eGFP
B3_W2_D7_27012026(4).edf,Batch_3,,459657,,RAM_GDNF,459658,,RAM_GDNF,459659,,CAG_GDNF,459660,,CAG_GDNF,459661,,CAG_GDNF,459662,,CAG_eGFP,459663,,CAG_eGFP,459664,,CAG_eGFP
B3_W2_D7_27012026(1).edf,Batch_3,,459657,,RAM_GDNF,459658,,RAM_GDNF,459659,,CAG_GDNF,459660,,CAG_GDNF,459661,,CAG_GDNF,459662,,CAG_eGFP,459663,,CAG_eGFP,459664,,CAG_eGFP
B3_W2_D7_27012026(5).edf,Batch_3,,459657,,RAM_GDNF,459658,,RAM_GDNF,459659,,CAG_GDNF,459660,,CAG_GDNF,459661,,CAG_GDNF,459662,,CAG_eGFP,459663,,CAG_eGFP,459664,,CAG_eGFP
B3_W2_D7_27012026(10).edf,Batch_3,,459657,,RAM_GDNF,459658,,RAM_GDNF,459659,,CAG_GDNF,459660,,CAG_GDNF,459661,,CAG_GDNF,459662,,CAG_eGFP,459663,,CAG_eGFP,459664,,CAG_eGFP
B3_W2_D7_27012026(13).edf,Batch_3,,459657,,RAM_GDNF,459658,,RAM_GDNF,459659,,CAG_GDNF,459660,,CAG_GDNF,459661,,CAG_GDNF,459662,,CAG_eGFP,459663,,CAG_eGFP,459664,,CAG_eGFP
B3_W2_D2_22012026(10).edf,Batch_3,,459657,,RAM_GDNF,459658,,RAM_GDNF,459659,,CAG_GDNF,459660,,CAG_GDNF,459661,,CAG_GDNF,459662,,CAG_eGFP,459663,,CAG_eGFP,459664,,CAG_eGFP
B3_W2_D2_22012026(16).edf,Batch_3,,459657,,RAM_GDNF,459658,,RAM_GDNF,459659,,CAG_GDNF,459660,,CAG_GDNF,459661,,CAG_GDNF,459662,,CAG_eGFP,459663,,CAG_eGFP,459664,,CAG_eGFP
B3_W2_D2_22012026(4).edf,Batch_3,,459657,,RAM_GDNF,459658,,RAM_GDNF,459659,,CAG_GDNF,459660,,CAG_GDNF,459661,,CAG_GDNF,459662,,CAG_eGFP,459663,,CAG_eGFP,459664,,CAG_eGFP
B3_W2_D2_22012026(2).edf,Batch_3,,459657,,RAM_GDNF,459658,,RAM_GDNF,459659,,CAG_GDNF,459660,,CAG_GDNF,459661,,CAG_GDNF,459662,,CAG_eGFP,459663,,CAG_eGFP,459664,,CAG_eGFP
B3_W2_D2_22012026(13).edf,Batch_3,,459657,,RAM_GDNF,459658,,RAM_GDNF,459659,,CAG_GDNF,459660,,CAG_GDNF,459661,,CAG_GDNF,459662,,CAG_eGFP,459663,,CAG_eGFP,459664,,CAG_eGFP
B3_W2_D2_22012026(12).edf,Batch_3,,459657,,RAM_GDNF,459658,,RAM_GDNF,459659,,CAG_GDNF,459660,,CAG_GDNF,459661,,CAG_GDNF,459662,,CAG_eGFP,459663,,CAG_eGFP,459664,,CAG_eGFP
B3_W2_D2_22012026(8).edf,Batch_3,,459657,,RAM_GDNF,459658,,RAM_GDNF,459659,,CAG_GDNF,459660,,CAG_GDNF,459661,,CAG_GDNF,459662,,CAG_eGFP,459663,,CAG_eGFP,459664,,CAG_eGFP
B3_W2_D2_22012026(1).edf,Batch_3,,459657,,RAM_GDNF,459658,,RAM_GDNF,459659,,CAG_GDNF,459660,,CAG_GDNF,459661,,CAG_GDNF,459662,,CAG_eGFP,459663,,CAG_eGFP,459664,,CAG_eGFP
B3_W2_D2_22012026(3).edf,Batch_3,,459657,,RAM_GDNF,459658,,RAM_GDNF,459659,,CAG_GDNF,459660,,CAG_GDNF,459661,,CAG_GDNF,459662,,CAG_eGFP,459663,,CAG_eGFP,459664,,CAG_eGFP
B3_W2_D2_22012026(9).edf,Batch_3,,459657,,RAM_GDNF,459658,,RAM_GDNF,459659,,CAG_GDNF,459660,,CAG_GDNF,459661,,CAG_GDNF,459662,,CAG_eGFP,459663,,CAG_eGFP,459664,,CAG_eGFP
B3_W2_D2_22012026(11).edf,Batch_3,,459657,,RAM_GDNF,459658,,RAM_GDNF,459659,,CAG_GDNF,459660,,CAG_GDNF,459661,,CAG_GDNF,459662,,CAG_eGFP,459663,,CAG_eGFP,459664,,CAG_eGFP
B3_W2_D2_22012026(5).edf,Batch_3,,459657,,RAM_GDNF,459658,,RAM_GDNF,459659,,CAG_GDNF,459660,,CAG_GDNF,459661,,CAG_GDNF,459662,,CAG_eGFP,459663,,CAG_eGFP,459664,,CAG_eGFP
B3_W2_D2_22012026(6).edf,Batch_3,,459657,,RAM_GDNF,459658,,RAM_GDNF,459659,,CAG_GDNF,459660,,CAG_GDNF,459661,,CAG_GDNF,459662,,CAG_eGFP,459663,,CAG_eGFP,459664,,CAG_eGFP
B3_W2_D2_22012026(14).edf,Batch_3,,459657,,RAM_GDNF,459658,,RAM_GDNF,459659,,CAG_GDNF,459660,,CAG_GDNF,459661,,CAG_GDNF,459662,,CAG_eGFP,459663,,CAG_eGFP,459664,,CAG_eGFP
B3_W2_D2_22012026(15).edf,Batch_3,,459657,,RAM_GDNF,459658,,RAM_GDNF,459659,,CAG_GDNF,459660,,CAG_GDNF,459661,,CAG_GDNF,459662,,CAG_eGFP,459663,,CAG_eGFP,459664,,CAG_eGFP
B3_W2_D2_22012026(7).edf,Batch_3,,459657,,RAM_GDNF,459658,,RAM_GDNF,459659,,CAG_GDNF,459660,,CAG_GDNF,459661,,CAG_GDNF,459662,,CAG_eGFP,459663,,CAG_eGFP,459664,,CAG_eGFP
B3_W2_D4_24012026(16).edf,Batch_3,,459657,,RAM_GDNF,459658,,RAM_GDNF,459659,,CAG_GDNF,459660,,CAG_GDNF,459661,,CAG_GDNF,459662,,CAG_eGFP,459663,,CAG_eGFP,459664,,CAG_eGFP
B3_W2_D4_24012026(7).edf,Batch_3,,459657,,RAM_GDNF,459658,,RAM_GDNF,459659,,CAG_GDNF,459660,,CAG_GDNF,459661,,CAG_GDNF,459662,,CAG_eGFP,459663,,CAG_eGFP,459664,,CAG_eGFP
B3_W2_D4_24012026(18).edf,Batch_3,,459657,,RAM_GDNF,459658,,RAM_GDNF,459659,,CAG_GDNF,459660,,CAG_GDNF,459661,,CAG_GDNF,459662,,CAG_eGFP,459663,,CAG_eGFP,459664,,CAG_eGFP
B3_W2_D4_24012026(5).edf,Batch_3,,459657,,RAM_GDNF,459658,,RAM_GDNF,459659,,CAG_GDNF,459660,,CAG_GDNF,459661,,CAG_GDNF,459662,,CAG_eGFP,459663,,CAG_eGFP,459664,,CAG_eGFP
B3_W2_D4_24012026(15).edf,Batch_3,,459657,,RAM_GDNF,459658,,RAM_GDNF,459659,,CAG_GDNF,459660,,CAG_GDNF,459661,,CAG_GDNF,459662,,CAG_eGFP,459663,,CAG_eGFP,459664,,CAG_eGFP
B3_W2_D4_24012026(10).edf,Batch_3,,459657,,RAM_GDNF,459658,,RAM_GDNF,459659,,CAG_GDNF,459660,,CAG_GDNF,459661,,CAG_GDNF,459662,,CAG_eGFP,459663,,CAG_eGFP,459664,,CAG_eGFP
B3_W2_D4_24012026(6).edf,Batch_3,,459657,,RAM_GDNF,459658,,RAM_GDNF,459659,,CAG_GDNF,459660,,CAG_GDNF,459661,,CAG_GDNF,459662,,CAG_eGFP,459663,,CAG_eGFP,459664,,CAG_eGFP
B3_W2_D4_24012026(14).edf,Batch_3,,459657,,RAM_GDNF,459658,,RAM_GDNF,459659,,CAG_GDNF,459660,,CAG_GDNF,459661,,CAG_GDNF,459662,,CAG_eGFP,459663,,CAG_eGFP,459664,,CAG_eGFP
B3_W2_D4_24012026(1).edf,Batch_3,,459657,,RAM_GDNF,459658,,RAM_GDNF,459659,,CAG_GDNF,459660,,CAG_GDNF,459661,,CAG_GDNF,459662,,CAG_eGFP,459663,,CAG_eGFP,459664,,CAG_eGFP
B3_W2_D4_24012026(11).edf,Batch_3,,459657,,RAM_GDNF,459658,,RAM_GDNF,459659,,CAG_GDNF,459660,,CAG_GDNF,459661,,CAG_GDNF,459662,,CAG_eGFP,459663,,CAG_eGFP,459664,,CAG_eGFP
B3_W2_D4_24012026(8).edf,Batch_3,,459657,,RAM_GDNF,459658,,RAM_GDNF,459659,,CAG_GDNF,459660,,CAG_GDNF,459661,,CAG_GDNF,459662,,CAG_eGFP,459663,,CAG_eGFP,459664,,CAG_eGFP
B3_W2_D4_24012026(3).edf,Batch_3,,459657,,RAM_GDNF,459658,,RAM_GDNF,459659,,CAG_GDNF,459660,,CAG_GDNF,459661,,CAG_GDNF,459662,,CAG_eGFP,459663,,CAG_eGFP,459664,,CAG_eGFP
B3_W2_D4_24012026(4).edf,Batch_3,,459657,,RAM_GDNF,459658,,RAM_GDNF,459659,,CAG_GDNF,459660,,CAG_GDNF,459661,,CAG_GDNF,459662,,CAG_eGFP,459663,,CAG_eGFP,459664,,CAG_eGFP
B3_W2_D4_24012026(9).edf,Batch_3,,459657,,RAM_GDNF,459658,,RAM_GDNF,459659,,CAG_GDNF,459660,,CAG_GDNF,459661,,CAG_GDNF,459662,,CAG_eGFP,459663,,CAG_eGFP,459664,,CAG_eGFP
B3_W2_D4_24012026(12).edf,Batch_3,,459657,,RAM_GDNF,459658,,RAM_GDNF,459659,,CAG_GDNF,459660,,CAG_GDNF,459661,,CAG_GDNF,459662,,CAG_eGFP,459663,,CAG_eGFP,459664,,CAG_eGFP
B3_W2_D4_24012026(13).edf,Batch_3,,459657,,RAM_GDNF,459658,,RAM_GDNF,459659,,CAG_GDNF,459660,,CAG_GDNF,459661,,CAG_GDNF,459662,,CAG_eGFP,459663,,CAG_eGFP,459664,,CAG_eGFP
B3_W2_D4_24012026(2).edf,Batch_3,,459657,,RAM_GDNF,459658,,RAM_GDNF,459659,,CAG_GDNF,459660,,CAG_GDNF,459661,,CAG_GDNF,459662,,CAG_eGFP,459663,,CAG_eGFP,459664,,CAG_eGFP
B3_W2_D4_24012026(17).edf,Batch_3,,459657,,RAM_GDNF,459658,,RAM_GDNF,459659,,CAG_GDNF,459660,,CAG_GDNF,459661,,CAG_GDNF,459662,,CAG_eGFP,459663,,CAG_eGFP,459664,,CAG_eGFP
B3_W2_D6_26012026(1).edf,Batch_3,,459657,,RAM_GDNF,459658,,RAM_GDNF,459659,,CAG_GDNF,459660,,CAG_GDNF,459661,,CAG_GDNF,459662,,CAG_eGFP,459663,,CAG_eGFP,459664,,CAG_eGFP
B3_W2_D6_26012026(12).edf,Batch_3,,459657,,RAM_GDNF,459658,,RAM_GDNF,459659,,CAG_GDNF,459660,,CAG_GDNF,459661,,CAG_GDNF,459662,,CAG_eGFP,459663,,CAG_eGFP,459664,,CAG_eGFP
B3_W2_D6_26012026(2).edf,Batch_3,,459657,,RAM_GDNF,459658,,RAM_GDNF,459659,,CAG_GDNF,459660,,CAG_GDNF,459661,,CAG_GDNF,459662,,CAG_eGFP,459663,,CAG_eGFP,459664,,CAG_eGFP
B3_W2_D6_26012026(8).edf,Batch_3,,459657,,RAM_GDNF,459658,,RAM_GDNF,459659,,CAG_GDNF,459660,,CAG_GDNF,459661,,CAG_GDNF,459662,,CAG_eGFP,459663,,CAG_eGFP,459664,,CAG_eGFP
B3_W2_D6_26012026(4).edf,Batch_3,,459657,,RAM_GDNF,459658,,RAM_GDNF,459659,,CAG_GDNF,459660,,CAG_GDNF,459661,,CAG_GDNF,459662,,CAG_eGFP,459663,,CAG_eGFP,459664,,CAG_eGFP
B3_W2_D6_26012026(9).edf,Batch_3,,459657,,RAM_GDNF,459658,,RAM_GDNF,459659,,CAG_GDNF,459660,,CAG_GDNF,459661,,CAG_GDNF,459662,,CAG_eGFP,459663,,CAG_eGFP,459664,,CAG_eGFP
B3_W2_D6_26012026(14).edf,Batch_3,,459657,,RAM_GDNF,459658,,RAM_GDNF,459659,,CAG_GDNF,459660,,CAG_GDNF,459661,,CAG_GDNF,459662,,CAG_eGFP,459663,,CAG_eGFP,459664,,CAG_eGFP
B3_W2_D6_26012026(7).edf,Batch_3,,459657,,RAM_GDNF,459658,,RAM_GDNF,459659,,CAG_GDNF,459660,,CAG_GDNF,459661,,CAG_GDNF,459662,,CAG_eGFP,459663,,CAG_eGFP,459664,,CAG_eGFP
B3_W2_D6_26012026(13).edf,Batch_3,,459657,,RAM_GDNF,459658,,RAM_GDNF,459659,,CAG_GDNF,459660,,CAG_GDNF,459661,,CAG_GDNF,459662,,CAG_eGFP,459663,,CAG_eGFP,459664,,CAG_eGFP
B3_W2_D6_26012026(6).edf,Batch_3,,459657,,RAM_GDNF,459658,,RAM_GDNF,459659,,CAG_GDNF,459660,,CAG_GDNF,459661,,CAG_GDNF,459662,,CAG_eGFP,459663,,CAG_eGFP,459664,,CAG_eGFP
B3_W2_D6_26012026(16).edf,Batch_3,,459657,,RAM_GDNF,459658,,RAM_GDNF,459659,,CAG_GDNF,459660,,CAG_GDNF,459661,,CAG_GDNF,459662,,CAG_eGFP,459663,,CAG_eGFP,459664,,CAG_eGFP
B3_W2_D6_26012026(10).edf,Batch_3,,459657,,RAM_GDNF,459658,,RAM_GDNF,459659,,CAG_GDNF,459660,,CAG_GDNF,459661,,CAG_GDNF,459662,,CAG_eGFP,459663,,CAG_eGFP,459664,,CAG_eGFP
B3_W2_D6_26012026(5).edf,Batch_3,,459657,,RAM_GDNF,459658,,RAM_GDNF,459659,,CAG_GDNF,459660,,CAG_GDNF,459661,,CAG_GDNF,459662,,CAG_eGFP,459663,,CAG_eGFP,459664,,CAG_eGFP
B3_W2_D6_26012026(3).edf,Batch_3,,459657,,RAM_GDNF,459658,,RAM_GDNF,459659,,CAG_GDNF,459660,,CAG_GDNF,459661,,CAG_GDNF,459662,,CAG_eGFP,459663,,CAG_eGFP,459664,,CAG_eGFP
B3_W2_D6_26012026(15).edf,Batch_3,,459657,,RAM_GDNF,459658,,RAM_GDNF,459659,,CAG_GDNF,459660,,CAG_GDNF,459661,,CAG_GDNF,459662,,CAG_eGFP,459663,,CAG_eGFP,459664,,CAG_eGFP
B3_W2_D6_26012026(11).edf,Batch_3,,459657,,RAM_GDNF,459658,,RAM_GDNF,459659,,CAG_GDNF,459660,,CAG_GDNF,459661,,CAG_GDNF,459662,,CAG_eGFP,459663,,CAG_eGFP,459664,,CAG_eGFP
B3_W3_D4_03022026(15).edf,Batch_3,,459657,,RAM_GDNF,459658,,RAM_GDNF,459659,,CAG_GDNF,459660,,CAG_GDNF,459661,,CAG_GDNF,459662,,CAG_eGFP,459663,,CAG_eGFP,459664,,CAG_eGFP
B3_W3_D4_03022026(2).edf,Batch_3,,459657,,RAM_GDNF,459658,,RAM_GDNF,459659,,CAG_GDNF,459660,,CAG_GDNF,459661,,CAG_GDNF,459662,,CAG_eGFP,459663,,CAG_eGFP,459664,,CAG_eGFP
B3_W3_D4_03022026(13).edf,Batch_3,,459657,,RAM_GDNF,459658,,RAM_GDNF,459659,,CAG_GDNF,459660,,CAG_GDNF,459661,,CAG_GDNF,459662,,CAG_eGFP,459663,,CAG_eGFP,459664,,CAG_eGFP
B3_W3_D4_03022026(17).edf,Batch_3,,459657,,RAM_GDNF,459658,,RAM_GDNF,459659,,CAG_GDNF,459660,,CAG_GDNF,459661,,CAG_GDNF,459662,,CAG_eGFP,459663,,CAG_eGFP,459664,,CAG_eGFP
B3_W3_D4_03022026(8).edf,Batch_3,,459657,,RAM_GDNF,459658,,RAM_GDNF,459659,,CAG_GDNF,459660,,CAG_GDNF,459661,,CAG_GDNF,459662,,CAG_eGFP,459663,,CAG_eGFP,459664,,CAG_eGFP
B3_W3_D4_03022026(16).edf,Batch_3,,459657,,RAM_GDNF,459658,,RAM_GDNF,459659,,CAG_GDNF,459660,,CAG_GDNF,459661,,CAG_GDNF,459662,,CAG_eGFP,459663,,CAG_eGFP,459664,,CAG_eGFP
B3_W3_D4_03022026(9).edf,Batch_3,,459657,,RAM_GDNF,459658,,RAM_GDNF,459659,,CAG_GDNF,459660,,CAG_GDNF,459661,,CAG_GDNF,459662,,CAG_eGFP,459663,,CAG_eGFP,459664,,CAG_eGFP
B3_W3_D4_03022026(14).edf,Batch_3,,459657,,RAM_GDNF,459658,,RAM_GDNF,459659,,CAG_GDNF,459660,,CAG_GDNF,459661,,CAG_GDNF,459662,,CAG_eGFP,459663,,CAG_eGFP,459664,,CAG_eGFP
B3_W3_D4_03022026(4).edf,Batch_3,,459657,,RAM_GDNF,459658,,RAM_GDNF,459659,,CAG_GDNF,459660,,CAG_GDNF,459661,,CAG_GDNF,459662,,CAG_eGFP,459663,,CAG_eGFP,459664,,CAG_eGFP
B3_W3_D4_03022026(5).edf,Batch_3,,459657,,RAM_GDNF,459658,,RAM_GDNF,459659,,CAG_GDNF,459660,,CAG_GDNF,459661,,CAG_GDNF,459662,,CAG_eGFP,459663,,CAG_eGFP,459664,,CAG_eGFP
B3_W3_D4_03022026(7).edf,Batch_3,,459657,,RAM_GDNF,459658,,RAM_GDNF,459659,,CAG_GDNF,459660,,CAG_GDNF,459661,,CAG_GDNF,459662,,CAG_eGFP,459663,,CAG_eGFP,459664,,CAG_eGFP
B3_W3_D4_03022026(12).edf,Batch_3,,459657,,RAM_GDNF,459658,,RAM_GDNF,459659,,CAG_GDNF,459660,,CAG_GDNF,459661,,CAG_GDNF,459662,,CAG_eGFP,459663,,CAG_eGFP,459664,,CAG_eGFP
B3_W3_D4_03022026(3).edf,Batch_3,,459657,,RAM_GDNF,459658,,RAM_GDNF,459659,,CAG_GDNF,459660,,CAG_GDNF,459661,,CAG_GDNF,459662,,CAG_eGFP,459663,,CAG_eGFP,459664,,CAG_eGFP
B3_W3_D4_03022026(11).edf,Batch_3,,459657,,RAM_GDNF,459658,,RAM_GDNF,459659,,CAG_GDNF,459660,,CAG_GDNF,459661,,CAG_GDNF,459662,,CAG_eGFP,459663,,CAG_eGFP,459664,,CAG_eGFP
B3_W3_D4_03022026(6).edf,Batch_3,,459657,,RAM_GDNF,459658,,RAM_GDNF,459659,,CAG_GDNF,459660,,CAG_GDNF,459661,,CAG_GDNF,459662,,CAG_eGFP,459663,,CAG_eGFP,459664,,CAG_eGFP
B3_W3_D4_03022026(10).edf,Batch_3,,459657,,RAM_GDNF,459658,,RAM_GDNF,459659,,CAG_GDNF,459660,,CAG_GDNF,459661,,CAG_GDNF,459662,,CAG_eGFP,459663,,CAG_eGFP,459664,,CAG_eGFP
B3_W3_D4_03022026(1).edf,Batch_3,,459657,,RAM_GDNF,459658,,RAM_GDNF,459659,,CAG_GDNF,459660,,CAG_GDNF,459661,,CAG_GDNF,459662,,CAG_eGFP,459663,,CAG_eGFP,459664,,CAG_eGFP
B3_W3_D3_02022026(4).edf,Batch_3,,459657,,RAM_GDNF,459658,,RAM_GDNF,459659,,CAG_GDNF,459660,,CAG_GDNF,459661,,CAG_GDNF,459662,,CAG_eGFP,459663,,CAG_eGFP,459664,,CAG_eGFP
B3_W3_D3_02022026(3).edf,Batch_3,,459657,,RAM_GDNF,459658,,RAM_GDNF,459659,,CAG_GDNF,459660,,CAG_GDNF,459661,,CAG_GDNF,459662,,CAG_eGFP,459663,,CAG_eGFP,459664,,CAG_eGFP
B3_W3_D3_02022026(1).edf,Batch_3,,459657,,RAM_GDNF,459658,,RAM_GDNF,459659,,CAG_GDNF,459660,,CAG_GDNF,459661,,CAG_GDNF,459662,,CAG_eGFP,459663,,CAG_eGFP,459664,,CAG_eGFP
B3_W3_D3_02022026(13).edf,Batch_3,,459657,,RAM_GDNF,459658,,RAM_GDNF,459659,,CAG_GDNF,459660,,CAG_GDNF,459661,,CAG_GDNF,459662,,CAG_eGFP,459663,,CAG_eGFP,459664,,CAG_eGFP
B3_W3_D3_02022026(6).edf,Batch_3,,459657,,RAM_GDNF,459658,,RAM_GDNF,459659,,CAG_GDNF,459660,,CAG_GDNF,459661,,CAG_GDNF,459662,,CAG_eGFP,459663,,CAG_eGFP,459664,,CAG_eGFP
B3_W3_D3_02022026(11).edf,Batch_3,,459657,,RAM_GDNF,459658,,RAM_GDNF,459659,,CAG_GDNF,459660,,CAG_GDNF,459661,,CAG_GDNF,459662,,CAG_eGFP,459663,,CAG_eGFP,459664,,CAG_eGFP
B3_W3_D3_02022026(16).edf,Batch_3,,459657,,RAM_GDNF,459658,,RAM_GDNF,459659,,CAG_GDNF,459660,,CAG_GDNF,459661,,CAG_GDNF,459662,,CAG_eGFP,459663,,CAG_eGFP,459664,,CAG_eGFP
B3_W3_D3_02022026(8).edf,Batch_3,,459657,,RAM_GDNF,459658,,RAM_GDNF,459659,,CAG_GDNF,459660,,CAG_GDNF,459661,,CAG_GDNF,459662,,CAG_eGFP,459663,,CAG_eGFP,459664,,CAG_eGFP
B3_W3_D3_02022026(12).edf,Batch_3,,459657,,RAM_GDNF,459658,,RAM_GDNF,459659,,CAG_GDNF,459660,,CAG_GDNF,459661,,CAG_GDNF,459662,,CAG_eGFP,459663,,CAG_eGFP,459664,,CAG_eGFP
B3_W3_D3_02022026(9).edf,Batch_3,,459657,,RAM_GDNF,459658,,RAM_GDNF,459659,,CAG_GDNF,459660,,CAG_GDNF,459661,,CAG_GDNF,459662,,CAG_eGFP,459663,,CAG_eGFP,459664,,CAG_eGFP
B3_W3_D3_02022026(14).edf,Batch_3,,459657,,RAM_GDNF,459658,,RAM_GDNF,459659,,CAG_GDNF,459660,,CAG_GDNF,459661,,CAG_GDNF,459662,,CAG_eGFP,459663,,CAG_eGFP,459664,,CAG_eGFP
B3_W3_D3_02022026(5).edf,Batch_3,,459657,,RAM_GDNF,459658,,RAM_GDNF,459659,,CAG_GDNF,459660,,CAG_GDNF,459661,,CAG_GDNF,459662,,CAG_eGFP,459663,,CAG_eGFP,459664,,CAG_eGFP
B3_W3_D3_02022026(2).edf,Batch_3,,459657,,RAM_GDNF,459658,,RAM_GDNF,459659,,CAG_GDNF,459660,,CAG_GDNF,459661,,CAG_GDNF,459662,,CAG_eGFP,459663,,CAG_eGFP,459664,,CAG_eGFP
B3_W3_D3_02022026(10).edf,Batch_3,,459657,,RAM_GDNF,459658,,RAM_GDNF,459659,,CAG_GDNF,459660,,CAG_GDNF,459661,,CAG_GDNF,459662,,CAG_eGFP,459663,,CAG_eGFP,459664,,CAG_eGFP
B3_W3_D3_02022026(15).edf,Batch_3,,459657,,RAM_GDNF,459658,,RAM_GDNF,459659,,CAG_GDNF,459660,,CAG_GDNF,459661,,CAG_GDNF,459662,,CAG_eGFP,459663,,CAG_eGFP,459664,,CAG_eGFP
B3_W3_D3_02022026(7).edf,Batch_3,,459657,,RAM_GDNF,459658,,RAM_GDNF,459659,,CAG_GDNF,459660,,CAG_GDNF,459661,,CAG_GDNF,459662,,CAG_eGFP,459663,,CAG_eGFP,459664,,CAG_eGFP
B3_W3_D5_04022026(5).edf,Batch_3,,459657,,RAM_GDNF,459658,,RAM_GDNF,459659,,CAG_GDNF,459660,,CAG_GDNF,459661,,CAG_GDNF,459662,,CAG_eGFP,459663,,CAG_eGFP,459664,,CAG_eGFP
B3_W3_D5_04022026(14).edf,Batch_3,,459657,,RAM_GDNF,459658,,RAM_GDNF,459659,,CAG_GDNF,459660,,CAG_GDNF,459661,,CAG_GDNF,459662,,CAG_eGFP,459663,,CAG_eGFP,459664,,CAG_eGFP
B3_W3_D5_04022026(17).edf,Batch_3,,459657,,RAM_GDNF,459658,,RAM_GDNF,459659,,CAG_GDNF,459660,,CAG_GDNF,459661,,CAG_GDNF,459662,,CAG_eGFP,459663,,CAG_eGFP,459664,,CAG_eGFP
B3_W3_D5_04022026(8).edf,Batch_3,,459657,,RAM_GDNF,459658,,RAM_GDNF,459659,,CAG_GDNF,459660,,CAG_GDNF,459661,,CAG_GDNF,459662,,CAG_eGFP,459663,,CAG_eGFP,459664,,CAG_eGFP
B3_W3_D5_04022026(6).edf,Batch_3,,459657,,RAM_GDNF,459658,,RAM_GDNF,459659,,CAG_GDNF,459660,,CAG_GDNF,459661,,CAG_GDNF,459662,,CAG_eGFP,459663,,CAG_eGFP,459664,,CAG_eGFP
B3_W3_D5_04022026(12).edf,Batch_3,,459657,,RAM_GDNF,459658,,RAM_GDNF,459659,,CAG_GDNF,459660,,CAG_GDNF,459661,,CAG_GDNF,459662,,CAG_eGFP,459663,,CAG_eGFP,459664,,CAG_eGFP
B3_W3_D5_04022026(9).edf,Batch_3,,459657,,RAM_GDNF,459658,,RAM_GDNF,459659,,CAG_GDNF,459660,,CAG_GDNF,459661,,CAG_GDNF,459662,,CAG_eGFP,459663,,CAG_eGFP,459664,,CAG_eGFP
B3_W3_D5_04022026(7).edf,Batch_3,,459657,,RAM_GDNF,459658,,RAM_GDNF,459659,,CAG_GDNF,459660,,CAG_GDNF,459661,,CAG_GDNF,459662,,CAG_eGFP,459663,,CAG_eGFP,459664,,CAG_eGFP
B3_W3_D5_04022026(1).edf,Batch_3,,459657,,RAM_GDNF,459658,,RAM_GDNF,459659,,CAG_GDNF,459660,,CAG_GDNF,459661,,CAG_GDNF,459662,,CAG_eGFP,459663,,CAG_eGFP,459664,,CAG_eGFP
B3_W3_D5_04022026(4).edf,Batch_3,,459657,,RAM_GDNF,459658,,RAM_GDNF,459659,,CAG_GDNF,459660,,CAG_GDNF,459661,,CAG_GDNF,459662,,CAG_eGFP,459663,,CAG_eGFP,459664,,CAG_eGFP
B3_W3_D5_04022026(10).edf,Batch_3,,459657,,RAM_GDNF,459658,,RAM_GDNF,459659,,CAG_GDNF,459660,,CAG_GDNF,459661,,CAG_GDNF,459662,,CAG_eGFP,459663,,CAG_eGFP,459664,,CAG_eGFP
B3_W3_D5_04022026(15).edf,Batch_3,,459657,,RAM_GDNF,459658,,RAM_GDNF,459659,,CAG_GDNF,459660,,CAG_GDNF,459661,,CAG_GDNF,459662,,CAG_eGFP,459663,,CAG_eGFP,459664,,CAG_eGFP
B3_W3_D5_04022026(16).edf,Batch_3,,459657,,RAM_GDNF,459658,,RAM_GDNF,459659,,CAG_GDNF,459660,,CAG_GDNF,459661,,CAG_GDNF,459662,,CAG_eGFP,459663,,CAG_eGFP,459664,,CAG_eGFP
B3_W3_D5_04022026(13).edf,Batch_3,,459657,,RAM_GDNF,459658,,RAM_GDNF,459659,,CAG_GDNF,459660,,CAG_GDNF,459661,,CAG_GDNF,459662,,CAG_eGFP,459663,,CAG_eGFP,459664,,CAG_eGFP
B3_W3_D5_04022026(3).edf,Batch_3,,459657,,RAM_GDNF,459658,,RAM_GDNF,459659,,CAG_GDNF,459660,,CAG_GDNF,459661,,CAG_GDNF,459662,,CAG_eGFP,459663,,CAG_eGFP,459664,,CAG_eGFP
B3_W3_D5_04022026(11).edf,Batch_3,,459657,,RAM_GDNF,459658,,RAM_GDNF,459659,,CAG_GDNF,459660,,CAG_GDNF,459661,,CAG_GDNF,459662,,CAG_eGFP,459663,,CAG_eGFP,459664,,CAG_eGFP
B3_W3_D5_04022026(2).edf,Batch_3,,459657,,RAM_GDNF,459658,,RAM_GDNF,459659,,CAG_GDNF,459660,,CAG_GDNF,459661,,CAG_GDNF,459662,,CAG_eGFP,459663,,CAG_eGFP,459664,,CAG_eGFP
B3_W3_D7_06022026(1).edf,Batch_3,,459657,,RAM_GDNF,459658,,RAM_GDNF,459659,,CAG_GDNF,459660,,CAG_GDNF,459661,,CAG_GDNF,459662,,CAG_eGFP,459663,,CAG_eGFP,459664,,CAG_eGFP
B3_W3_D7_06022026(10).edf,Batch_3,,459657,,RAM_GDNF,459658,,RAM_GDNF,459659,,CAG_GDNF,459660,,CAG_GDNF,459661,,CAG_GDNF,459662,,CAG_eGFP,459663,,CAG_eGFP,459664,,CAG_eGFP
B3_W3_D7_06022026(5).edf,Batch_3,,459657,,RAM_GDNF,459658,,RAM_GDNF,459659,,CAG_GDNF,459660,,CAG_GDNF,459661,,CAG_GDNF,459662,,CAG_eGFP,459663,,CAG_eGFP,459664,,CAG_eGFP
B3_W3_D7_06022026(15).edf,Batch_3,,459657,,RAM_GDNF,459658,,RAM_GDNF,459659,,CAG_GDNF,459660,,CAG_GDNF,459661,,CAG_GDNF,459662,,CAG_eGFP,459663,,CAG_eGFP,459664,,CAG_eGFP
B3_W3_D7_06022026(4).edf,Batch_3,,459657,,RAM_GDNF,459658,,RAM_GDNF,459659,,CAG_GDNF,459660,,CAG_GDNF,459661,,CAG_GDNF,459662,,CAG_eGFP,459663,,CAG_eGFP,459664,,CAG_eGFP
B3_W3_D7_06022026(13).edf,Batch_3,,459657,,RAM_GDNF,459658,,RAM_GDNF,459659,,CAG_GDNF,459660,,CAG_GDNF,459661,,CAG_GDNF,459662,,CAG_eGFP,459663,,CAG_eGFP,459664,,CAG_eGFP
B3_W3_D7_06022026(7).edf,Batch_3,,459657,,RAM_GDNF,459658,,RAM_GDNF,459659,,CAG_GDNF,459660,,CAG_GDNF,459661,,CAG_GDNF,459662,,CAG_eGFP,459663,,CAG_eGFP,459664,,CAG_eGFP
B3_W3_D7_06022026(2).edf,Batch_3,,459657,,RAM_GDNF,459658,,RAM_GDNF,459659,,CAG_GDNF,459660,,CAG_GDNF,459661,,CAG_GDNF,459662,,CAG_eGFP,459663,,CAG_eGFP,459664,,CAG_eGFP
B3_W3_D7_06022026(14).edf,Batch_3,,459657,,RAM_GDNF,459658,,RAM_GDNF,459659,,CAG_GDNF,459660,,CAG_GDNF,459661,,CAG_GDNF,459662,,CAG_eGFP,459663,,CAG_eGFP,459664,,CAG_eGFP
B3_W3_D7_06022026(12).edf,Batch_3,,459657,,RAM_GDNF,459658,,RAM_GDNF,459659,,CAG_GDNF,459660,,CAG_GDNF,459661,,CAG_GDNF,459662,,CAG_eGFP,459663,,CAG_eGFP,459664,,CAG_eGFP
B3_W3_D7_06022026(11).edf,Batch_3,,459657,,RAM_GDNF,459658,,RAM_GDNF,459659,,CAG_GDNF,459660,,CAG_GDNF,459661,,CAG_GDNF,459662,,CAG_eGFP,459663,,CAG_eGFP,459664,,CAG_eGFP
B3_W3_D7_06022026(16).edf,Batch_3,,459657,,RAM_GDNF,459658,,RAM_GDNF,459659,,CAG_GDNF,459660,,CAG_GDNF,459661,,CAG_GDNF,459662,,CAG_eGFP,459663,,CAG_eGFP,459664,,CAG_eGFP
B3_W3_D7_06022026(17).edf,Batch_3,,459657,,RAM_GDNF,459658,,RAM_GDNF,459659,,CAG_GDNF,459660,,CAG_GDNF,459661,,CAG_GDNF,459662,,CAG_eGFP,459663,,CAG_eGFP,459664,,CAG_eGFP
B3_W3_D7_06022026(9).edf,Batch_3,,459657,,RAM_GDNF,459658,,RAM_GDNF,459659,,CAG_GDNF,459660,,CAG_GDNF,459661,,CAG_GDNF,459662,,CAG_eGFP,459663,,CAG_eGFP,459664,,CAG_eGFP
B3_W3_D7_06022026(6).edf,Batch_3,,459657,,RAM_GDNF,459658,,RAM_GDNF,459659,,CAG_GDNF,459660,,CAG_GDNF,459661,,CAG_GDNF,459662,,CAG_eGFP,459663,,CAG_eGFP,459664,,CAG_eGFP
B3_W3_D7_06022026(3).edf,Batch_3,,459657,,RAM_GDNF,459658,,RAM_GDNF,459659,,CAG_GDNF,459660,,CAG_GDNF,459661,,CAG_GDNF,459662,,CAG_eGFP,459663,,CAG_eGFP,459664,,CAG_eGFP
B3_W3_D7_06022026(8).edf,Batch_3,,459657,,RAM_GDNF,459658,,RAM_GDNF,459659,,CAG_GDNF,459660,,CAG_GDNF,459661,,CAG_GDNF,459662,,CAG_eGFP,459663,,CAG_eGFP,459664,,CAG_eGFP
B3_W3_D6_05022026(5).edf,Batch_3,,459657,,RAM_GDNF,459658,,RAM_GDNF,459659,,CAG_GDNF,459660,,CAG_GDNF,459661,,CAG_GDNF,459662,,CAG_eGFP,459663,,CAG_eGFP,459664,,CAG_eGFP
B3_W3_D6_05022026(8).edf,Batch_3,,459657,,RAM_GDNF,459658,,RAM_GDNF,459659,,CAG_GDNF,459660,,CAG_GDNF,459661,,CAG_GDNF,459662,,CAG_eGFP,459663,,CAG_eGFP,459664,,CAG_eGFP
B3_W3_D6_05022026(7).edf,Batch_3,,459657,,RAM_GDNF,459658,,RAM_GDNF,459659,,CAG_GDNF,459660,,CAG_GDNF,459661,,CAG_GDNF,459662,,CAG_eGFP,459663,,CAG_eGFP,459664,,CAG_eGFP
B3_W3_D6_05022026(1).edf,Batch_3,,459657,,RAM_GDNF,459658,,RAM_GDNF,459659,,CAG_GDNF,459660,,CAG_GDNF,459661,,CAG_GDNF,459662,,CAG_eGFP,459663,,CAG_eGFP,459664,,CAG_eGFP
B3_W3_D6_05022026(11).edf,Batch_3,,459657,,RAM_GDNF,459658,,RAM_GDNF,459659,,CAG_GDNF,459660,,CAG_GDNF,459661,,CAG_GDNF,459662,,CAG_eGFP,459663,,CAG_eGFP,459664,,CAG_eGFP
B3_W3_D6_05022026(13).edf,Batch_3,,459657,,RAM_GDNF,459658,,RAM_GDNF,459659,,CAG_GDNF,459660,,CAG_GDNF,459661,,CAG_GDNF,459662,,CAG_eGFP,459663,,CAG_eGFP,459664,,CAG_eGFP
B3_W3_D6_05022026(2).edf,Batch_3,,459657,,RAM_GDNF,459658,,RAM_GDNF,459659,,CAG_GDNF,459660,,CAG_GDNF,459661,,CAG_GDNF,459662,,CAG_eGFP,459663,,CAG_eGFP,459664,,CAG_eGFP
B3_W3_D6_05022026(4).edf,Batch_3,,459657,,RAM_GDNF,459658,,RAM_GDNF,459659,,CAG_GDNF,459660,,CAG_GDNF,459661,,CAG_GDNF,459662,,CAG_eGFP,459663,,CAG_eGFP,459664,,CAG_eGFP
B3_W3_D6_05022026(10).edf,Batch_3,,459657,,RAM_GDNF,459658,,RAM_GDNF,459659,,CAG_GDNF,459660,,CAG_GDNF,459661,,CAG_GDNF,459662,,CAG_eGFP,459663,,CAG_eGFP,459664,,CAG_eGFP
B3_W3_D6_05022026(9).edf,Batch_3,,459657,,RAM_GDNF,459658,,RAM_GDNF,459659,,CAG_GDNF,459660,,CAG_GDNF,459661,,CAG_GDNF,459662,,CAG_eGFP,459663,,CAG_eGFP,459664,,CAG_eGFP
B3_W3_D6_05022026(6).edf,Batch_3,,459657,,RAM_GDNF,459658,,RAM_GDNF,459659,,CAG_GDNF,459660,,CAG_GDNF,459661,,CAG_GDNF,459662,,CAG_eGFP,459663,,CAG_eGFP,459664,,CAG_eGFP
B3_W3_D6_05022026(3).edf,Batch_3,,459657,,RAM_GDNF,459658,,RAM_GDNF,459659,,CAG_GDNF,459660,,CAG_GDNF,459661,,CAG_GDNF,459662,,CAG_eGFP,459663,,CAG_eGFP,459664,,CAG_eGFP
B3_W3_D6_05022026(12).edf,Batch_3,,459657,,RAM_GDNF,459658,,RAM_GDNF,459659,,CAG_GDNF,459660,,CAG_GDNF,459661,,CAG_GDNF,459662,,CAG_eGFP,459663,,CAG_eGFP,459664,,CAG_eGFP
B3_W3_D6_05022026(14).edf,Batch_3,,459657,,RAM_GDNF,459658,,RAM_GDNF,459659,,CAG_GDNF,459660,,CAG_GDNF,459661,,CAG_GDNF,459662,,CAG_eGFP,459663,,CAG_eGFP,459664,,CAG_eGFP
B3_W3_D8_07022026(14).edf,Batch_3,,459657,,RAM_GDNF,459658,,RAM_GDNF,459659,,CAG_GDNF,459660,,CAG_GDNF,459661,,CAG_GDNF,459662,,CAG_eGFP,459663,,CAG_eGFP,459664,,CAG_eGFP
B3_W3_D8_07022026(15).edf,Batch_3,,459657,,RAM_GDNF,459658,,RAM_GDNF,459659,,CAG_GDNF,459660,,CAG_GDNF,459661,,CAG_GDNF,459662,,CAG_eGFP,459663,,CAG_eGFP,459664,,CAG_eGFP
B3_W3_D8_07022026(13).edf,Batch_3,,459657,,RAM_GDNF,459658,,RAM_GDNF,459659,,CAG_GDNF,459660,,CAG_GDNF,459661,,CAG_GDNF,459662,,CAG_eGFP,459663,,CAG_eGFP,459664,,CAG_eGFP
B3_W3_D8_07022026(2).edf,Batch_3,,459657,,RAM_GDNF,459658,,RAM_GDNF,459659,,CAG_GDNF,459660,,CAG_GDNF,459661,,CAG_GDNF,459662,,CAG_eGFP,459663,,CAG_eGFP,459664,,CAG_eGFP
B3_W3_D8_07022026(17).edf,Batch_3,,459657,,RAM_GDNF,459658,,RAM_GDNF,459659,,CAG_GDNF,459660,,CAG_GDNF,459661,,CAG_GDNF,459662,,CAG_eGFP,459663,,CAG_eGFP,459664,,CAG_eGFP
B3_W3_D8_07022026(1).edf,Batch_3,,459657,,RAM_GDNF,459658,,RAM_GDNF,459659,,CAG_GDNF,459660,,CAG_GDNF,459661,,CAG_GDNF,459662,,CAG_eGFP,459663,,CAG_eGFP,459664,,CAG_eGFP
B3_W3_D8_07022026(11).edf,Batch_3,,459657,,RAM_GDNF,459658,,RAM_GDNF,459659,,CAG_GDNF,459660,,CAG_GDNF,459661,,CAG_GDNF,459662,,CAG_eGFP,459663,,CAG_eGFP,459664,,CAG_eGFP
B3_W3_D8_07022026(3).edf,Batch_3,,459657,,RAM_GDNF,459658,,RAM_GDNF,459659,,CAG_GDNF,459660,,CAG_GDNF,459661,,CAG_GDNF,459662,,CAG_eGFP,459663,,CAG_eGFP,459664,,CAG_eGFP
B3_W3_D8_07022026(9).edf,Batch_3,,459657,,RAM_GDNF,459658,,RAM_GDNF,459659,,CAG_GDNF,459660,,CAG_GDNF,459661,,CAG_GDNF,459662,,CAG_eGFP,459663,,CAG_eGFP,459664,,CAG_eGFP
B3_W3_D8_07022026(6).edf,Batch_3,,459657,,RAM_GDNF,459658,,RAM_GDNF,459659,,CAG_GDNF,459660,,CAG_GDNF,459661,,CAG_GDNF,459662,,CAG_eGFP,459663,,CAG_eGFP,459664,,CAG_eGFP
B3_W3_D8_07022026(12).edf,Batch_3,,459657,,RAM_GDNF,459658,,RAM_GDNF,459659,,CAG_GDNF,459660,,CAG_GDNF,459661,,CAG_GDNF,459662,,CAG_eGFP,459663,,CAG_eGFP,459664,,CAG_eGFP
B3_W3_D8_07022026(10).edf,Batch_3,,459657,,RAM_GDNF,459658,,RAM_GDNF,459659,,CAG_GDNF,459660,,CAG_GDNF,459661,,CAG_GDNF,459662,,CAG_eGFP,459663,,CAG_eGFP,459664,,CAG_eGFP
B3_W3_D8_07022026(4).edf,Batch_3,,459657,,RAM_GDNF,459658,,RAM_GDNF,459659,,CAG_GDNF,459660,,CAG_GDNF,459661,,CAG_GDNF,459662,,CAG_eGFP,459663,,CAG_eGFP,459664,,CAG_eGFP
B3_W3_D8_07022026(16).edf,Batch_3,,459657,,RAM_GDNF,459658,,RAM_GDNF,459659,,CAG_GDNF,459660,,CAG_GDNF,459661,,CAG_GDNF,459662,,CAG_eGFP,459663,,CAG_eGFP,459664,,CAG_eGFP
B3_W3_D8_07022026(7).edf,Batch_3,,459657,,RAM_GDNF,459658,,RAM_GDNF,459659,,CAG_GDNF,459660,,CAG_GDNF,459661,,CAG_GDNF,459662,,CAG_eGFP,459663,,CAG_eGFP,459664,,CAG_eGFP
B3_W3_D8_07022026(5).edf,Batch_3,,459657,,RAM_GDNF,459658,,RAM_GDNF,459659,,CAG_GDNF,459660,,CAG_GDNF,459661,,CAG_GDNF,459662,,CAG_eGFP,459663,,CAG_eGFP,459664,,CAG_eGFP
B3_W3_D8_07022026(8).edf,Batch_3,,459657,,RAM_GDNF,459658,,RAM_GDNF,459659,,CAG_GDNF,459660,,CAG_GDNF,459661,,CAG_GDNF,459662,,CAG_eGFP,459663,,CAG_eGFP,459664,,CAG_eGFP
B3_W3_D1_28012026(2).edf,Batch_3,,459657,,RAM_GDNF,459658,,RAM_GDNF,459659,,CAG_GDNF,459660,,CAG_GDNF,459661,,CAG_GDNF,459662,,CAG_eGFP,459663,,CAG_eGFP,459664,,CAG_eGFP
B3_W3_D1_28012026(11).edf,Batch_3,,459657,,RAM_GDNF,459658,,RAM_GDNF,459659,,CAG_GDNF,459660,,CAG_GDNF,459661,,CAG_GDNF,459662,,CAG_eGFP,459663,,CAG_eGFP,459664,,CAG_eGFP
B3_W3_D1_28012026(1).edf,Batch_3,,459657,,RAM_GDNF,459658,,RAM_GDNF,459659,,CAG_GDNF,459660,,CAG_GDNF,459661,,CAG_GDNF,459662,,CAG_eGFP,459663,,CAG_eGFP,459664,,CAG_eGFP
B3_W3_D1_28012026(13).edf,Batch_3,,459657,,RAM_GDNF,459658,,RAM_GDNF,459659,,CAG_GDNF,459660,,CAG_GDNF,459661,,CAG_GDNF,459662,,CAG_eGFP,459663,,CAG_eGFP,459664,,CAG_eGFP
B3_W3_D1_28012026(4).edf,Batch_3,,459657,,RAM_GDNF,459658,,RAM_GDNF,459659,,CAG_GDNF,459660,,CAG_GDNF,459661,,CAG_GDNF,459662,,CAG_eGFP,459663,,CAG_eGFP,459664,,CAG_eGFP
B3_W3_D1_28012026(14).edf,Batch_3,,459657,,RAM_GDNF,459658,,RAM_GDNF,459659,,CAG_GDNF,459660,,CAG_GDNF,459661,,CAG_GDNF,459662,,CAG_eGFP,459663,,CAG_eGFP,459664,,CAG_eGFP
B3_W3_D1_28012026(6).edf,Batch_3,,459657,,RAM_GDNF,459658,,RAM_GDNF,459659,,CAG_GDNF,459660,,CAG_GDNF,459661,,CAG_GDNF,459662,,CAG_eGFP,459663,,CAG_eGFP,459664,,CAG_eGFP
B3_W3_D1_28012026(15).edf,Batch_3,,459657,,RAM_GDNF,459658,,RAM_GDNF,459659,,CAG_GDNF,459660,,CAG_GDNF,459661,,CAG_GDNF,459662,,CAG_eGFP,459663,,CAG_eGFP,459664,,CAG_eGFP
B3_W3_D1_28012026(8).edf,Batch_3,,459657,,RAM_GDNF,459658,,RAM_GDNF,459659,,CAG_GDNF,459660,,CAG_GDNF,459661,,CAG_GDNF,459662,,CAG_eGFP,459663,,CAG_eGFP,459664,,CAG_eGFP
B3_W3_D1_28012026(3).edf,Batch_3,,459657,,RAM_GDNF,459658,,RAM_GDNF,459659,,CAG_GDNF,459660,,CAG_GDNF,459661,,CAG_GDNF,459662,,CAG_eGFP,459663,,CAG_eGFP,459664,,CAG_eGFP
B3_W3_D1_28012026(10).edf,Batch_3,,459657,,RAM_GDNF,459658,,RAM_GDNF,459659,,CAG_GDNF,459660,,CAG_GDNF,459661,,CAG_GDNF,459662,,CAG_eGFP,459663,,CAG_eGFP,459664,,CAG_eGFP
B3_W3_D1_28012026(7).edf,Batch_3,,459657,,RAM_GDNF,459658,,RAM_GDNF,459659,,CAG_GDNF,459660,,CAG_GDNF,459661,,CAG_GDNF,459662,,CAG_eGFP,459663,,CAG_eGFP,459664,,CAG_eGFP
B3_W3_D1_28012026(9).edf,Batch_3,,459657,,RAM_GDNF,459658,,RAM_GDNF,459659,,CAG_GDNF,459660,,CAG_GDNF,459661,,CAG_GDNF,459662,,CAG_eGFP,459663,,CAG_eGFP,459664,,CAG_eGFP
B3_W3_D1_28012026(16).edf,Batch_3,,459657,,RAM_GDNF,459658,,RAM_GDNF,459659,,CAG_GDNF,459660,,CAG_GDNF,459661,,CAG_GDNF,459662,,CAG_eGFP,459663,,CAG_eGFP,459664,,CAG_eGFP
B3_W3_D1_28012026(5).edf,Batch_3,,459657,,RAM_GDNF,459658,,RAM_GDNF,459659,,CAG_GDNF,459660,,CAG_GDNF,459661,,CAG_GDNF,459662,,CAG_eGFP,459663,,CAG_eGFP,459664,,CAG_eGFP
B3_W3_D1_28012026(12).edf,Batch_3,,459657,,RAM_GDNF,459658,,RAM_GDNF,459659,,CAG_GDNF,459660,,CAG_GDNF,459661,,CAG_GDNF,459662,,CAG_eGFP,459663,,CAG_eGFP,459664,,CAG_eGFP
