session_idx,session_name,channel,start_s,end_s,duration_s,label,candidate_idx,candidate_type,candidate_spike_freq,candidate_peak_score,created_at,source_workbook,batch,week,day_file,candidate_spike_count,candidate_mean_score,candidate_mean_low,candidate_mean_gamma,candidate_mean_broad,stem,ch0,dur,path,dur_s,unet_caught
1,B1_W1_D1_04092025(1),2,529.3206705390335,591.0884837360595,61.76781319702605,Seizure,2.0,convulsive,5.111293050018746,415.1869135889816,2026-05-07 11:57:29,Batch_1_Recordings/Week_1/EDF and Dat Files/B1_W1_7days_Annotations/Day_1.xlsx,Batch_1,1,Day_1,,,,,,B1_W1_D1_04092025(1),1,5400.0,/lunarc/nobackup/projects/lu2026-2-60/RAM_GDNF_2025/Batch_1_Recordings/Week_1/EDF and Dat Files/W1_D1/B1_W1_D1_04092025(1).edf,61.767813197026044,False
1,B1_W1_D1_04092025(1),8,1101.3011031598514,1275.2629247211898,173.9618215613384,Seizure,4.0,convulsive,2.586049281956652,245.57238116186713,2026-05-07 11:57:50,Batch_1_Recordings/Week_1/EDF and Dat Files/B1_W1_7days_Annotations/Day_1.xlsx,Batch_1,1,Day_1,,,,,,B1_W1_D1_04092025(1),7,5400.0,/lunarc/nobackup/projects/lu2026-2-60/RAM_GDNF_2025/Batch_1_Recordings/Week_1/EDF and Dat Files/W1_D1/B1_W1_D1_04092025(1).edf,173.9618215613384,False
1,B1_W1_D1_04092025(1),8,1962.5498269410664,2135.129,172.57917305893375,Seizure,5.0,convulsive,3.351634033911707,1217.082723856561,2026-05-07 11:58:00,Batch_1_Recordings/Week_1/EDF and Dat Files/B1_W1_7days_Annotations/Day_1.xlsx,Batch_1,1,Day_1,,,,,,B1_W1_D1_04092025(1),7,5400.0,/lunarc/nobackup/projects/lu2026-2-60/RAM_GDNF_2025/Batch_1_Recordings/Week_1/EDF and Dat Files/W1_D1/B1_W1_D1_04092025(1).edf,172.57917305893352,False
1,B1_W1_D1_04092025(1),8,3799.1971893656714,4006.6760625,207.4788731343283,Seizure,7.0,convulsive,3.509974213330873,617.2896492579805,2026-05-07 11:58:23,Batch_1_Recordings/Week_1/EDF and Dat Files/B1_W1_7days_Annotations/Day_1.xlsx,Batch_1,1,Day_1,,,,,,B1_W1_D1_04092025(1),7,5400.0,/lunarc/nobackup/projects/lu2026-2-60/RAM_GDNF_2025/Batch_1_Recordings/Week_1/EDF and Dat Files/W1_D1/B1_W1_D1_04092025(1).edf,207.47887313432875,False
1,B1_W1_D1_04092025(1),8,4074.3034505597016,4313.623140858209,239.31969029850737,Seizure,10.0,convulsive,2.603677267027263,484.438483798088,2026-05-07 11:59:01,Batch_1_Recordings/Week_1/EDF and Dat Files/B1_W1_7days_Annotations/Day_1.xlsx,Batch_1,1,Day_1,,,,,,B1_W1_D1_04092025(1),7,5400.0,/lunarc/nobackup/projects/lu2026-2-60/RAM_GDNF_2025/Batch_1_Recordings/Week_1/EDF and Dat Files/W1_D1/B1_W1_D1_04092025(1).edf,239.31969029850734,False
5,B1_W1_D1_04092025(13),8,2947.7565858725766,3677.630367036011,729.8737811634346,Seizure,12.0,convulsive,2.7831671047348943,28.720517914338547,2026-05-08 09:37:23,Batch_1_Recordings/Week_1/EDF and Dat Files/B1_W1_7days_Annotations/Day_1.xlsx,Batch_1,1,Day_1,,,,,,B1_W1_D1_04092025(13),7,5400.0,/lunarc/nobackup/projects/lu2026-2-60/RAM_GDNF_2025/Batch_1_Recordings/Week_1/EDF and Dat Files/W1_D1/B1_W1_D1_04092025(13).edf,729.8737811634346,False
7,B1_W1_D1_04092025(15),8,796.504121421976,857.4059764542936,60.9018550323176,Seizure,4.0,convulsive,4.380093473308438,353.15205857774504,2026-05-08 09:40:43,Batch_1_Recordings/Week_1/EDF and Dat Files/B1_W1_7days_Annotations/Day_1.xlsx,Batch_1,1,Day_1,,,,,,B1_W1_D1_04092025(15),7,5400.0,/lunarc/nobackup/projects/lu2026-2-60/RAM_GDNF_2025/Batch_1_Recordings/Week_1/EDF and Dat Files/W1_D1/B1_W1_D1_04092025(15).edf,60.9018550323176,True
9,B1_W1_D1_04092025(2),8,925.2283973048328,993.2419084572492,68.01351115241641,Seizure,1.0,convulsive,3.0650658798392434,552.2783144565124,2026-05-07 12:15:53,Batch_1_Recordings/Week_1/EDF and Dat Files/B1_W1_7days_Annotations/Day_1.xlsx,Batch_1,1,Day_1,,,,,,B1_W1_D1_04092025(2),7,5400.0,/lunarc/nobackup/projects/lu2026-2-60/RAM_GDNF_2025/Batch_1_Recordings/Week_1/EDF and Dat Files/W1_D1/B1_W1_D1_04092025(2).edf,68.01351115241641,True
7,B1_W1_D2_05092025(15),7,1138.2751595149257,1163.071,24.79584048507445,Seizure,6.0,convulsive,3.199421322056532,142.82631849893087,2026-05-08 10:38:49,Batch_1_Recordings/Week_1/EDF and Dat Files/B1_W1_7days_Annotations/Day_2.xlsx,Batch_1,1,Day_2,,,,,,B1_W1_D2_05092025(15),6,5400.0,/lunarc/nobackup/projects/lu2026-2-60/RAM_GDNF_2025/Batch_1_Recordings/Week_1/EDF and Dat Files/W1_D2/B1_W1_D2_05092025(15).edf,24.795840485074223,False
7,B1_W1_D2_05092025(15),5,1713.1132882462684,1746.062,32.94871175373146,Seizure,10.0,convulsive,3.2479069833553655,538.1568477097927,2026-05-08 10:39:35,Batch_1_Recordings/Week_1/EDF and Dat Files/B1_W1_7days_Annotations/Day_2.xlsx,Batch_1,1,Day_2,,,,,,B1_W1_D2_05092025(15),4,5400.0,/lunarc/nobackup/projects/lu2026-2-60/RAM_GDNF_2025/Batch_1_Recordings/Week_1/EDF and Dat Files/W1_D2/B1_W1_D2_05092025(15).edf,32.94871175373146,False
12,B1_W1_D2_05092025(5),8,2764.3224021237306,3078.864944136658,314.54254201292724,Seizure,5.0,convulsive,2.864806753706532,69.18879652669095,2026-05-08 10:15:56,Batch_1_Recordings/Week_1/EDF and Dat Files/B1_W1_7days_Annotations/Day_2.xlsx,Batch_1,1,Day_2,,,,,,B1_W1_D2_05092025(5),7,5400.0,/lunarc/nobackup/projects/lu2026-2-60/RAM_GDNF_2025/Batch_1_Recordings/Week_1/EDF and Dat Files/W1_D2/B1_W1_D2_05092025(5).edf,314.54254201292724,False
6,B1_W1_D3_06092025(14),5,2314.118,2499.0024762126864,184.8844762126864,Seizure,14.0,convulsive,4.262788365095286,604.539498837933,2026-05-08 11:38:33,Batch_1_Recordings/Week_1/EDF and Dat Files/B1_W1_7days_Annotations/Day_3.xlsx,Batch_1,1,Day_3,,,,,,B1_W1_D3_06092025(14),4,5400.0,/lunarc/nobackup/projects/lu2026-2-60/RAM_GDNF_2025/Batch_1_Recordings/Week_1/EDF and Dat Files/W1_D3/B1_W1_D3_06092025(14).edf,184.88447621268642,False
6,B1_W1_D3_06092025(14),5,2314.5275583022385,2608.142055503731,293.61449720149267,Seizure,12.0,convulsive,3.906005090972928,267.785839852088,2026-05-08 11:38:12,Batch_1_Recordings/Week_1/EDF and Dat Files/B1_W1_7days_Annotations/Day_3.xlsx,Batch_1,1,Day_3,,,,,,B1_W1_D3_06092025(14),4,5400.0,/lunarc/nobackup/projects/lu2026-2-60/RAM_GDNF_2025/Batch_1_Recordings/Week_1/EDF and Dat Files/W1_D3/B1_W1_D3_06092025(14).edf,293.61449720149267,False
14,B1_W1_D3_06092025(7),8,3474.7572031394275,3863.808863342567,389.05166020313936,Seizure,9.0,convulsive,2.628767725854088,21.57854945486198,2026-05-08 11:19:20,Batch_1_Recordings/Week_1/EDF and Dat Files/B1_W1_7days_Annotations/Day_3.xlsx,Batch_1,1,Day_3,,,,,,B1_W1_D3_06092025(7),7,5400.5,/lunarc/nobackup/projects/lu2026-2-60/RAM_GDNF_2025/Batch_1_Recordings/Week_1/EDF and Dat Files/W1_D3/B1_W1_D3_06092025(7).edf,389.05166020313936,False
10,B1_W1_D4_07092025(3),7,1744.0629298245617,1788.321105263158,44.25817543859648,Seizure,6.0,convulsive,2.9249827942188578,170.78369567344717,2026-05-11 13:14:19,Batch_1_Recordings/Week_1/EDF and Dat Files/B1_W1_7days_Annotations/Day_4.xlsx,Batch_1,1,Day_4,,,,,,B1_W1_D4_07092025(3),6,5400.0,/lunarc/nobackup/projects/lu2026-2-60/RAM_GDNF_2025/Batch_1_Recordings/Week_1/EDF and Dat Files/W1_D4/B1_W1_D4_07092025(3).edf,44.258175438596254,False
10,B1_W1_D4_07092025(3),7,1744.966157894737,1787.8694912280705,42.903333333333194,Seizure,6.0,convulsive,2.9249827942188578,170.78369567344717,2026-05-11 13:25:23,Batch_1_Recordings/Week_1/EDF and Dat Files/B1_W1_7days_Annotations/Day_4.xlsx,Batch_1,1,Day_4,,,,,,B1_W1_D4_07092025(3),6,5400.0,/lunarc/nobackup/projects/lu2026-2-60/RAM_GDNF_2025/Batch_1_Recordings/Week_1/EDF and Dat Files/W1_D4/B1_W1_D4_07092025(3).edf,42.90333333333342,False
11,B1_W1_D4_07092025(4),5,2664.9346324626863,2737.085244402985,72.15061194029886,Seizure,14.0,convulsive,3.7818111744089418,463.9455048799299,2026-05-11 13:47:33,Batch_1_Recordings/Week_1/EDF and Dat Files/B1_W1_7days_Annotations/Day_4.xlsx,Batch_1,1,Day_4,,,,,,B1_W1_D4_07092025(4),4,5400.0,/lunarc/nobackup/projects/lu2026-2-60/RAM_GDNF_2025/Batch_1_Recordings/Week_1/EDF and Dat Files/W1_D4/B1_W1_D4_07092025(4).edf,72.15061194029886,False
11,B1_W1_D4_07092025(4),5,2668.1619645522387,2736.090998134328,67.92903358208923,Seizure,15.0,convulsive,4.155460390382418,1442.7859281294554,2026-05-11 13:47:49,Batch_1_Recordings/Week_1/EDF and Dat Files/B1_W1_7days_Annotations/Day_4.xlsx,Batch_1,1,Day_4,,,,,,B1_W1_D4_07092025(4),4,5400.0,/lunarc/nobackup/projects/lu2026-2-60/RAM_GDNF_2025/Batch_1_Recordings/Week_1/EDF and Dat Files/W1_D4/B1_W1_D4_07092025(4).edf,67.92903358208923,False
14,B1_W1_D4_07092025(7),5,4161.06,4186.89,25.829999999999927,Seizure,25.0,convulsive,2.709922186520073,17.624681678638726,2026-05-11 14:04:50,Batch_1_Recordings/Week_1/EDF and Dat Files/B1_W1_7days_Annotations/Day_4.xlsx,Batch_1,1,Day_4,,,,,,B1_W1_D4_07092025(7),4,5400.0,/lunarc/nobackup/projects/lu2026-2-60/RAM_GDNF_2025/Batch_1_Recordings/Week_1/EDF and Dat Files/W1_D4/B1_W1_D4_07092025(7).edf,25.829999999999927,False
14,B1_W1_D4_07092025(7),5,4165.442548266167,4187.91310121837,22.470552952202524,Seizure,23.0,convulsive,2.7003861644378495,14.858175256927282,2026-05-11 14:04:40,Batch_1_Recordings/Week_1/EDF and Dat Files/B1_W1_7days_Annotations/Day_4.xlsx,Batch_1,1,Day_4,,,,,,B1_W1_D4_07092025(7),4,5400.0,/lunarc/nobackup/projects/lu2026-2-60/RAM_GDNF_2025/Batch_1_Recordings/Week_1/EDF and Dat Files/W1_D4/B1_W1_D4_07092025(7).edf,22.470552952202524,False
16,B1_W1_D4_07092025(9),5,1662.2524284395197,1726.7236177285315,64.47118928901205,Seizure,8.0,convulsive,5.086520720091757,321.7863930885289,2026-05-11 14:10:34,Batch_1_Recordings/Week_1/EDF and Dat Files/B1_W1_7days_Annotations/Day_4.xlsx,Batch_1,1,Day_4,,,,,,B1_W1_D4_07092025(9),4,5400.0,/lunarc/nobackup/projects/lu2026-2-60/RAM_GDNF_2025/Batch_1_Recordings/Week_1/EDF and Dat Files/W1_D4/B1_W1_D4_07092025(9).edf,64.47118928901182,True
16,B1_W1_D4_07092025(9),5,4437.727,4503.188,65.46100000000024,Seizure,35.0,convulsive,3.81900950169564,112.89870822775848,2026-05-11 14:13:25,Batch_1_Recordings/Week_1/EDF and Dat Files/B1_W1_7days_Annotations/Day_4.xlsx,Batch_1,1,Day_4,,,,,,B1_W1_D4_07092025(9),4,5400.0,/lunarc/nobackup/projects/lu2026-2-60/RAM_GDNF_2025/Batch_1_Recordings/Week_1/EDF and Dat Files/W1_D4/B1_W1_D4_07092025(9).edf,65.46100000000024,False
16,B1_W1_D4_07092025(9),5,4443.291642659279,4494.2184644506,50.926821791320435,Seizure,29.0,convulsive,2.53843922251233,132.29966377502308,2026-05-11 14:12:42,Batch_1_Recordings/Week_1/EDF and Dat Files/B1_W1_7days_Annotations/Day_4.xlsx,Batch_1,1,Day_4,,,,,,B1_W1_D4_07092025(9),4,5400.0,/lunarc/nobackup/projects/lu2026-2-60/RAM_GDNF_2025/Batch_1_Recordings/Week_1/EDF and Dat Files/W1_D4/B1_W1_D4_07092025(9).edf,50.926821791320435,False
5,B1_W1_D5_08092025(13),1,1617.2955129270545,1625.4050623268697,8.10954939981525,Seizure,3.0,convulsive,2.8091385900968975,3359.038441749406,2026-05-12 14:41:58,Batch_1_Recordings/Week_1/EDF and Dat Files/B1_W1_7days_Annotations/Day_5.xlsx,Batch_1,1,Day_5,,,,,,B1_W1_D5_08092025(13),0,5400.0,/lunarc/nobackup/projects/lu2026-2-60/RAM_GDNF_2025/Batch_1_Recordings/Week_1/EDF and Dat Files/W1_D5/B1_W1_D5_08092025(13).edf,8.10954939981525,False
5,B1_W1_D5_08092025(13),1,2031.290902585411,2051.5647760849492,20.27387349953824,Seizure,6.0,convulsive,4.7688867167251665,588.8468452512624,2026-05-12 14:42:41,Batch_1_Recordings/Week_1/EDF and Dat Files/B1_W1_7days_Annotations/Day_5.xlsx,Batch_1,1,Day_5,,,,,,B1_W1_D5_08092025(13),0,5400.0,/lunarc/nobackup/projects/lu2026-2-60/RAM_GDNF_2025/Batch_1_Recordings/Week_1/EDF and Dat Files/W1_D5/B1_W1_D5_08092025(13).edf,20.27387349953824,False
5,B1_W1_D5_08092025(13),1,2085.4271814404433,2130.766934903047,45.33975346260377,Seizure,7.0,convulsive,4.725056495240704,1562.428792445823,2026-05-12 14:42:58,Batch_1_Recordings/Week_1/EDF and Dat Files/B1_W1_7days_Annotations/Day_5.xlsx,Batch_1,1,Day_5,,,,,,B1_W1_D5_08092025(13),0,5400.0,/lunarc/nobackup/projects/lu2026-2-60/RAM_GDNF_2025/Batch_1_Recordings/Week_1/EDF and Dat Files/W1_D5/B1_W1_D5_08092025(13).edf,45.33975346260377,False
5,B1_W1_D5_08092025(13),1,2344.482454757463,2354.155,9.672545242537126,Seizure,8.0,convulsive,3.0107257103430975,363.18790962854735,2026-05-12 14:43:11,Batch_1_Recordings/Week_1/EDF and Dat Files/B1_W1_7days_Annotations/Day_5.xlsx,Batch_1,1,Day_5,,,,,,B1_W1_D5_08092025(13),0,5400.0,/lunarc/nobackup/projects/lu2026-2-60/RAM_GDNF_2025/Batch_1_Recordings/Week_1/EDF and Dat Files/W1_D5/B1_W1_D5_08092025(13).edf,9.672545242537126,True
5,B1_W1_D5_08092025(13),1,3889.0852066231346,3916.8691861007464,27.783979477611865,Seizure,11.0,convulsive,3.62183198530372,919.4130996073455,2026-05-12 14:43:35,Batch_1_Recordings/Week_1/EDF and Dat Files/B1_W1_7days_Annotations/Day_5.xlsx,Batch_1,1,Day_5,,,,,,B1_W1_D5_08092025(13),0,5400.0,/lunarc/nobackup/projects/lu2026-2-60/RAM_GDNF_2025/Batch_1_Recordings/Week_1/EDF and Dat Files/W1_D5/B1_W1_D5_08092025(13).edf,27.783979477611865,False
6,B1_W1_D5_08092025(14),8,5203.444872201493,5243.131,39.68612779850719,Seizure,17.0,convulsive,4.116114733100183,277.58962134989827,2026-05-12 14:50:12,Batch_1_Recordings/Week_1/EDF and Dat Files/B1_W1_7days_Annotations/Day_5.xlsx,Batch_1,1,Day_5,,,,,,B1_W1_D5_08092025(14),7,5400.0,/lunarc/nobackup/projects/lu2026-2-60/RAM_GDNF_2025/Batch_1_Recordings/Week_1/EDF and Dat Files/W1_D5/B1_W1_D5_08092025(14).edf,39.68612779850719,True
10,B1_W1_D5_08092025(3),8,3178.0094058171744,3233.417,55.407594182825505,Seizure,7.0,convulsive,4.099542405817088,323.86720095538965,2026-05-12 12:54:28,Batch_1_Recordings/Week_1/EDF and Dat Files/B1_W1_7days_Annotations/Day_5.xlsx,Batch_1,1,Day_5,,,,,,B1_W1_D5_08092025(3),7,5400.0,/lunarc/nobackup/projects/lu2026-2-60/RAM_GDNF_2025/Batch_1_Recordings/Week_1/EDF and Dat Files/W1_D5/B1_W1_D5_08092025(3).edf,55.407594182825505,True
10,B1_W1_D5_08092025(3),8,3511.328,3802.898,291.57000000000016,Seizure,8.0,convulsive,2.8157807189329525,94.04240594581532,2026-05-12 12:54:38,Batch_1_Recordings/Week_1/EDF and Dat Files/B1_W1_7days_Annotations/Day_5.xlsx,Batch_1,1,Day_5,,,,,,B1_W1_D5_08092025(3),7,5400.0,/lunarc/nobackup/projects/lu2026-2-60/RAM_GDNF_2025/Batch_1_Recordings/Week_1/EDF and Dat Files/W1_D5/B1_W1_D5_08092025(3).edf,291.57000000000016,False
13,B1_W1_D6_09092025(6),8,3446.1225,3493.952,47.82950000000028,Seizure,8.0,convulsive,3.1850579531776195,224.5814875418729,2026-05-13 11:44:22,Batch_1_Recordings/Week_1/EDF and Dat Files/B1_W1_7days_Annotations/Day_6.xlsx,Batch_1,1,Day_6,,,,,,B1_W1_D6_09092025(6),7,5400.0,/lunarc/nobackup/projects/lu2026-2-60/RAM_GDNF_2025/Batch_1_Recordings/Week_1/EDF and Dat Files/W1_D6/B1_W1_D6_09092025(6).edf,47.82950000000028,True
15,B1_W1_D7_10092025(9),8,1727.397322761194,1760.416912313433,33.01958955223881,Seizure,4.0,convulsive,3.4653153436962763,232.0425868218219,2026-05-13 12:26:59,Batch_1_Recordings/Week_1/EDF and Dat Files/B1_W1_7days_Annotations/Day_7.xlsx,Batch_1,1,Day_7,,,,,,B1_W1_D7_10092025(9),7,5400.0,/lunarc/nobackup/projects/lu2026-2-60/RAM_GDNF_2025/Batch_1_Recordings/Week_1/EDF and Dat Files/W1_D7/B1_W1_D7_10092025(9).edf,33.01958955223904,True
8,B1_W2_D1_11092025(16),8,695.2403572761194,732.569,37.328642723880535,Seizure,5.0,convulsive,3.6958544401943554,190.10865094935664,2026-05-21 16:33:50,Batch_1_Recordings/Week_2/EDF and Dat Files/B1_W2_7days_Annotations/Day_1.xlsx,Batch_1,2,Day_1,,,,,,B1_W2_D1_11092025(16),7,5400.0,/lunarc/nobackup/projects/lu2026-2-60/RAM_GDNF_2025/Batch_1_Recordings/Week_2/EDF and Dat Files/W2_D1/B1_W2_D1_11092025(16).edf,37.328642723880535,True
12,B1_W2_D1_11092025(4),1,3863.467975069252,3883.178918744229,19.71094367497699,Seizure,7.0,convulsive,4.086774629750257,1775.0272517395772,2026-05-21 16:10:57,Batch_1_Recordings/Week_2/EDF and Dat Files/B1_W2_7days_Annotations/Day_1.xlsx,Batch_1,2,Day_1,,,,,,B1_W2_D1_11092025(4),0,5400.0,/lunarc/nobackup/projects/lu2026-2-60/RAM_GDNF_2025/Batch_1_Recordings/Week_2/EDF and Dat Files/W2_D1/B1_W2_D1_11092025(4).edf,19.71094367497699,False
12,B1_W2_D1_11092025(4),1,3915.881166204986,3929.320445983379,13.439279778393484,Seizure,7.0,convulsive,4.086774629750257,1775.0272517395772,2026-05-21 16:11:12,Batch_1_Recordings/Week_2/EDF and Dat Files/B1_W2_7days_Annotations/Day_1.xlsx,Batch_1,2,Day_1,,,,,,B1_W2_D1_11092025(4),0,5400.0,/lunarc/nobackup/projects/lu2026-2-60/RAM_GDNF_2025/Batch_1_Recordings/Week_2/EDF and Dat Files/W2_D1/B1_W2_D1_11092025(4).edf,13.43927977839303,False
13,B1_W2_D1_11092025(5),1,3423.343459833795,3460.2747562326867,36.931296398891845,Seizure,7.0,convulsive,4.5418739130836006,984.8097892558447,2026-05-21 16:13:07,Batch_1_Recordings/Week_2/EDF and Dat Files/B1_W2_7days_Annotations/Day_1.xlsx,Batch_1,2,Day_1,,,,,,B1_W2_D1_11092025(5),0,5400.0,/lunarc/nobackup/projects/lu2026-2-60/RAM_GDNF_2025/Batch_1_Recordings/Week_2/EDF and Dat Files/W2_D1/B1_W2_D1_11092025(5).edf,36.931296398891845,False
13,B1_W2_D1_11092025(5),1,4575.128227146814,4685.47363434903,110.34540720221594,Seizure,8.0,convulsive,3.7963077685540823,2566.5947953876853,2026-05-21 16:13:38,Batch_1_Recordings/Week_2/EDF and Dat Files/B1_W2_7days_Annotations/Day_1.xlsx,Batch_1,2,Day_1,,,,,,B1_W2_D1_11092025(5),0,5400.0,/lunarc/nobackup/projects/lu2026-2-60/RAM_GDNF_2025/Batch_1_Recordings/Week_2/EDF and Dat Files/W2_D1/B1_W2_D1_11092025(5).edf,110.34540720221594,True
7,B1_W2_D2_12092025(15),8,4051.508058768657,4089.035,37.52694123134279,Seizure,13.0,convulsive,5.655175189679809,163.6079336725057,2026-05-22 10:50:56,Batch_1_Recordings/Week_2/EDF and Dat Files/B1_W2_7days_Annotations/Day_2.xlsx,Batch_1,2,Day_2,,,,,,B1_W2_D2_12092025(15),7,5400.0,/lunarc/nobackup/projects/lu2026-2-60/RAM_GDNF_2025/Batch_1_Recordings/Week_2/EDF and Dat Files/W2_D2/B1_W2_D2_12092025(15).edf,37.52694123134279,True
14,B1_W2_D2_12092025(6),8,4342.38904011194,4387.167721082089,44.77868097014925,Seizure,11.0,convulsive,3.1825375043066444,199.25969571592972,2026-05-22 10:36:19,Batch_1_Recordings/Week_2/EDF and Dat Files/B1_W2_7days_Annotations/Day_2.xlsx,Batch_1,2,Day_2,,,,,,B1_W2_D2_12092025(6),7,5400.0,/lunarc/nobackup/projects/lu2026-2-60/RAM_GDNF_2025/Batch_1_Recordings/Week_2/EDF and Dat Files/W2_D2/B1_W2_D2_12092025(6).edf,44.77868097014925,True
16,B1_W2_D2_12092025(8),1,125.73383208955224,138.69870522388058,12.964873134328345,Seizure,1.0,convulsive,3.627129802341803,781.234127354855,2026-05-22 10:39:50,Batch_1_Recordings/Week_2/EDF and Dat Files/B1_W2_7days_Annotations/Day_2.xlsx,Batch_1,2,Day_2,,,,,,B1_W2_D2_12092025(8),0,5400.0,/lunarc/nobackup/projects/lu2026-2-60/RAM_GDNF_2025/Batch_1_Recordings/Week_2/EDF and Dat Files/W2_D2/B1_W2_D2_12092025(8).edf,12.964873134328343,True
16,B1_W2_D2_12092025(8),1,215.22307835820897,223.4447052238806,8.221626865671652,Seizure,1.0,convulsive,3.627129802341803,781.234127354855,2026-05-22 10:40:04,Batch_1_Recordings/Week_2/EDF and Dat Files/B1_W2_7days_Annotations/Day_2.xlsx,Batch_1,2,Day_2,,,,,,B1_W2_D2_12092025(8),0,5400.0,/lunarc/nobackup/projects/lu2026-2-60/RAM_GDNF_2025/Batch_1_Recordings/Week_2/EDF and Dat Files/W2_D2/B1_W2_D2_12092025(8).edf,8.221626865671624,False
2,B1_W2_D3_13092025(10),1,334.5493130193906,349.9993296398892,15.450016620498616,Seizure,1.0,convulsive,3.0415028602368226,279.2672060161172,2026-05-22 11:22:46,Batch_1_Recordings/Week_2/EDF and Dat Files/B1_W2_7days_Annotations/Day_3.xlsx,Batch_1,2,Day_3,,,,,,B1_W2_D3_13092025(10),0,5400.0,/lunarc/nobackup/projects/lu2026-2-60/RAM_GDNF_2025/Batch_1_Recordings/Week_2/EDF and Dat Files/W2_D3/B1_W2_D3_13092025(10).edf,15.450016620498616,False
2,B1_W2_D3_13092025(10),8,2414.3229244402983,2448.732,34.409075559701705,Seizure,6.0,convulsive,3.378066039413141,166.9543931639684,2026-05-22 11:23:08,Batch_1_Recordings/Week_2/EDF and Dat Files/B1_W2_7days_Annotations/Day_3.xlsx,Batch_1,2,Day_3,,,,,,B1_W2_D3_13092025(10),7,5400.0,/lunarc/nobackup/projects/lu2026-2-60/RAM_GDNF_2025/Batch_1_Recordings/Week_2/EDF and Dat Files/W2_D3/B1_W2_D3_13092025(10).edf,34.409075559701705,True
10,B1_W2_D3_13092025(3),8,1298.386035447761,1359.046442164179,60.66040671641804,Seizure,4.0,convulsive,5.511169854963003,198.13789855970077,2026-05-22 10:59:15,Batch_1_Recordings/Week_2/EDF and Dat Files/B1_W2_7days_Annotations/Day_3.xlsx,Batch_1,2,Day_3,,,,,,B1_W2_D3_13092025(3),7,5400.0,/lunarc/nobackup/projects/lu2026-2-60/RAM_GDNF_2025/Batch_1_Recordings/Week_2/EDF and Dat Files/W2_D3/B1_W2_D3_13092025(3).edf,60.66040671641804,True
4,B1_W3_D2_19092025(12),8,2163.028545706371,2201.448689750692,38.420144044321205,Seizure,13.0,convulsive,3.386510102789839,728.4285006771678,2026-05-23 09:57:58,Batch_1_Recordings/Week_3/EDF and dat Files/B1_W3_7days_Annotations/Day_2.xlsx,Batch_1,3,Day_2,,,,,,B1_W3_D2_19092025(12),7,5400.0,/lunarc/nobackup/projects/lu2026-2-60/RAM_GDNF_2025/Batch_1_Recordings/Week_3/EDF and dat Files/W3_D2/B1_W3_D2_19092025(12).edf,38.420144044321205,True
11,B1_W3_D2_19092025(4),7,4445.1568093259475,4454.80197276085,9.645163434902315,Seizure,6.0,convulsive,3.754807521776363,252.40860962668947,2026-05-23 09:42:06,Batch_1_Recordings/Week_3/EDF and dat Files/B1_W3_7days_Annotations/Day_2.xlsx,Batch_1,3,Day_2,,,,,,B1_W3_D2_19092025(4),6,5400.5,/lunarc/nobackup/projects/lu2026-2-60/RAM_GDNF_2025/Batch_1_Recordings/Week_3/EDF and dat Files/W3_D2/B1_W3_D2_19092025(4).edf,9.645163434902315,False
11,B1_W3_D2_19092025(4),7,4512.0701306555875,4523.121880424747,11.05174976915987,Seizure,6.0,convulsive,3.754807521776363,252.40860962668947,2026-05-23 09:41:49,Batch_1_Recordings/Week_3/EDF and dat Files/B1_W3_7days_Annotations/Day_2.xlsx,Batch_1,3,Day_2,,,,,,B1_W3_D2_19092025(4),6,5400.5,/lunarc/nobackup/projects/lu2026-2-60/RAM_GDNF_2025/Batch_1_Recordings/Week_3/EDF and dat Files/W3_D2/B1_W3_D2_19092025(4).edf,11.05174976915987,False
7,B1_W3_D3_20092025(15),8,77.37003693444136,108.55840258541087,31.188365650969516,Seizure,1.0,convulsive,5.454435263934062,758.5645624982234,2026-05-23 10:36:03,Batch_1_Recordings/Week_3/EDF and dat Files/B1_W3_7days_Annotations/Day_3.xlsx,Batch_1,3,Day_3,,,,,,B1_W3_D3_20092025(15),7,5400.0,/lunarc/nobackup/projects/lu2026-2-60/RAM_GDNF_2025/Batch_1_Recordings/Week_3/EDF and dat Files/W3_D3/B1_W3_D3_20092025(15).edf,31.188365650969516,False
3,B1_W3_D4_21092025(11),8,4454.830326851852,4507.160812037037,52.33048518518535,Seizure,7.0,convulsive,4.212345412323811,1542.2124526147911,2026-05-23 10:55:40,Batch_1_Recordings/Week_3/EDF and dat Files/B1_W3_7days_Annotations/Day_4.xlsx,Batch_1,3,Day_4,,,,,,B1_W3_D4_21092025(11),7,5400.0,/lunarc/nobackup/projects/lu2026-2-60/RAM_GDNF_2025/Batch_1_Recordings/Week_3/EDF and dat Files/W3_D4/B1_W3_D4_21092025(11).edf,52.33048518518535,True
7,B1_W3_D4_21092025(15),8,3998.8066912313434,4056.580702425373,57.774011194029754,Seizure,9.0,convulsive,3.804461121534292,965.327444390421,2026-05-23 11:02:17,Batch_1_Recordings/Week_3/EDF and dat Files/B1_W3_7days_Annotations/Day_4.xlsx,Batch_1,3,Day_4,,,,,,B1_W3_D4_21092025(15),7,5400.0,/lunarc/nobackup/projects/lu2026-2-60/RAM_GDNF_2025/Batch_1_Recordings/Week_3/EDF and dat Files/W3_D4/B1_W3_D4_21092025(15).edf,57.774011194029754,False
2,B1_W3_D5_22092025(10),8,2650.7137391505075,2687.979,37.26526084949228,Seizure,9.0,convulsive,4.927888564013273,260.8407651604873,2026-05-23 11:30:55,Batch_1_Recordings/Week_3/EDF and dat Files/B1_W3_7days_Annotations/Day_5.xlsx,Batch_1,3,Day_5,,,,,,B1_W3_D5_22092025(10),7,5400.0,/lunarc/nobackup/projects/lu2026-2-60/RAM_GDNF_2025/Batch_1_Recordings/Week_3/EDF and dat Files/W3_D5/B1_W3_D5_22092025(10).edf,37.26526084949228,False
5,B1_W3_D5_22092025(13),8,1598.862623268698,1636.6831218836564,37.8204986149583,Seizure,2.0,convulsive,2.786811616945979,360.633612021031,2026-05-23 11:36:05,Batch_1_Recordings/Week_3/EDF and dat Files/B1_W3_7days_Annotations/Day_5.xlsx,Batch_1,3,Day_5,,,,,,B1_W3_D5_22092025(13),7,5400.0,/lunarc/nobackup/projects/lu2026-2-60/RAM_GDNF_2025/Batch_1_Recordings/Week_3/EDF and dat Files/W3_D5/B1_W3_D5_22092025(13).edf,37.820498614958524,True
5,B1_W3_D5_22092025(13),1,3763.628971375808,3810.779861495845,47.150890120037275,Seizure,5.0,convulsive,2.7925869510027925,5452.395140614789,2026-05-23 11:36:46,Batch_1_Recordings/Week_3/EDF and dat Files/B1_W3_7days_Annotations/Day_5.xlsx,Batch_1,3,Day_5,,,,,,B1_W3_D5_22092025(13),0,5400.0,/lunarc/nobackup/projects/lu2026-2-60/RAM_GDNF_2025/Batch_1_Recordings/Week_3/EDF and dat Files/W3_D5/B1_W3_D5_22092025(13).edf,47.150890120037275,True
15,B1_W3_D6_23092025(8),8,5100.352701492538,5158.972701492537,58.61999999999989,Seizure,24.0,convulsive,3.895217904798234,348.3037383008413,2026-05-23 12:26:10,Batch_1_Recordings/Week_3/EDF and dat Files/B1_W3_7days_Annotations/Day_6.xlsx,Batch_1,3,Day_6,,,,,,B1_W3_D6_23092025(8),7,5400.0,/lunarc/nobackup/projects/lu2026-2-60/RAM_GDNF_2025/Batch_1_Recordings/Week_3/EDF and dat Files/W3_D6/B1_W3_D6_23092025(8).edf,58.61999999999989,True
12,B1_W3_D7_24092025(4),1,2605.4594376731297,2628.5498365650965,23.090398891966743,Seizure,6.0,convulsive,4.355995900239153,619.779715810988,2026-05-23 13:21:43,Batch_1_Recordings/Week_3/EDF and dat Files/B1_W3_7days_Annotations/Day_7.xlsx,Batch_1,3,Day_7,,,,,,B1_W3_D7_24092025(4),0,5400.0,/lunarc/nobackup/projects/lu2026-2-60/RAM_GDNF_2025/Batch_1_Recordings/Week_3/EDF and dat Files/W3_D7/B1_W3_D7_24092025(4).edf,23.090398891966743,False
13,B2_W1_D1_27102025(6),5,791.3281194444445,821.227,29.89888055555548,Seizure,2.0,convulsive,6.020966410953879,249.1019384192011,2026-05-25 10:03:42,Batch_2_Recordings/Week_1/EDF and Dat files/B2_W1_7days_Annotations/Day_1.xlsx,Batch_2,1,Day_1,197.0,88.70628005451861,21.16832879427563,92.94022844796248,20.530943523048933,B2_W1_D1_27102025(6),4,5400.0,/lunarc/nobackup/projects/lu2026-2-60/RAM_GDNF_2025/Batch_2_Recordings/Week_1/EDF and Dat files/W1_D1/B2_W1_D1_27102025(6).edf,29.89888055555548,True
14,B2_W1_D1_27102025(7),7,2983.754057248384,2995.626456140351,11.872398891966895,Seizure,6.0,convulsive,3.5505430242272347,13066.493579633854,2026-05-25 10:06:10,Batch_2_Recordings/Week_1/EDF and Dat files/B2_W1_7days_Annotations/Day_1.xlsx,Batch_2,1,Day_1,68.0,2513.444570902836,1434.7958835751983,562.907225907673,1819.088392387628,B2_W1_D1_27102025(7),6,5400.0,/lunarc/nobackup/projects/lu2026-2-60/RAM_GDNF_2025/Batch_2_Recordings/Week_1/EDF and Dat files/W1_D1/B2_W1_D1_27102025(7).edf,11.872398891966895,True
6,B2_W1_D7_02112025(14),6,1325.5320914127424,1342.106108033241,16.574016620498696,Seizure,5.0,convulsive,2.738090726494107,13272.833224826629,2026-06-02 09:17:05,Batch_2_Recordings/Week_1/EDF and Dat files/B2_W1_7days_Annotations/Day_7.xlsx,Batch_2,1,Day_7,289.0,500.8944397152815,208.10105471185807,324.26363196625056,250.25901476373537,B2_W1_D7_02112025(14),5,5400.0,/lunarc/nobackup/projects/lu2026-2-60/RAM_GDNF_2025/Batch_2_Recordings/Week_1/EDF and Dat files/W1_D7/B2_W1_D7_02112025(14).edf,16.574016620498696,False
1,B2_W2_D3_05112025(1),6,4900.362000000001,4944.672666666667,44.31066666666629,Seizure,7.0,convulsive,5.625110932102727,4107.933320499653,2026-06-08 09:38:47,Batch_2_Recordings/Week_2/EDF and Dat Files/B2_W2_7days_Annotations/Day_3.xlsx,Batch_2,2,Day_3,412.0,785.9614500259258,259.57707250508935,515.6615466670628,419.61249454718546,B2_W2_D3_05112025(1),5,5400.0,/lunarc/nobackup/projects/lu2026-2-60/RAM_GDNF_2025/Batch_2_Recordings/Week_2/EDF and Dat Files/W2_D3/B2_W2_D3_05112025(1).edf,44.31066666666629,False
11,B2_W2_D3_05112025(4),6,471.626359608209,486.71742957089555,15.09106996268656,Seizure,1.0,convulsive,3.641806140093309,3692.37593915182,2026-06-08 09:46:13,Batch_2_Recordings/Week_2/EDF and Dat Files/B2_W2_7days_Annotations/Day_3.xlsx,Batch_2,2,Day_3,893.0,78.19407050839388,33.80017053380815,30.473647486947993,49.80226710416402,B2_W2_D3_05112025(4),5,5400.0,/lunarc/nobackup/projects/lu2026-2-60/RAM_GDNF_2025/Batch_2_Recordings/Week_2/EDF and Dat Files/W2_D3/B2_W2_D3_05112025(4).edf,15.09106996268656,True
11,B2_W2_D3_05112025(4),6,3587.7188183085505,3646.474831319703,58.75601301115239,Seizure,9.0,convulsive,5.233479966143319,246.93241319256984,2026-06-08 09:47:27,Batch_2_Recordings/Week_2/EDF and Dat Files/B2_W2_7days_Annotations/Day_3.xlsx,Batch_2,2,Day_3,439.0,60.27982073823235,22.860975470716884,26.615055249214542,35.04122979489009,B2_W2_D3_05112025(4),5,5400.0,/lunarc/nobackup/projects/lu2026-2-60/RAM_GDNF_2025/Batch_2_Recordings/Week_2/EDF and Dat Files/W2_D3/B2_W2_D3_05112025(4).edf,58.75601301115239,False
15,B2_W2_D3_05112025(8),6,2330.4924976915972,2382.3406121883654,51.848114496768176,Seizure,8.0,convulsive,4.449401694894705,11599.530067347545,2026-06-09 08:48:14,Batch_2_Recordings/Week_2/EDF and Dat Files/B2_W2_7days_Annotations/Day_3.xlsx,Batch_2,2,Day_3,734.0,1693.7283518067425,739.0559930340154,696.1839951188018,1127.9514088216556,B2_W2_D3_05112025(8),5,5400.0,/lunarc/nobackup/projects/lu2026-2-60/RAM_GDNF_2025/Batch_2_Recordings/Week_2/EDF and Dat Files/W2_D3/B2_W2_D3_05112025(8).edf,51.848114496768176,False
15,B2_W2_D3_05112025(8),6,2840.494592350746,2857.071,16.576407649253724,Seizure,10.0,convulsive,3.7897310513447433,1602.808097970873,2026-06-09 08:48:48,Batch_2_Recordings/Week_2/EDF and Dat Files/B2_W2_7days_Annotations/Day_3.xlsx,Batch_2,2,Day_3,93.0,394.5439476423731,154.2158545663224,149.1708323373861,280.9129158325579,B2_W2_D3_05112025(8),5,5400.0,/lunarc/nobackup/projects/lu2026-2-60/RAM_GDNF_2025/Batch_2_Recordings/Week_2/EDF and Dat Files/W2_D3/B2_W2_D3_05112025(8).edf,16.576407649253724,False
16,B2_W2_D3_05112025(9),6,1228.3826228070177,1252.61125900277,24.22863619575264,Seizure,4.0,convulsive,2.5786250402910165,374.0982348255736,2026-06-09 08:51:34,Batch_2_Recordings/Week_2/EDF and Dat Files/B2_W2_7days_Annotations/Day_3.xlsx,Batch_2,2,Day_3,56.0,52.202572783769234,25.005114184990624,15.345557289814064,35.792412361999084,B2_W2_D3_05112025(9),5,5400.0,/lunarc/nobackup/projects/lu2026-2-60/RAM_GDNF_2025/Batch_2_Recordings/Week_2/EDF and Dat Files/W2_D3/B2_W2_D3_05112025(9).edf,24.228636195752415,True
16,B2_W2_D3_05112025(9),6,2201.3552280701756,2224.428210526316,23.07298245614038,Seizure,11.0,convulsive,4.098747455136243,5026.008999616079,2026-06-09 08:52:33,Batch_2_Recordings/Week_2/EDF and Dat Files/B2_W2_7days_Annotations/Day_3.xlsx,Batch_2,2,Day_3,608.0,445.05930900485913,177.85329379856765,184.41325324606663,302.2220754500713,B2_W2_D3_05112025(9),5,5400.0,/lunarc/nobackup/projects/lu2026-2-60/RAM_GDNF_2025/Batch_2_Recordings/Week_2/EDF and Dat Files/W2_D3/B2_W2_D3_05112025(9).edf,23.07298245614038,False
4,B2_W2_D5_07112025(12),6,687.5040116604478,750.3864137126865,62.88240205223872,Seizure,1.0,convulsive,4.19822944236561,998.457283769976,2026-06-10 12:56:39,Batch_2_Recordings/Week_2/EDF and Dat Files/B2_W2_7days_Annotations/Day_5.xlsx,Batch_2,2,Day_5,552.0,99.42624951181878,44.593586099444,42.298890729490886,59.898287653885085,B2_W2_D5_07112025(12),5,5400.0,/lunarc/nobackup/projects/lu2026-2-60/RAM_GDNF_2025/Batch_2_Recordings/Week_2/EDF and Dat Files/W2_D5/B2_W2_D5_07112025(12).edf,62.88240205223872,False
17,B2_W2_D5_07112025(9),6,3982.9363283582097,3993.010955223881,10.07462686567169,Seizure,58.0,convulsive,4.448954105526069,2135.226839546205,2026-06-10 12:44:42,Batch_2_Recordings/Week_2/EDF and Dat Files/B2_W2_7days_Annotations/Day_5.xlsx,Batch_2,2,Day_5,114.0,631.72369622736,329.9531932125068,211.63869151731205,412.9864508689557,B2_W2_D5_07112025(9),5,5400.0,/lunarc/nobackup/projects/lu2026-2-60/RAM_GDNF_2025/Batch_2_Recordings/Week_2/EDF and Dat Files/W2_D5/B2_W2_D5_07112025(9).edf,10.074626865671235,True
17,B2_W2_D5_07112025(9),6,4474.535329020333,4484.332001848429,9.796672828096234,Seizure,71.0,convulsive,5.13932665755488,21637.19800576928,2026-06-10 12:46:22,Batch_2_Recordings/Week_2/EDF and Dat Files/B2_W2_7days_Annotations/Day_5.xlsx,Batch_2,2,Day_5,737.0,1367.895672581314,728.5786030299229,440.0446019901831,910.5735146085904,B2_W2_D5_07112025(9),5,5400.0,/lunarc/nobackup/projects/lu2026-2-60/RAM_GDNF_2025/Batch_2_Recordings/Week_2/EDF and Dat Files/W2_D5/B2_W2_D5_07112025(9).edf,9.796672828096234,True
2,B3_W1_D1_14012026(10),7,2409.5558319482916,2416.434871652816,6.87903970452453,Seizure,15.0,convulsive,2.539759327568483,2904.126348169426,2026-06-15 12:37:23,Batch_3_Recordings/Week_1/B3_W1_edf and dat files/B3_W1_7days_Annotations/Day_1.xlsx,Batch_3,1,Day_1,84.0,404.45513720034353,217.11232519125775,237.2835741642751,189.63270985740317,B3_W1_D1_14012026(10),6,5400.0,/lunarc/nobackup/projects/lu2026-2-60/RAM_GDNF_2025/Batch_3_Recordings/Week_1/B3_W1_edf and dat files/W1_D1/B3_W1_D1_14012026(10).edf,6.87903970452453,True
8,B3_W1_D1_14012026(16),7,2693.600537313433,2709.458746268657,15.858208955223745,Seizure,7.0,convulsive,4.196357590651852,1550.9727349542054,2026-06-15 13:41:12,Batch_3_Recordings/Week_1/B3_W1_edf and dat files/B3_W1_7days_Annotations/Day_1.xlsx,Batch_3,1,Day_1,1156.0,56.96420794174173,29.152995306016894,24.396117669190627,29.906096317420605,B3_W1_D1_14012026(16),6,5400.0,/lunarc/nobackup/projects/lu2026-2-60/RAM_GDNF_2025/Batch_3_Recordings/Week_1/B3_W1_edf and dat files/W1_D1/B3_W1_D1_14012026(16).edf,15.858208955223745,False
12,B3_W1_D1_14012026(4),7,191.8561943674977,226.91247322253,35.05627885503233,Seizure,1.0,convulsive,5.425249847032429,1337.3602705075991,2026-06-15 12:03:32,Batch_3_Recordings/Week_1/B3_W1_edf and dat files/B3_W1_7days_Annotations/Day_1.xlsx,Batch_3,1,Day_1,266.0,181.4899708103764,76.75782440167747,123.19977066719954,79.85856501089337,B3_W1_D1_14012026(4),6,5400.0,/lunarc/nobackup/projects/lu2026-2-60/RAM_GDNF_2025/Batch_3_Recordings/Week_1/B3_W1_edf and dat files/W1_D1/B3_W1_D1_14012026(4).edf,35.0562788550323,False
2,B3_W1_D2_15012026(10),1,3365.73680597015,3404.6360597014927,38.89925373134338,Seizure,35.0,convulsive,4.79737406893069,411.523226153018,2026-06-16 12:35:26,Batch_3_Recordings/Week_1/B3_W1_edf and dat files/B3_W1_7days_Annotations/Day_2.xlsx,Batch_3,1,Day_2,228.0,106.60508301595785,66.95553992299826,22.501847009631696,69.01916490145439,B3_W1_D2_15012026(10),0,5400.0,/lunarc/nobackup/projects/lu2026-2-60/RAM_GDNF_2025/Batch_3_Recordings/Week_1/B3_W1_edf and dat files/W1_D2/B3_W1_D2_15012026(10).edf,38.899253731342924,False
6,B3_W1_D2_15012026(14),5,586.9752579291045,609.323,22.347742070895492,Seizure,1.0,convulsive,2.635082658382337,787.8837770729913,2026-06-16 12:44:30,Batch_3_Recordings/Week_1/B3_W1_edf and dat files/B3_W1_7days_Annotations/Day_2.xlsx,Batch_3,1,Day_2,190.0,109.43279203755652,42.71898419747447,15.24206747014501,94.86236296221954,B3_W1_D2_15012026(14),4,5400.0,/lunarc/nobackup/projects/lu2026-2-60/RAM_GDNF_2025/Batch_3_Recordings/Week_1/B3_W1_edf and dat files/W1_D2/B3_W1_D2_15012026(14).edf,22.347742070895492,False
6,B3_W1_D2_15012026(14),5,1840.1582068328712,1878.7683730378576,38.61016620498617,Seizure,4.0,convulsive,3.2542359469430955,4049.328410732735,2026-06-16 12:45:01,Batch_3_Recordings/Week_1/B3_W1_edf and dat files/B3_W1_7days_Annotations/Day_2.xlsx,Batch_3,1,Day_2,329.0,233.4121777232266,101.0017522172559,38.065787903206186,195.1416471665588,B3_W1_D2_15012026(14),4,5400.0,/lunarc/nobackup/projects/lu2026-2-60/RAM_GDNF_2025/Batch_3_Recordings/Week_1/B3_W1_edf and dat files/W1_D2/B3_W1_D2_15012026(14).edf,38.6101662049864,False
7,B3_W1_D2_15012026(15),5,619.6656478544777,631.220307369403,11.554659514925332,Seizure,1.0,convulsive,2.665318689398465,341.7556315759656,2026-06-16 12:46:37,Batch_3_Recordings/Week_1/B3_W1_edf and dat files/B3_W1_7days_Annotations/Day_2.xlsx,Batch_3,1,Day_2,116.0,58.83715509962946,17.8126846524236,37.95843617626425,31.472349686026728,B3_W1_D2_15012026(15),4,5400.0,/lunarc/nobackup/projects/lu2026-2-60/RAM_GDNF_2025/Batch_3_Recordings/Week_1/B3_W1_edf and dat files/W1_D2/B3_W1_D2_15012026(15).edf,11.554659514925333,False
9,B3_W1_D2_15012026(2),7,1942.745432835821,1976.9805074626863,34.235074626865526,Seizure,16.0,convulsive,2.696033135116919,735.6194580741553,2026-06-16 11:24:44,Batch_3_Recordings/Week_1/B3_W1_edf and dat files/B3_W1_7days_Annotations/Day_2.xlsx,Batch_3,1,Day_2,248.0,89.03261495949745,49.93604290598289,19.228996091465145,63.12871703464453,B3_W1_D2_15012026(2),6,5400.0,/lunarc/nobackup/projects/lu2026-2-60/RAM_GDNF_2025/Batch_3_Recordings/Week_1/B3_W1_edf and dat files/W1_D2/B3_W1_D2_15012026(2).edf,34.2350746268653,False
11,B3_W1_D2_15012026(4),7,4402.175208955224,4426.615507462687,24.440298507463012,Seizure,28.0,convulsive,3.952421790521645,392.2282906200502,2026-06-16 11:36:41,Batch_3_Recordings/Week_1/B3_W1_edf and dat files/B3_W1_7days_Annotations/Day_2.xlsx,Batch_3,1,Day_2,212.0,89.07294042700063,19.13900388406622,96.73747021403582,22.407602697474232,B3_W1_D2_15012026(4),6,5400.0,/lunarc/nobackup/projects/lu2026-2-60/RAM_GDNF_2025/Batch_3_Recordings/Week_1/B3_W1_edf and dat files/W1_D2/B3_W1_D2_15012026(4).edf,24.440298507463012,False
12,B3_W1_D2_15012026(5),7,4748.9331268656715,4763.9984253731345,15.065298507463012,Seizure,30.0,convulsive,2.688957736599053,367.8452746800561,2026-06-16 11:42:56,Batch_3_Recordings/Week_1/B3_W1_edf and dat files/B3_W1_7days_Annotations/Day_2.xlsx,Batch_3,1,Day_2,92.0,47.80750895914444,28.515740444502505,10.99416064809948,31.17244813848098,B3_W1_D2_15012026(5),6,5400.0,/lunarc/nobackup/projects/lu2026-2-60/RAM_GDNF_2025/Batch_3_Recordings/Week_1/B3_W1_edf and dat files/W1_D2/B3_W1_D2_15012026(5).edf,15.065298507463012,False
13,B3_W1_D2_15012026(6),7,2779.0623880597013,2788.950447761194,9.888059701492692,Seizure,9.0,convulsive,3.643512450851901,1039.2630486613682,2026-06-16 11:52:49,Batch_3_Recordings/Week_1/B3_W1_edf and dat files/B3_W1_7days_Annotations/Day_2.xlsx,Batch_3,1,Day_2,139.0,99.79400174740393,56.411946819142194,27.889912358733373,64.60094455660159,B3_W1_D2_15012026(6),6,5400.0,/lunarc/nobackup/projects/lu2026-2-60/RAM_GDNF_2025/Batch_3_Recordings/Week_1/B3_W1_edf and dat files/W1_D2/B3_W1_D2_15012026(6).edf,9.888059701492693,False
15,B3_W1_D2_15012026(8),7,3258.0468507462683,3287.8975970149254,29.850746268657076,Seizure,19.0,convulsive,3.3163096106652517,510.3052590584899,2026-06-16 12:03:09,Batch_3_Recordings/Week_1/B3_W1_edf and dat files/B3_W1_7days_Annotations/Day_2.xlsx,Batch_3,1,Day_2,50.0,91.9481905814289,50.859409899998546,23.639026205992785,62.78141375996663,B3_W1_D2_15012026(8),6,5400.0,/lunarc/nobackup/projects/lu2026-2-60/RAM_GDNF_2025/Batch_3_Recordings/Week_1/B3_W1_edf and dat files/W1_D2/B3_W1_D2_15012026(8).edf,29.850746268657076,False
15,B3_W1_D2_15012026(8),7,3263.5792089552237,3288.0195074626868,24.440298507463012,Seizure,20.0,convulsive,3.4904165114889265,679.2048615836638,2026-06-16 12:05:19,Batch_3_Recordings/Week_1/B3_W1_edf and dat files/B3_W1_7days_Annotations/Day_2.xlsx,Batch_3,1,Day_2,403.0,85.73179992128793,32.309319508374536,60.71753025931591,38.53290799119842,B3_W1_D2_15012026(8),6,5400.0,/lunarc/nobackup/projects/lu2026-2-60/RAM_GDNF_2025/Batch_3_Recordings/Week_1/B3_W1_edf and dat files/W1_D2/B3_W1_D2_15012026(8).edf,24.440298507463012,False
16,B3_W1_D2_15012026(9),1,474.2669701492537,513.8192089552239,39.55223880597015,Seizure,5.0,convulsive,3.7931339847093897,258.51322489384796,2026-06-16 12:28:05,Batch_3_Recordings/Week_1/B3_W1_edf and dat files/B3_W1_7days_Annotations/Day_2.xlsx,Batch_3,1,Day_2,257.0,72.71865674522397,47.348577828504304,17.945935099631146,43.67442711188739,B3_W1_D2_15012026(9),0,5400.0,/lunarc/nobackup/projects/lu2026-2-60/RAM_GDNF_2025/Batch_3_Recordings/Week_1/B3_W1_edf and dat files/W1_D2/B3_W1_D2_15012026(9).edf,39.55223880597015,False
16,B3_W1_D2_15012026(9),1,4928.5916716417905,4950.886447761193,22.29477611940274,Seizure,28.0,convulsive,3.1395062005247456,442.5519213008832,2026-06-16 12:30:39,Batch_3_Recordings/Week_1/B3_W1_edf and dat files/B3_W1_7days_Annotations/Day_2.xlsx,Batch_3,1,Day_2,140.0,75.5399034109075,48.64952603108497,17.736324841119973,47.50503089361012,B3_W1_D2_15012026(9),0,5400.0,/lunarc/nobackup/projects/lu2026-2-60/RAM_GDNF_2025/Batch_3_Recordings/Week_1/B3_W1_edf and dat files/W1_D2/B3_W1_D2_15012026(9).edf,22.29477611940274,False
7,B3_W1_D3_16012026(15),3,5068.901174515236,5102.003667590027,33.10249307479171,Seizure,16.0,convulsive,3.8604299900376,1818.3849448973913,2026-06-16 14:42:04,Batch_3_Recordings/Week_1/B3_W1_edf and dat files/B3_W1_7days_Annotations/Day_3.xlsx,Batch_3,1,Day_3,961.0,177.99087817359137,72.3694771386687,60.25510170941369,127.78041771320464,B3_W1_D3_16012026(15),2,5400.0,/lunarc/nobackup/projects/lu2026-2-60/RAM_GDNF_2025/Batch_3_Recordings/Week_1/B3_W1_edf and dat files/W1_D3/B3_W1_D3_16012026(15).edf,33.10249307479171,False
12,B3_W1_D3_16012026(5),1,4893.829111940298,4961.413067164179,67.58395522388037,Seizure,8.0,convulsive,4.2310049625338575,513.4479009729475,2026-06-16 13:51:12,Batch_3_Recordings/Week_1/B3_W1_edf and dat files/B3_W1_7days_Annotations/Day_3.xlsx,Batch_3,1,Day_3,428.0,67.16726630477787,49.88662134427562,12.513230107111283,38.55887455298392,B3_W1_D3_16012026(5),0,5400.0,/lunarc/nobackup/projects/lu2026-2-60/RAM_GDNF_2025/Batch_3_Recordings/Week_1/B3_W1_edf and dat files/W1_D3/B3_W1_D3_16012026(5).edf,67.58395522388037,False
3,B3_W1_D4_17012026(11),3,2203.2909612188364,2450.659382271468,247.36842105263167,Seizure,12.0,convulsive,5.8657290994459155,4311.259122448619,2026-06-17 09:40:17,Batch_3_Recordings/Week_1/B3_W1_edf and dat files/B3_W1_7days_Annotations/Day_4.xlsx,Batch_3,1,Day_4,2636.0,760.8666407936993,308.27196672799613,212.44207130937193,582.9872742077705,B3_W1_D4_17012026(11),2,5400.0,/lunarc/nobackup/projects/lu2026-2-60/RAM_GDNF_2025/Batch_3_Recordings/Week_1/B3_W1_edf and dat files/W1_D4/B3_W1_D4_17012026(11).edf,247.36842105263167,False
6,B3_W1_D4_17012026(14),1,543.5040447761194,558.989119402985,15.48507462686564,Seizure,2.0,convulsive,2.569209895788228,320.7693837009105,2026-06-17 09:59:16,Batch_3_Recordings/Week_1/B3_W1_edf and dat files/B3_W1_7days_Annotations/Day_4.xlsx,Batch_3,1,Day_4,89.0,90.51288981351637,32.8058269096612,4.584149509447654,86.9518871627617,B3_W1_D4_17012026(14),0,5400.0,/lunarc/nobackup/projects/lu2026-2-60/RAM_GDNF_2025/Batch_3_Recordings/Week_1/B3_W1_edf and dat files/W1_D4/B3_W1_D4_17012026(14).edf,15.48507462686564,False
7,B3_W1_D4_17012026(15),5,3130.6026688432835,3160.523750932836,29.92108208955233,Seizure,13.0,convulsive,3.798309752160289,2701.7095274765707,2026-06-17 10:04:17,Batch_3_Recordings/Week_1/B3_W1_edf and dat files/B3_W1_7days_Annotations/Day_4.xlsx,Batch_3,1,Day_4,280.0,271.959957515546,87.80339685044184,46.84355843922461,240.071143431955,B3_W1_D4_17012026(15),4,5400.0,/lunarc/nobackup/projects/lu2026-2-60/RAM_GDNF_2025/Batch_3_Recordings/Week_1/B3_W1_edf and dat files/W1_D4/B3_W1_D4_17012026(15).edf,29.92108208955233,False
8,B3_W1_D4_17012026(16),7,1249.46,1304.952,55.49199999999996,Seizure,5.0,convulsive,2.6489827545816587,379.5796461080804,2026-06-17 10:10:01,Batch_3_Recordings/Week_1/B3_W1_edf and dat files/B3_W1_7days_Annotations/Day_4.xlsx,Batch_3,1,Day_4,147.0,54.51601999977533,21.243415201603828,29.663049626468112,30.159210766561248,B3_W1_D4_17012026(16),6,5400.0,/lunarc/nobackup/projects/lu2026-2-60/RAM_GDNF_2025/Batch_3_Recordings/Week_1/B3_W1_edf and dat files/W1_D4/B3_W1_D4_17012026(16).edf,55.49199999999996,False
8,B3_W1_D4_17012026(16),3,2001.054132040628,2029.955332409972,28.90120036934445,Seizure,7.0,convulsive,3.2261294234127997,5713.127201019448,2026-06-17 10:10:39,Batch_3_Recordings/Week_1/B3_W1_edf and dat files/B3_W1_7days_Annotations/Day_4.xlsx,Batch_3,1,Day_4,290.0,359.2132398852255,133.63197462181037,150.28757975240185,246.12767228379687,B3_W1_D4_17012026(16),2,5400.0,/lunarc/nobackup/projects/lu2026-2-60/RAM_GDNF_2025/Batch_3_Recordings/Week_1/B3_W1_edf and dat files/W1_D4/B3_W1_D4_17012026(16).edf,28.901200369343996,False
8,B3_W1_D4_17012026(16),3,5015.971558633426,5047.73517820868,31.76361957525387,Seizure,26.0,convulsive,2.526389660516389,4408.791248496225,2026-06-17 10:13:00,Batch_3_Recordings/Week_1/B3_W1_edf and dat files/B3_W1_7days_Annotations/Day_4.xlsx,Batch_3,1,Day_4,432.0,358.0211007169524,140.82427057669656,107.24405795656214,274.50090340823033,B3_W1_D4_17012026(16),2,5400.0,/lunarc/nobackup/projects/lu2026-2-60/RAM_GDNF_2025/Batch_3_Recordings/Week_1/B3_W1_edf and dat files/W1_D4/B3_W1_D4_17012026(16).edf,31.76361957525387,False
9,B3_W1_D4_17012026(2),7,845.3732910447761,859.1792611940298,13.805970149253652,Seizure,3.0,convulsive,2.528730078197354,992.0408364664228,2026-06-16 15:11:10,Batch_3_Recordings/Week_1/B3_W1_edf and dat files/B3_W1_7days_Annotations/Day_4.xlsx,Batch_3,1,Day_4,314.0,51.782292130708775,24.057593066096448,24.652298250644748,28.9198809994762,B3_W1_D4_17012026(2),6,5400.0,/lunarc/nobackup/projects/lu2026-2-60/RAM_GDNF_2025/Batch_3_Recordings/Week_1/B3_W1_edf and dat files/W1_D4/B3_W1_D4_17012026(2).edf,13.805970149253653,False
10,B3_W1_D4_17012026(3),3,169.199,186.57665466297323,17.377654662973214,Seizure,1.0,convulsive,3.805636754729469,330.4684023903302,2026-06-16 15:16:10,Batch_3_Recordings/Week_1/B3_W1_edf and dat files/B3_W1_7days_Annotations/Day_4.xlsx,Batch_3,1,Day_4,69.0,119.34561322515948,48.18326361251269,37.29693789056341,81.3294534210721,B3_W1_D4_17012026(3),2,5400.0,/lunarc/nobackup/projects/lu2026-2-60/RAM_GDNF_2025/Batch_3_Recordings/Week_1/B3_W1_edf and dat files/W1_D4/B3_W1_D4_17012026(3).edf,17.377654662973214,False
10,B3_W1_D4_17012026(3),3,4431.830149253731,4565.692089552238,133.86194029850685,Seizure,23.0,convulsive,3.4638461062658505,114.164660791551,2026-06-16 15:21:48,Batch_3_Recordings/Week_1/B3_W1_edf and dat files/B3_W1_7days_Annotations/Day_4.xlsx,Batch_3,1,Day_4,168.0,28.76202719493684,8.592317127390139,9.324585798657028,14.721011483148168,B3_W1_D4_17012026(3),2,5400.0,/lunarc/nobackup/projects/lu2026-2-60/RAM_GDNF_2025/Batch_3_Recordings/Week_1/B3_W1_edf and dat files/W1_D4/B3_W1_D4_17012026(3).edf,133.86194029850685,False
11,B3_W1_D4_17012026(4),3,2383.699,2405.922,22.222999999999956,Seizure,5.0,convulsive,5.579553635709143,866.4847594429737,2026-06-16 15:24:05,Batch_3_Recordings/Week_1/B3_W1_edf and dat files/B3_W1_7days_Annotations/Day_4.xlsx,Batch_3,1,Day_4,124.0,283.1857190511741,105.55406226835414,38.53032297123574,259.2181288256242,B3_W1_D4_17012026(4),2,5400.0,/lunarc/nobackup/projects/lu2026-2-60/RAM_GDNF_2025/Batch_3_Recordings/Week_1/B3_W1_edf and dat files/W1_D4/B3_W1_D4_17012026(4).edf,22.222999999999956,False
11,B3_W1_D4_17012026(4),3,3326.3420720221607,3411.106614958449,84.76454293628831,Seizure,8.0,convulsive,4.708233154052956,1892.774857285693,2026-06-16 15:25:17,Batch_3_Recordings/Week_1/B3_W1_edf and dat files/B3_W1_7days_Annotations/Day_4.xlsx,Batch_3,1,Day_4,3049.0,161.74565331871034,100.68386115570216,52.03631454194141,100.22740999415082,B3_W1_D4_17012026(4),2,5400.0,/lunarc/nobackup/projects/lu2026-2-60/RAM_GDNF_2025/Batch_3_Recordings/Week_1/B3_W1_edf and dat files/W1_D4/B3_W1_D4_17012026(4).edf,84.76454293628831,False
12,B3_W1_D4_17012026(5),3,1619.772,1739.735,119.96299999999997,Seizure,9.0,convulsive,5.534993831482778,366.3332228567965,2026-06-16 15:29:44,Batch_3_Recordings/Week_1/B3_W1_edf and dat files/B3_W1_7days_Annotations/Day_4.xlsx,Batch_3,1,Day_4,664.0,122.02802540649002,53.14589801519587,31.71395824097339,80.4617121688187,B3_W1_D4_17012026(5),2,5400.0,/lunarc/nobackup/projects/lu2026-2-60/RAM_GDNF_2025/Batch_3_Recordings/Week_1/B3_W1_edf and dat files/W1_D4/B3_W1_D4_17012026(5).edf,119.96299999999997,False
12,B3_W1_D4_17012026(5),3,1969.2271218836563,2048.377,79.14987811634342,Seizure,11.0,convulsive,3.0240331052045204,75.20817725523371,2026-06-16 15:55:23,Batch_3_Recordings/Week_1/B3_W1_edf and dat files/B3_W1_7days_Annotations/Day_4.xlsx,Batch_3,1,Day_4,171.0,40.391794421197105,19.656211379876694,2.278895365526681,28.94150293157268,B3_W1_D4_17012026(5),2,5400.0,/lunarc/nobackup/projects/lu2026-2-60/RAM_GDNF_2025/Batch_3_Recordings/Week_1/B3_W1_edf and dat files/W1_D4/B3_W1_D4_17012026(5).edf,79.14987811634364,False
12,B3_W1_D4_17012026(5),3,2732.058099722992,2882.750620498615,150.69252077562305,Seizure,16.0,convulsive,5.133828050046012,3596.6630698876843,2026-06-16 15:59:22,Batch_3_Recordings/Week_1/B3_W1_edf and dat files/B3_W1_7days_Annotations/Day_4.xlsx,Batch_3,1,Day_4,1311.0,327.0321218908117,158.28371520445552,128.80367783195078,199.37010332583188,B3_W1_D4_17012026(5),2,5400.0,/lunarc/nobackup/projects/lu2026-2-60/RAM_GDNF_2025/Batch_3_Recordings/Week_1/B3_W1_edf and dat files/W1_D4/B3_W1_D4_17012026(5).edf,150.6925207756226,False
13,B3_W1_D4_17012026(6),1,1395.915119402985,1413.5457164179104,17.630597014925343,Seizure,4.0,convulsive,5.593437033880248,341.8366969132094,2026-06-16 16:05:40,Batch_3_Recordings/Week_1/B3_W1_edf and dat files/B3_W1_7days_Annotations/Day_4.xlsx,Batch_3,1,Day_4,105.0,173.610633983904,112.09768826161444,71.29974824369837,79.09424323500997,B3_W1_D4_17012026(6),0,5400.0,/lunarc/nobackup/projects/lu2026-2-60/RAM_GDNF_2025/Batch_3_Recordings/Week_1/B3_W1_edf and dat files/W1_D4/B3_W1_D4_17012026(6).edf,17.630597014925343,True
13,B3_W1_D4_17012026(6),1,3035.192,3057.21,22.01800000000003,Seizure,11.0,convulsive,5.404423452472865,214.96814354026236,2026-06-16 16:06:59,Batch_3_Recordings/Week_1/B3_W1_edf and dat files/B3_W1_7days_Annotations/Day_4.xlsx,Batch_3,1,Day_4,119.0,114.97046180450135,45.09220722722062,8.93618425407213,94.88295211936855,B3_W1_D4_17012026(6),0,5400.0,/lunarc/nobackup/projects/lu2026-2-60/RAM_GDNF_2025/Batch_3_Recordings/Week_1/B3_W1_edf and dat files/W1_D4/B3_W1_D4_17012026(6).edf,22.01800000000003,False
15,B3_W1_D4_17012026(8),1,2449.8523731343284,2496.48,46.62762686567157,Seizure,6.0,convulsive,3.4599681682928516,236.6428160315881,2026-06-17 09:27:45,Batch_3_Recordings/Week_1/B3_W1_edf and dat files/B3_W1_7days_Annotations/Day_4.xlsx,Batch_3,1,Day_4,200.0,52.49465734749342,25.066552000143968,5.338822598540845,37.14064433802066,B3_W1_D4_17012026(8),0,5400.0,/lunarc/nobackup/projects/lu2026-2-60/RAM_GDNF_2025/Batch_3_Recordings/Week_1/B3_W1_edf and dat files/W1_D4/B3_W1_D4_17012026(8).edf,46.62762686567157,False
16,B3_W1_D4_17012026(9),3,1551.92455355494,1645.9110004616805,93.9864469067404,Seizure,5.0,convulsive,4.362944801290238,3670.76364214201,2026-06-17 09:32:16,Batch_3_Recordings/Week_1/B3_W1_edf and dat files/B3_W1_7days_Annotations/Day_4.xlsx,Batch_3,1,Day_4,936.0,330.46448633463007,141.37943422406215,113.04561177851758,229.84977900431,B3_W1_D4_17012026(9),2,5400.0,/lunarc/nobackup/projects/lu2026-2-60/RAM_GDNF_2025/Batch_3_Recordings/Week_1/B3_W1_edf and dat files/W1_D4/B3_W1_D4_17012026(9).edf,93.98644690674041,False
3,B3_W1_D5_18012026(11),3,4769.826186567165,4781.953052238807,12.126865671642008,Seizure,45.0,convulsive,3.050359712230216,33.45090567781416,2026-06-17 11:55:05,Batch_3_Recordings/Week_1/B3_W1_edf and dat files/B3_W1_7days_Annotations/Day_5.xlsx,Batch_3,1,Day_5,53.0,12.234962671469091,2.0105445825648927,4.551288836547889,3.0337054610217433,B3_W1_D5_18012026(11),2,5400.0,/lunarc/nobackup/projects/lu2026-2-60/RAM_GDNF_2025/Batch_3_Recordings/Week_1/B3_W1_edf and dat files/W1_D5/B3_W1_D5_18012026(11).edf,12.126865671642008,False
6,B3_W1_D5_18012026(14),3,4324.929550323176,4347.828903970452,22.899353647276257,Seizure,23.0,convulsive,4.685565112620904,185.22545073852967,2026-06-17 12:18:07,Batch_3_Recordings/Week_1/B3_W1_edf and dat files/B3_W1_7days_Annotations/Day_5.xlsx,Batch_3,1,Day_5,140.0,73.75461137435356,28.31713840438808,25.88551204749789,42.57217063370535,B3_W1_D5_18012026(14),2,5400.0,/lunarc/nobackup/projects/lu2026-2-60/RAM_GDNF_2025/Batch_3_Recordings/Week_1/B3_W1_edf and dat files/W1_D5/B3_W1_D5_18012026(14).edf,22.899353647276257,False
7,B3_W1_D5_18012026(15),3,444.933,465.11023880597014,20.17723880597015,Seizure,6.0,convulsive,3.1511388122987096,165.08752828963804,2026-06-17 12:21:09,Batch_3_Recordings/Week_1/B3_W1_edf and dat files/B3_W1_7days_Annotations/Day_5.xlsx,Batch_3,1,Day_5,136.0,40.028037888674774,12.585032829353812,10.233180706830428,26.610679404625955,B3_W1_D5_18012026(15),2,5400.0,/lunarc/nobackup/projects/lu2026-2-60/RAM_GDNF_2025/Batch_3_Recordings/Week_1/B3_W1_edf and dat files/W1_D5/B3_W1_D5_18012026(15).edf,20.17723880597015,False
7,B3_W1_D5_18012026(15),3,2889.483531076067,2911.412649814471,21.929118738404213,Seizure,16.0,convulsive,3.377840094324591,404.7563394283066,2026-06-17 12:22:33,Batch_3_Recordings/Week_1/B3_W1_edf and dat files/B3_W1_7days_Annotations/Day_5.xlsx,Batch_3,1,Day_5,106.0,96.68461407890146,41.00516095469762,22.255887621198543,69.9635649152132,B3_W1_D5_18012026(15),2,5400.0,/lunarc/nobackup/projects/lu2026-2-60/RAM_GDNF_2025/Batch_3_Recordings/Week_1/B3_W1_edf and dat files/W1_D5/B3_W1_D5_18012026(15).edf,21.929118738404213,False
7,B3_W1_D5_18012026(15),1,4082.310850746269,4116.639208955224,34.32835820895525,Seizure,25.0,convulsive,2.693042158350879,184.70990047729737,2026-06-17 12:23:39,Batch_3_Recordings/Week_1/B3_W1_edf and dat files/B3_W1_7days_Annotations/Day_5.xlsx,Batch_3,1,Day_5,165.0,49.67531237261082,16.67551227362631,3.727991593462075,46.340514639433344,B3_W1_D5_18012026(15),0,5400.0,/lunarc/nobackup/projects/lu2026-2-60/RAM_GDNF_2025/Batch_3_Recordings/Week_1/B3_W1_edf and dat files/W1_D5/B3_W1_D5_18012026(15).edf,34.328358208954796,False
8,B3_W1_D5_18012026(16),3,1686.5981791044776,1696.48623880597,9.888059701492466,Seizure,9.0,convulsive,2.726095549649015,215.80902198463457,2026-06-17 12:26:34,Batch_3_Recordings/Week_1/B3_W1_edf and dat files/B3_W1_7days_Annotations/Day_5.xlsx,Batch_3,1,Day_5,80.0,47.081921089911646,21.034113066313843,9.237686173303596,32.12353053099105,B3_W1_D5_18012026(16),2,4953.5,/lunarc/nobackup/projects/lu2026-2-60/RAM_GDNF_2025/Batch_3_Recordings/Week_1/B3_W1_edf and dat files/W1_D5/B3_W1_D5_18012026(16).edf,9.888059701492466,False
8,B3_W1_D5_18012026(16),3,4777.309032317636,4850.9040461680515,73.59501385041585,Seizure,20.0,convulsive,5.542434262320894,1529.6698978909594,2026-06-17 12:28:05,Batch_3_Recordings/Week_1/B3_W1_edf and dat files/B3_W1_7days_Annotations/Day_5.xlsx,Batch_3,1,Day_5,528.0,195.4945174879722,93.30792611450022,43.7478306592631,138.12433020908026,B3_W1_D5_18012026(16),2,4953.5,/lunarc/nobackup/projects/lu2026-2-60/RAM_GDNF_2025/Batch_3_Recordings/Week_1/B3_W1_edf and dat files/W1_D5/B3_W1_D5_18012026(16).edf,73.59501385041585,False
9,B3_W1_D5_18012026(2),3,1970.763,2022.719,51.95600000000013,Seizure,12.0,convulsive,3.002482822333853,48.065917335129264,2026-06-17 10:39:27,Batch_3_Recordings/Week_1/B3_W1_edf and dat files/B3_W1_7days_Annotations/Day_5.xlsx,Batch_3,1,Day_5,156.0,11.50066510556552,9.769968469401602,1.380971602423254,6.485809385673401,B3_W1_D5_18012026(2),2,5400.0,/lunarc/nobackup/projects/lu2026-2-60/RAM_GDNF_2025/Batch_3_Recordings/Week_1/B3_W1_edf and dat files/W1_D5/B3_W1_D5_18012026(2).edf,51.95600000000013,False
9,B3_W1_D5_18012026(2),7,2005.402208955224,2033.480567164179,28.07835820895525,Seizure,13.0,convulsive,4.485109436670255,3291.020846284885,2026-06-17 10:40:00,Batch_3_Recordings/Week_1/B3_W1_edf and dat files/B3_W1_7days_Annotations/Day_5.xlsx,Batch_3,1,Day_5,175.0,911.2897817111698,454.9736805553284,489.7843725720217,482.2038980263078,B3_W1_D5_18012026(2),6,5400.0,/lunarc/nobackup/projects/lu2026-2-60/RAM_GDNF_2025/Batch_3_Recordings/Week_1/B3_W1_edf and dat files/W1_D5/B3_W1_D5_18012026(2).edf,28.078358208955024,True
9,B3_W1_D5_18012026(2),7,3774.49675,3790.01675,15.519999999999982,Seizure,25.0,convulsive,4.143169524686385,289.82964815692543,2026-06-17 10:42:14,Batch_3_Recordings/Week_1/B3_W1_edf and dat files/B3_W1_7days_Annotations/Day_5.xlsx,Batch_3,1,Day_5,108.0,97.49654013933464,46.17645347431284,30.307489090679567,65.58817690308253,B3_W1_D5_18012026(2),6,5400.0,/lunarc/nobackup/projects/lu2026-2-60/RAM_GDNF_2025/Batch_3_Recordings/Week_1/B3_W1_edf and dat files/W1_D5/B3_W1_D5_18012026(2).edf,15.519999999999982,False
13,B3_W1_D5_18012026(6),7,5206.106970149254,5233.065925373135,26.958955223880366,Seizure,29.0,convulsive,3.1913148515442087,417.29286470790066,2026-06-17 11:03:36,Batch_3_Recordings/Week_1/B3_W1_edf and dat files/B3_W1_7days_Annotations/Day_5.xlsx,Batch_3,1,Day_5,214.0,44.48402598176277,20.824363264993764,14.96282065175026,28.117192404505538,B3_W1_D5_18012026(6),6,5400.0,/lunarc/nobackup/projects/lu2026-2-60/RAM_GDNF_2025/Batch_3_Recordings/Week_1/B3_W1_edf and dat files/W1_D5/B3_W1_D5_18012026(6).edf,26.958955223880366,False
15,B3_W1_D5_18012026(8),7,267.96661194029855,284.38452238805974,16.417910447761187,Seizure,2.0,convulsive,3.7230831153149526,84.61962044876553,2026-06-17 11:09:39,Batch_3_Recordings/Week_1/B3_W1_edf and dat files/B3_W1_7days_Annotations/Day_5.xlsx,Batch_3,1,Day_5,74.0,31.24951060018998,17.93573976655235,9.770656814441937,16.474271502990096,B3_W1_D5_18012026(8),6,5400.0,/lunarc/nobackup/projects/lu2026-2-60/RAM_GDNF_2025/Batch_3_Recordings/Week_1/B3_W1_edf and dat files/W1_D5/B3_W1_D5_18012026(8).edf,16.417910447761187,False
15,B3_W1_D5_18012026(8),7,2041.9303656716415,2054.010589552239,12.080223880597032,Seizure,8.0,convulsive,5.4934275063763,498.1429141089232,2026-06-17 11:10:28,Batch_3_Recordings/Week_1/B3_W1_edf and dat files/B3_W1_7days_Annotations/Day_5.xlsx,Batch_3,1,Day_5,84.0,192.5696049233872,91.95527677569406,124.09599127865332,83.62582852944743,B3_W1_D5_18012026(8),6,5400.0,/lunarc/nobackup/projects/lu2026-2-60/RAM_GDNF_2025/Batch_3_Recordings/Week_1/B3_W1_edf and dat files/W1_D5/B3_W1_D5_18012026(8).edf,12.08022388059726,True
15,B3_W1_D5_18012026(8),3,3578.488,3619.6961784386617,41.20817843866189,Seizure,12.0,convulsive,2.816556453588048,247.31919889684215,2026-06-17 11:11:28,Batch_3_Recordings/Week_1/B3_W1_edf and dat files/B3_W1_7days_Annotations/Day_5.xlsx,Batch_3,1,Day_5,414.0,25.79265977460404,7.464811632565096,6.077670947210112,17.56797265914882,B3_W1_D5_18012026(8),2,5400.0,/lunarc/nobackup/projects/lu2026-2-60/RAM_GDNF_2025/Batch_3_Recordings/Week_1/B3_W1_edf and dat files/W1_D5/B3_W1_D5_18012026(8).edf,41.20817843866189,False
3,B3_W1_D6_19012026(11),7,3536.449,3572.018,35.56899999999996,Seizure,45.0,convulsive,3.4017430418892323,1090.73525489933,2026-06-17 14:31:17,Batch_3_Recordings/Week_1/B3_W1_edf and dat files/B3_W1_7days_Annotations/Day_6.xlsx,Batch_3,1,Day_6,121.0,171.48440515588877,72.59769353924199,95.4292087386412,93.99675332748372,B3_W1_D6_19012026(11),6,5400.0,/lunarc/nobackup/projects/lu2026-2-60/RAM_GDNF_2025/Batch_3_Recordings/Week_1/B3_W1_edf and dat files/W1_D6/B3_W1_D6_19012026(11).edf,35.56899999999996,False
4,B3_W1_D6_19012026(12),1,5165.40432835821,5187.791,22.3866716417906,Seizure,75.0,convulsive,2.517990757829377,179.16278306848727,2026-06-17 14:39:03,Batch_3_Recordings/Week_1/B3_W1_edf and dat files/B3_W1_7days_Annotations/Day_6.xlsx,Batch_3,1,Day_6,176.0,32.45706971333975,16.72349976801549,2.830635943063254,23.64852388042307,B3_W1_D6_19012026(12),0,5400.0,/lunarc/nobackup/projects/lu2026-2-60/RAM_GDNF_2025/Batch_3_Recordings/Week_1/B3_W1_edf and dat files/W1_D6/B3_W1_D6_19012026(12).edf,22.3866716417906,False
5,B3_W1_D6_19012026(13),6,1723.842014925373,1768.431567164179,44.589552238805936,Seizure,4.0,convulsive,3.858226062422853,221.95455606113984,2026-06-17 14:41:46,Batch_3_Recordings/Week_1/B3_W1_edf and dat files/B3_W1_7days_Annotations/Day_6.xlsx,Batch_3,1,Day_6,1094.0,30.10468577061291,7.121858796395532,21.175062147524677,7.227801065394038,B3_W1_D6_19012026(13),5,5400.0,/lunarc/nobackup/projects/lu2026-2-60/RAM_GDNF_2025/Batch_3_Recordings/Week_1/B3_W1_edf and dat files/W1_D6/B3_W1_D6_19012026(13).edf,44.589552238805936,False
7,B3_W1_D6_19012026(15),7,1604.4824029850747,1632.747328358209,28.264925373134247,Seizure,15.0,convulsive,2.5979497261620557,246.97945325417416,2026-06-17 15:25:53,Batch_3_Recordings/Week_1/B3_W1_edf and dat files/B3_W1_7days_Annotations/Day_6.xlsx,Batch_3,1,Day_6,74.0,34.14339550954906,20.232973572189454,10.628142940501569,19.676456896721916,B3_W1_D6_19012026(15),6,5400.0,/lunarc/nobackup/projects/lu2026-2-60/RAM_GDNF_2025/Batch_3_Recordings/Week_1/B3_W1_edf and dat files/W1_D6/B3_W1_D6_19012026(15).edf,28.264925373134247,False
8,B3_W1_D6_19012026(16),6,383.4200671641791,399.6514104477612,16.231343283582078,Seizure,3.0,convulsive,3.5127109437241977,91.4470936823576,2026-06-17 15:30:02,Batch_3_Recordings/Week_1/B3_W1_edf and dat files/B3_W1_7days_Annotations/Day_6.xlsx,Batch_3,1,Day_6,97.0,17.941923960923248,1.4895907795811254,20.96759901314177,2.0308939519306786,B3_W1_D6_19012026(16),5,4232.0,/lunarc/nobackup/projects/lu2026-2-60/RAM_GDNF_2025/Batch_3_Recordings/Week_1/B3_W1_edf and dat files/W1_D6/B3_W1_D6_19012026(16).edf,16.231343283582078,False
10,B3_W1_D6_19012026(3),7,4161.211797783934,4210.3807728531865,49.16897506925216,Seizure,25.0,convulsive,4.354846601751725,1623.171004404357,2026-06-17 12:55:27,Batch_3_Recordings/Week_1/B3_W1_edf and dat files/B3_W1_7days_Annotations/Day_6.xlsx,Batch_3,1,Day_6,445.0,290.67186610868407,148.0269170751129,116.467880421535,178.6882682034619,B3_W1_D6_19012026(3),6,5400.0,/lunarc/nobackup/projects/lu2026-2-60/RAM_GDNF_2025/Batch_3_Recordings/Week_1/B3_W1_edf and dat files/W1_D6/B3_W1_D6_19012026(3).edf,49.168975069252156,False
11,B3_W1_D6_19012026(4),3,4473.881505078485,4486.900895660203,13.019390581717744,Seizure,24.0,convulsive,3.6492354851658577,383.25030175600574,2026-06-17 12:59:45,Batch_3_Recordings/Week_1/B3_W1_edf and dat files/B3_W1_7days_Annotations/Day_6.xlsx,Batch_3,1,Day_6,100.0,63.13595204071133,30.09313447981347,18.348943642773,42.39270398184621,B3_W1_D6_19012026(4),2,5400.0,/lunarc/nobackup/projects/lu2026-2-60/RAM_GDNF_2025/Batch_3_Recordings/Week_1/B3_W1_edf and dat files/W1_D6/B3_W1_D6_19012026(4).edf,13.019390581717744,False
12,B3_W1_D6_19012026(5),7,4609.689147737765,4663.70576823638,54.01662049861534,Seizure,43.0,convulsive,4.985058595094812,5850.431497102726,2026-06-17 13:05:59,Batch_3_Recordings/Week_1/B3_W1_edf and dat files/B3_W1_7days_Annotations/Day_6.xlsx,Batch_3,1,Day_6,724.0,236.3007993434023,104.41761020601705,141.69082008024728,117.91482476947635,B3_W1_D6_19012026(5),6,5400.0,/lunarc/nobackup/projects/lu2026-2-60/RAM_GDNF_2025/Batch_3_Recordings/Week_1/B3_W1_edf and dat files/W1_D6/B3_W1_D6_19012026(5).edf,54.01662049861534,True
13,B3_W1_D6_19012026(6),6,3679.424313432836,3745.842223880597,66.41791044776119,Seizure,4.0,convulsive,5.95800233320371,117.30476138192677,2026-06-17 13:09:01,Batch_3_Recordings/Week_1/B3_W1_edf and dat files/B3_W1_7days_Annotations/Day_6.xlsx,Batch_3,1,Day_6,429.0,37.60540521179368,6.065752516283095,36.95564966733072,8.083271710581501,B3_W1_D6_19012026(6),5,5400.0,/lunarc/nobackup/projects/lu2026-2-60/RAM_GDNF_2025/Batch_3_Recordings/Week_1/B3_W1_edf and dat files/W1_D6/B3_W1_D6_19012026(6).edf,66.41791044776119,False
13,B3_W1_D6_19012026(6),1,4715.274679104477,4726.002291044776,10.72761194029863,Seizure,9.0,convulsive,3.4413195680550612,247.20048084319515,2026-06-17 13:10:27,Batch_3_Recordings/Week_1/B3_W1_edf and dat files/B3_W1_7days_Annotations/Day_6.xlsx,Batch_3,1,Day_6,58.0,79.37964032770851,40.115989896582,14.594761371660049,58.04702328614165,B3_W1_D6_19012026(6),0,5400.0,/lunarc/nobackup/projects/lu2026-2-60/RAM_GDNF_2025/Batch_3_Recordings/Week_1/B3_W1_edf and dat files/W1_D6/B3_W1_D6_19012026(6).edf,10.72761194029863,False
15,B3_W1_D6_19012026(8),7,3067.5174921514313,3083.3069658356417,15.789473684210408,Seizure,12.0,convulsive,3.828564336111668,2895.5496696882906,2026-06-17 13:17:15,Batch_3_Recordings/Week_1/B3_W1_edf and dat files/B3_W1_7days_Annotations/Day_6.xlsx,Batch_3,1,Day_6,401.0,329.7523398463506,195.5435010619058,123.12105701766237,193.41030513154377,B3_W1_D6_19012026(8),6,5400.0,/lunarc/nobackup/projects/lu2026-2-60/RAM_GDNF_2025/Batch_3_Recordings/Week_1/B3_W1_edf and dat files/W1_D6/B3_W1_D6_19012026(8).edf,15.789473684210407,False
2,B3_W1_D7_20012026(10),7,2250.160119402985,2277.0257910447763,26.865671641791323,Seizure,11.0,convulsive,2.5086326476404093,679.8842161515171,2026-06-18 09:13:18,Batch_3_Recordings/Week_1/B3_W1_edf and dat files/B3_W1_7days_Annotations/Day_7.xlsx,Batch_3,1,Day_7,170.0,66.57203636304507,35.11872847422993,30.674661268116417,36.49802645023341,B3_W1_D7_20012026(10),6,5400.0,/lunarc/nobackup/projects/lu2026-2-60/RAM_GDNF_2025/Batch_3_Recordings/Week_1/B3_W1_edf and dat files/W1_D7/B3_W1_D7_20012026(10).edf,26.865671641791323,False
3,B3_W1_D7_20012026(11),7,2061.1810186915886,2120.9941028037383,59.81308411214968,Seizure,9.0,convulsive,3.8090646094503375,496.9447226621113,2026-06-18 09:24:18,Batch_3_Recordings/Week_1/B3_W1_edf and dat files/B3_W1_7days_Annotations/Day_7.xlsx,Batch_3,1,Day_7,237.0,47.898419703586235,24.84958259896605,16.310556111944656,28.230060773927793,B3_W1_D7_20012026(11),6,5400.0,/lunarc/nobackup/projects/lu2026-2-60/RAM_GDNF_2025/Batch_3_Recordings/Week_1/B3_W1_edf and dat files/W1_D7/B3_W1_D7_20012026(11).edf,59.81308411214968,False
5,B3_W1_D7_20012026(13),2,2125.276759926131,2136.357092336103,11.080332409972016,Seizure,7.0,convulsive,3.3422136110438365,119.553724908254,2026-06-18 09:35:11,Batch_3_Recordings/Week_1/B3_W1_edf and dat files/B3_W1_7days_Annotations/Day_7.xlsx,Batch_3,1,Day_7,69.0,28.018811786097036,10.769920250442285,10.77791668977515,13.248303589651435,B3_W1_D7_20012026(13),1,5400.0,/lunarc/nobackup/projects/lu2026-2-60/RAM_GDNF_2025/Batch_3_Recordings/Week_1/B3_W1_edf and dat files/W1_D7/B3_W1_D7_20012026(13).edf,11.080332409972016,False
6,B3_W1_D7_20012026(14),3,118.45113388734993,141.90450415512458,23.453370267774673,Seizure,1.0,convulsive,3.1174565436261967,741.4497373309184,2026-06-18 09:40:05,Batch_3_Recordings/Week_1/B3_W1_edf and dat files/B3_W1_7days_Annotations/Day_7.xlsx,Batch_3,1,Day_7,257.0,88.5360820169206,24.16631386181763,42.59576590476428,57.28749540837685,B3_W1_D7_20012026(14),2,5400.0,/lunarc/nobackup/projects/lu2026-2-60/RAM_GDNF_2025/Batch_3_Recordings/Week_1/B3_W1_edf and dat files/W1_D7/B3_W1_D7_20012026(14).edf,23.45337026777466,False
7,B3_W1_D7_20012026(15),2,1119.9743665743304,1145.5976352723917,25.62326869806111,Seizure,10.0,convulsive,4.851004851004851,1561.7018649114082,2026-06-18 09:46:02,Batch_3_Recordings/Week_1/B3_W1_edf and dat files/B3_W1_7days_Annotations/Day_7.xlsx,Batch_3,1,Day_7,385.0,216.25761963591577,111.95280649154653,43.40248591830627,162.02998019566687,B3_W1_D7_20012026(15),1,5400.0,/lunarc/nobackup/projects/lu2026-2-60/RAM_GDNF_2025/Batch_3_Recordings/Week_1/B3_W1_edf and dat files/W1_D7/B3_W1_D7_20012026(15).edf,25.623268698061338,False
7,B3_W1_D7_20012026(15),2,2173.773110803324,2190.345,16.571889196675784,Seizure,16.0,convulsive,4.195596480154458,1198.2000614884644,2026-06-18 09:47:58,Batch_3_Recordings/Week_1/B3_W1_edf and dat files/B3_W1_7days_Annotations/Day_7.xlsx,Batch_3,1,Day_7,113.0,206.15236266575317,99.63633429185327,43.352738761619435,158.15854595225568,B3_W1_D7_20012026(15),1,5400.0,/lunarc/nobackup/projects/lu2026-2-60/RAM_GDNF_2025/Batch_3_Recordings/Week_1/B3_W1_edf and dat files/W1_D7/B3_W1_D7_20012026(15).edf,16.571889196675784,False
7,B3_W1_D7_20012026(15),2,2690.864074074074,2706.049259259259,15.18518518518522,Seizure,22.0,convulsive,3.2782297559317968,1444.0581415297952,2026-06-18 09:50:38,Batch_3_Recordings/Week_1/B3_W1_edf and dat files/B3_W1_7days_Annotations/Day_7.xlsx,Batch_3,1,Day_7,164.0,130.46434473114044,50.53248778324235,18.77482367555187,114.11703105166178,B3_W1_D7_20012026(15),1,5400.0,/lunarc/nobackup/projects/lu2026-2-60/RAM_GDNF_2025/Batch_3_Recordings/Week_1/B3_W1_edf and dat files/W1_D7/B3_W1_D7_20012026(15).edf,15.185185185185219,False
8,B3_W1_D7_20012026(16),7,3650.078470149254,3666.356455223881,16.27798507462694,Seizure,14.0,convulsive,3.43878954607978,568.1305550070373,2026-06-18 09:57:33,Batch_3_Recordings/Week_1/B3_W1_edf and dat files/B3_W1_7days_Annotations/Day_7.xlsx,Batch_3,1,Day_7,100.0,107.41929050606376,49.49656526194599,44.155609370805166,66.58467647794596,B3_W1_D7_20012026(16),6,5400.0,/lunarc/nobackup/projects/lu2026-2-60/RAM_GDNF_2025/Batch_3_Recordings/Week_1/B3_W1_edf and dat files/W1_D7/B3_W1_D7_20012026(16).edf,16.27798507462694,False
11,B3_W1_D7_20012026(3),7,1443.2081775700933,1480.7342149532708,37.52603738317748,Seizure,5.0,convulsive,2.747513027001421,327.74984343202374,2026-06-17 16:17:39,Batch_3_Recordings/Week_1/B3_W1_edf and dat files/B3_W1_7days_Annotations/Day_7.xlsx,Batch_3,1,Day_7,145.0,71.58451876737789,35.8561554143459,20.990215872076615,48.851758973050984,B3_W1_D7_20012026(3),6,5400.0,/lunarc/nobackup/projects/lu2026-2-60/RAM_GDNF_2025/Batch_3_Recordings/Week_1/B3_W1_edf and dat files/W1_D7/B3_W1_D7_20012026(3).edf,37.52603738317748,True
11,B3_W1_D7_20012026(3),1,2250.730957089552,2283.6072070895525,32.876250000000255,Seizure,11.0,convulsive,3.185921262231662,211.93315116915204,2026-06-17 16:18:49,Batch_3_Recordings/Week_1/B3_W1_edf and dat files/B3_W1_7days_Annotations/Day_7.xlsx,Batch_3,1,Day_7,168.0,38.28517707281394,16.9646897959903,4.65044528662708,30.49245761372296,B3_W1_D7_20012026(3),0,5400.0,/lunarc/nobackup/projects/lu2026-2-60/RAM_GDNF_2025/Batch_3_Recordings/Week_1/B3_W1_edf and dat files/W1_D7/B3_W1_D7_20012026(3).edf,32.87625000000071,False
13,B3_W1_D7_20012026(5),7,2924.1446417910447,2933.473,9.328358208955253,Seizure,20.0,convulsive,2.595631997063528,56.11390355637332,2026-06-17 16:29:41,Batch_3_Recordings/Week_1/B3_W1_edf and dat files/B3_W1_7days_Annotations/Day_7.xlsx,Batch_3,1,Day_7,99.0,10.632994878980254,2.9498013657634776,8.369200015801809,2.7966633649610255,B3_W1_D7_20012026(5),6,5400.0,/lunarc/nobackup/projects/lu2026-2-60/RAM_GDNF_2025/Batch_3_Recordings/Week_1/B3_W1_edf and dat files/W1_D7/B3_W1_D7_20012026(5).edf,9.328358208955251,False
15,B3_W1_D7_20012026(7),7,3823.274432835821,3836.240850746268,12.96641791044749,Seizure,12.0,convulsive,2.901631808779591,149.0842951057796,2026-06-18 08:56:52,Batch_3_Recordings/Week_1/B3_W1_edf and dat files/B3_W1_7days_Annotations/Day_7.xlsx,Batch_3,1,Day_7,101.0,24.696474476804777,11.63296883560333,11.453244518356293,12.630045511464829,B3_W1_D7_20012026(7),6,5400.0,/lunarc/nobackup/projects/lu2026-2-60/RAM_GDNF_2025/Batch_3_Recordings/Week_1/B3_W1_edf and dat files/W1_D7/B3_W1_D7_20012026(7).edf,12.966417910447035,False
15,B3_W1_D7_20012026(7),3,4934.873537313433,4980.675776119403,45.802238805969864,Seizure,15.0,convulsive,2.787652489706146,2065.9216251593207,2026-06-18 08:57:35,Batch_3_Recordings/Week_1/B3_W1_edf and dat files/B3_W1_7days_Annotations/Day_7.xlsx,Batch_3,1,Day_7,654.0,109.42515365962774,78.60431480858735,5.881247655489509,77.9036838775892,B3_W1_D7_20012026(7),2,5400.0,/lunarc/nobackup/projects/lu2026-2-60/RAM_GDNF_2025/Batch_3_Recordings/Week_1/B3_W1_edf and dat files/W1_D7/B3_W1_D7_20012026(7).edf,45.802238805969864,False
15,B3_W1_D7_20012026(7),3,5172.769992537314,5242.732679104478,69.96268656716438,Seizure,15.0,convulsive,2.787652489706146,2065.9216251593207,2026-06-18 08:57:59,Batch_3_Recordings/Week_1/B3_W1_edf and dat files/B3_W1_7days_Annotations/Day_7.xlsx,Batch_3,1,Day_7,654.0,109.42515365962774,78.60431480858735,5.881247655489509,77.9036838775892,B3_W1_D7_20012026(7),2,5400.0,/lunarc/nobackup/projects/lu2026-2-60/RAM_GDNF_2025/Batch_3_Recordings/Week_1/B3_W1_edf and dat files/W1_D7/B3_W1_D7_20012026(7).edf,69.96268656716438,False
17,B3_W1_D7_20012026(9),7,557.2237462686568,595.4700149253732,38.24626865671644,Seizure,5.0,convulsive,4.552868845112836,386.818027548257,2026-06-18 09:06:15,Batch_3_Recordings/Week_1/B3_W1_edf and dat files/B3_W1_7days_Annotations/Day_7.xlsx,Batch_3,1,Day_7,254.0,97.80086921279636,56.22671659878169,22.545065852266013,64.90598939300452,B3_W1_D7_20012026(9),6,5400.0,/lunarc/nobackup/projects/lu2026-2-60/RAM_GDNF_2025/Batch_3_Recordings/Week_1/B3_W1_edf and dat files/W1_D7/B3_W1_D7_20012026(9).edf,38.24626865671644,False
17,B3_W1_D7_20012026(9),7,3448.182104477612,3453.592552238806,5.410447761194064,Seizure,23.0,convulsive,2.6600076000217143,385.2164185792572,2026-06-18 09:09:04,Batch_3_Recordings/Week_1/B3_W1_edf and dat files/B3_W1_7days_Annotations/Day_7.xlsx,Batch_3,1,Day_7,49.0,122.30254976258512,64.41648597505795,41.827543840961056,78.81975519948024,B3_W1_D7_20012026(9),6,5400.0,/lunarc/nobackup/projects/lu2026-2-60/RAM_GDNF_2025/Batch_3_Recordings/Week_1/B3_W1_edf and dat files/W1_D7/B3_W1_D7_20012026(9).edf,5.410447761194064,False
1,B3_W2_D1_21012026(1),7,659.5302910447762,670.2112611940299,10.680970149253769,Seizure,5.0,convulsive,4.199192462987887,636.2859299138414,2026-06-18 15:08:09,Batch_3_Recordings/Week_2/B3_W2_edf and dat files/B3_W2_7days_Annotations/Day_1.xlsx,Batch_3,2,Day_1,156.0,169.48072408167906,85.06123639360533,62.29491914227968,108.53909281063288,B3_W2_D1_21012026(1),6,5400.0,/lunarc/nobackup/projects/lu2026-2-60/RAM_GDNF_2025/Batch_3_Recordings/Week_2/B3_W2_edf and dat files/W2_D1/B3_W2_D1_21012026(1).edf,10.680970149253767,False
1,B3_W2_D1_21012026(1),7,861.8384016620499,920.0101468144044,58.17174515235456,Seizure,7.0,convulsive,4.282546935196972,1702.0035934265288,2026-06-18 15:09:40,Batch_3_Recordings/Week_2/B3_W2_edf and dat files/B3_W2_7days_Annotations/Day_1.xlsx,Batch_3,2,Day_1,508.0,424.4427673332469,238.26897560951255,162.18317067642047,255.51028477696727,B3_W2_D1_21012026(1),6,5400.0,/lunarc/nobackup/projects/lu2026-2-60/RAM_GDNF_2025/Batch_3_Recordings/Week_2/B3_W2_edf and dat files/W2_D1/B3_W2_D1_21012026(1).edf,58.17174515235445,False
1,B3_W2_D1_21012026(1),7,1275.3529179104478,1284.448067164179,9.09514925373128,Seizure,10.0,convulsive,3.0311695739205033,550.2717578868077,2026-06-18 15:10:36,Batch_3_Recordings/Week_2/B3_W2_edf and dat files/B3_W2_7days_Annotations/Day_1.xlsx,Batch_3,2,Day_1,53.0,91.29930586547998,42.051367845060945,52.97179501120377,45.148981329687686,B3_W2_D1_21012026(1),6,5400.0,/lunarc/nobackup/projects/lu2026-2-60/RAM_GDNF_2025/Batch_3_Recordings/Week_2/B3_W2_edf and dat files/W2_D1/B3_W2_D1_21012026(1).edf,9.095149253731279,False
2,B3_W2_D1_21012026(10),2,1520.6700360110804,1550.032916897507,29.36288088642664,Seizure,6.0,convulsive,3.1036553539457956,1701.8644513448596,2026-06-19 13:17:24,Batch_3_Recordings/Week_2/B3_W2_edf and dat files/B3_W2_7days_Annotations/Day_1.xlsx,Batch_3,2,Day_1,1106.0,39.710443655621354,17.381322391559017,13.590210454988837,25.426387476299965,B3_W2_D1_21012026(10),1,5400.0,/lunarc/nobackup/projects/lu2026-2-60/RAM_GDNF_2025/Batch_3_Recordings/Week_2/B3_W2_edf and dat files/W2_D1/B3_W2_D1_21012026(10).edf,29.362880886426638,False
3,B3_W2_D1_21012026(11),2,1664.035,1685.179967682364,21.144967682363813,Seizure,6.0,convulsive,2.5087032004144816,1456.4616965095847,2026-06-22 09:24:24,Batch_3_Recordings/Week_2/B3_W2_edf and dat files/B3_W2_7days_Annotations/Day_1.xlsx,Batch_3,2,Day_1,276.0,135.8765288545933,66.70183902788906,34.6607356306377,99.90180372281324,B3_W2_D1_21012026(11),1,5400.0,/lunarc/nobackup/projects/lu2026-2-60/RAM_GDNF_2025/Batch_3_Recordings/Week_2/B3_W2_edf and dat files/W2_D1/B3_W2_D1_21012026(11).edf,21.144967682363813,False
3,B3_W2_D1_21012026(11),2,4943.681041044776,4974.504891791044,30.823850746268363,Seizure,13.0,convulsive,5.337214944201844,1268.2895357965483,2026-06-22 09:25:46,Batch_3_Recordings/Week_2/B3_W2_edf and dat files/B3_W2_7days_Annotations/Day_1.xlsx,Batch_3,2,Day_1,308.0,170.83918428601186,81.21764595845843,53.761951490136575,115.96962359022736,B3_W2_D1_21012026(11),1,5400.0,/lunarc/nobackup/projects/lu2026-2-60/RAM_GDNF_2025/Batch_3_Recordings/Week_2/B3_W2_edf and dat files/W2_D1/B3_W2_D1_21012026(11).edf,30.823850746268363,False
3,B3_W2_D1_21012026(11),2,5276.225149253732,5284.620671641791,8.395522388059362,Seizure,18.0,convulsive,3.0874827789805153,1232.0134936429993,2026-06-22 09:26:50,Batch_3_Recordings/Week_2/B3_W2_edf and dat files/B3_W2_7days_Annotations/Day_1.xlsx,Batch_3,2,Day_1,251.0,70.35125810512675,28.44676796335497,19.5077689836331,52.39741116395255,B3_W2_D1_21012026(11),1,5400.0,/lunarc/nobackup/projects/lu2026-2-60/RAM_GDNF_2025/Batch_3_Recordings/Week_2/B3_W2_edf and dat files/W2_D1/B3_W2_D1_21012026(11).edf,8.395522388059362,False
5,B3_W2_D1_21012026(13),7,419.8395373134328,441.5746119402985,21.735074626865696,Seizure,1.0,convulsive,3.626158356141545,421.1661434704605,2026-06-22 09:32:34,Batch_3_Recordings/Week_2/B3_W2_edf and dat files/B3_W2_7days_Annotations/Day_1.xlsx,Batch_3,2,Day_1,522.0,81.88088176264209,40.3951320808112,31.569653699199385,49.589386063085826,B3_W2_D1_21012026(13),6,5400.0,/lunarc/nobackup/projects/lu2026-2-60/RAM_GDNF_2025/Batch_3_Recordings/Week_2/B3_W2_edf and dat files/W2_D1/B3_W2_D1_21012026(13).edf,21.735074626865696,False
5,B3_W2_D1_21012026(13),2,3325.9604029850743,3340.661895522388,14.701492537313698,Seizure,8.0,convulsive,3.4318587581829005,198.38137924200868,2026-06-22 09:35:29,Batch_3_Recordings/Week_2/B3_W2_edf and dat files/B3_W2_7days_Annotations/Day_1.xlsx,Batch_3,2,Day_1,173.0,27.420945106808205,11.388847361787668,9.188013433627631,12.999661317640909,B3_W2_D1_21012026(13),1,5400.0,/lunarc/nobackup/projects/lu2026-2-60/RAM_GDNF_2025/Batch_3_Recordings/Week_2/B3_W2_edf and dat files/W2_D1/B3_W2_D1_21012026(13).edf,14.701492537313698,False
6,B3_W2_D1_21012026(14),7,5053.07423880597,5073.223492537313,20.14925373134338,Seizure,15.0,convulsive,5.317247542448615,1657.5035627939342,2026-06-22 09:42:43,Batch_3_Recordings/Week_2/B3_W2_edf and dat files/B3_W2_7days_Annotations/Day_1.xlsx,Batch_3,2,Day_1,119.0,281.6577996641725,151.08256346632308,109.99901978504305,168.90272569152788,B3_W2_D1_21012026(14),6,5400.0,/lunarc/nobackup/projects/lu2026-2-60/RAM_GDNF_2025/Batch_3_Recordings/Week_2/B3_W2_edf and dat files/W2_D1/B3_W2_D1_21012026(14).edf,20.14925373134338,False
7,B3_W2_D1_21012026(15),7,856.4155895522388,897.6935746268656,41.27798507462683,Seizure,4.0,convulsive,3.4828389187000104,134.6301535621984,2026-06-22 09:45:26,Batch_3_Recordings/Week_2/B3_W2_edf and dat files/B3_W2_7days_Annotations/Day_1.xlsx,Batch_3,2,Day_1,344.0,25.92854411258852,14.531357518467962,5.490891734162992,15.50690276021247,B3_W2_D1_21012026(15),6,5400.0,/lunarc/nobackup/projects/lu2026-2-60/RAM_GDNF_2025/Batch_3_Recordings/Week_2/B3_W2_edf and dat files/W2_D1/B3_W2_D1_21012026(15).edf,41.27798507462683,False
9,B3_W2_D1_21012026(2),2,1320.961,1331.9684626865671,11.007462686567123,Seizure,5.0,convulsive,2.7039984658164733,653.1731105076426,2026-06-18 15:14:15,Batch_3_Recordings/Week_2/B3_W2_edf and dat files/B3_W2_7days_Annotations/Day_1.xlsx,Batch_3,2,Day_1,141.0,71.09158925982061,18.74876604847929,13.363160540825971,62.02909350247666,B3_W2_D1_21012026(2),1,5400.0,/lunarc/nobackup/projects/lu2026-2-60/RAM_GDNF_2025/Batch_3_Recordings/Week_2/B3_W2_edf and dat files/W2_D1/B3_W2_D1_21012026(2).edf,11.007462686567123,False
10,B3_W2_D1_21012026(3),2,1429.6527462686563,1480.3057313432837,50.65298507462694,Seizure,8.0,convulsive,4.494857683591902,852.3764881325413,2026-06-18 15:20:27,Batch_3_Recordings/Week_2/B3_W2_edf and dat files/B3_W2_7days_Annotations/Day_1.xlsx,Batch_3,2,Day_1,361.0,122.10054589893504,53.06038367740908,22.408297309335385,97.44283785503768,B3_W2_D1_21012026(3),1,5400.0,/lunarc/nobackup/projects/lu2026-2-60/RAM_GDNF_2025/Batch_3_Recordings/Week_2/B3_W2_edf and dat files/W2_D1/B3_W2_D1_21012026(3).edf,50.652985074627395,False
11,B3_W2_D1_21012026(4),7,1056.186,1073.4210928171644,17.235092817164286,Seizure,4.0,convulsive,3.155055722355097,560.544462747079,2026-06-19 12:21:22,Batch_3_Recordings/Week_2/B3_W2_edf and dat files/B3_W2_7days_Annotations/Day_1.xlsx,Batch_3,2,Day_1,62.0,98.7712137126656,55.44565164381364,14.304895263140637,70.2219890521453,B3_W2_D1_21012026(4),6,5400.0,/lunarc/nobackup/projects/lu2026-2-60/RAM_GDNF_2025/Batch_3_Recordings/Week_2/B3_W2_edf and dat files/W2_D1/B3_W2_D1_21012026(4).edf,17.235092817164514,False
11,B3_W2_D1_21012026(4),2,3359.399168975069,3369.5561403508773,10.156971375808098,Seizure,15.0,convulsive,3.3881897386253628,1634.7381202129702,2026-06-19 12:23:51,Batch_3_Recordings/Week_2/B3_W2_edf and dat files/B3_W2_7days_Annotations/Day_1.xlsx,Batch_3,2,Day_1,147.0,150.87946280931868,62.502020900161355,39.87545547139766,112.53163251317272,B3_W2_D1_21012026(4),1,5400.0,/lunarc/nobackup/projects/lu2026-2-60/RAM_GDNF_2025/Batch_3_Recordings/Week_2/B3_W2_edf and dat files/W2_D1/B3_W2_D1_21012026(4).edf,10.156971375808098,False
13,B3_W2_D1_21012026(6),2,1364.4528805970149,1393.2775074626866,28.82462686567169,Seizure,2.0,convulsive,3.261550732068592,1454.1943463275484,2026-06-19 12:31:26,Batch_3_Recordings/Week_2/B3_W2_edf and dat files/B3_W2_7days_Annotations/Day_1.xlsx,Batch_3,2,Day_1,229.0,174.01945733730955,86.67324353880436,76.42704027262576,102.64733063988577,B3_W2_D1_21012026(6),1,5400.0,/lunarc/nobackup/projects/lu2026-2-60/RAM_GDNF_2025/Batch_3_Recordings/Week_2/B3_W2_edf and dat files/W2_D1/B3_W2_D1_21012026(6).edf,28.82462686567169,False
14,B3_W2_D1_21012026(7),7,374.1469533582089,404.2820652985074,30.135111940298486,Seizure,2.0,convulsive,2.9672400657604556,180.37919055610865,2026-06-19 12:56:50,Batch_3_Recordings/Week_2/B3_W2_edf and dat files/B3_W2_7days_Annotations/Day_1.xlsx,Batch_3,2,Day_1,74.0,43.821211829024605,21.752722528683712,8.65278583178377,31.7631594760341,B3_W2_D1_21012026(7),6,5400.0,/lunarc/nobackup/projects/lu2026-2-60/RAM_GDNF_2025/Batch_3_Recordings/Week_2/B3_W2_edf and dat files/W2_D1/B3_W2_D1_21012026(7).edf,30.135111940298486,False
15,B3_W2_D1_21012026(8),2,448.232223880597,486.66505970149257,38.43283582089555,Seizure,3.0,convulsive,2.988947563068006,558.2511864529547,2026-06-19 13:03:11,Batch_3_Recordings/Week_2/B3_W2_edf and dat files/B3_W2_7days_Annotations/Day_1.xlsx,Batch_3,2,Day_1,493.0,46.47056143311691,18.24330094916617,11.399410870029286,32.19995769807035,B3_W2_D1_21012026(8),1,5400.0,/lunarc/nobackup/projects/lu2026-2-60/RAM_GDNF_2025/Batch_3_Recordings/Week_2/B3_W2_edf and dat files/W2_D1/B3_W2_D1_21012026(8).edf,38.43283582089555,False
15,B3_W2_D1_21012026(8),7,2481.041805970149,2517.8888208955223,36.84701492537306,Seizure,11.0,convulsive,3.4232657016913124,276.6478447260224,2026-06-19 13:04:21,Batch_3_Recordings/Week_2/B3_W2_edf and dat files/B3_W2_7days_Annotations/Day_1.xlsx,Batch_3,2,Day_1,219.0,69.07402317898597,38.45851333563519,27.382487710014143,38.14182314862533,B3_W2_D1_21012026(8),6,5400.0,/lunarc/nobackup/projects/lu2026-2-60/RAM_GDNF_2025/Batch_3_Recordings/Week_2/B3_W2_edf and dat files/W2_D1/B3_W2_D1_21012026(8).edf,36.84701492537306,False
1,B3_W2_D2_22012026(1),2,321.5850373134328,373.2175,51.63246268656718,Seizure,1.0,convulsive,2.5794213276495066,550.3836315766607,2026-06-22 09:53:48,Batch_3_Recordings/Week_2/B3_W2_edf and dat files/B3_W2_7days_Annotations/Day_2.xlsx,Batch_3,2,Day_2,737.0,31.18759605628434,12.290527945471675,8.917952509378196,19.880679934102684,B3_W2_D2_22012026(1),1,5400.0,/lunarc/nobackup/projects/lu2026-2-60/RAM_GDNF_2025/Batch_3_Recordings/Week_2/B3_W2_edf and dat files/W2_D2/B3_W2_D2_22012026(1).edf,51.63246268656718,False
6,B3_W2_D2_22012026(14),2,4647.765641791045,4659.799223880597,12.03358208955251,Seizure,31.0,convulsive,3.935223339376958,1173.1991478671089,2026-06-23 09:40:16,Batch_3_Recordings/Week_2/B3_W2_edf and dat files/B3_W2_7days_Annotations/Day_2.xlsx,Batch_3,2,Day_2,191.0,152.37607103522546,64.95603373524493,42.35860255195178,109.33337324381844,B3_W2_D2_22012026(14),1,5400.0,/lunarc/nobackup/projects/lu2026-2-60/RAM_GDNF_2025/Batch_3_Recordings/Week_2/B3_W2_edf and dat files/W2_D2/B3_W2_D2_22012026(14).edf,12.03358208955251,False
9,B3_W2_D2_22012026(2),2,3781.543014925373,3812.140029850746,30.59701492537306,Seizure,9.0,convulsive,2.9506066765858465,371.7907746438254,2026-06-22 09:58:07,Batch_3_Recordings/Week_2/B3_W2_edf and dat files/B3_W2_7days_Annotations/Day_2.xlsx,Batch_3,2,Day_2,704.0,35.544816967871014,16.376953443438172,17.443898916075625,18.19074326087833,B3_W2_D2_22012026(2),1,5400.0,/lunarc/nobackup/projects/lu2026-2-60/RAM_GDNF_2025/Batch_3_Recordings/Week_2/B3_W2_edf and dat files/W2_D2/B3_W2_D2_22012026(2).edf,30.59701492537306,False
9,B3_W2_D2_22012026(2),3,4806.759951310862,4838.969689138577,32.2097378277158,Seizure,13.0,convulsive,3.2173357621064085,489.1896642529146,2026-06-22 10:07:35,Batch_3_Recordings/Week_2/B3_W2_edf and dat files/B3_W2_7days_Annotations/Day_2.xlsx,Batch_3,2,Day_2,136.0,166.34686654154382,49.08131747343283,135.60617350705277,68.9224955916172,B3_W2_D2_22012026(2),2,5400.0,/lunarc/nobackup/projects/lu2026-2-60/RAM_GDNF_2025/Batch_3_Recordings/Week_2/B3_W2_edf and dat files/W2_D2/B3_W2_D2_22012026(2).edf,32.2097378277158,False
10,B3_W2_D2_22012026(3),7,650.2712178171643,666.6960405783582,16.424822761193923,Seizure,2.0,convulsive,3.980830177011672,420.9477534941933,2026-06-22 10:20:12,Batch_3_Recordings/Week_2/B3_W2_edf and dat files/B3_W2_7days_Annotations/Day_2.xlsx,Batch_3,2,Day_2,103.0,89.73369800139449,66.67109208673507,12.202123026263273,56.90735106084128,B3_W2_D2_22012026(3),6,5400.5,/lunarc/nobackup/projects/lu2026-2-60/RAM_GDNF_2025/Batch_3_Recordings/Week_2/B3_W2_edf and dat files/W2_D2/B3_W2_D2_22012026(3).edf,16.424822761193923,False
10,B3_W2_D2_22012026(3),2,2309.943932835821,2318.6659477611943,8.72201492537306,Seizure,15.0,convulsive,2.799359291028577,838.5583613943476,2026-06-22 10:43:27,Batch_3_Recordings/Week_2/B3_W2_edf and dat files/B3_W2_7days_Annotations/Day_2.xlsx,Batch_3,2,Day_2,187.0,51.32619570621612,32.01000422537737,11.280587820317848,33.003748083985855,B3_W2_D2_22012026(3),1,5400.5,/lunarc/nobackup/projects/lu2026-2-60/RAM_GDNF_2025/Batch_3_Recordings/Week_2/B3_W2_edf and dat files/W2_D2/B3_W2_D2_22012026(3).edf,8.72201492537306,False
10,B3_W2_D2_22012026(3),2,3377.4902835820894,3386.6320746268657,9.141791044776255,Seizure,20.0,convulsive,2.5137427142896605,967.6340327852544,2026-06-22 11:01:32,Batch_3_Recordings/Week_2/B3_W2_edf and dat files/B3_W2_7days_Annotations/Day_2.xlsx,Batch_3,2,Day_2,91.0,112.28853007196382,54.94256204742758,47.58455605837587,68.09157246356793,B3_W2_D2_22012026(3),1,5400.5,/lunarc/nobackup/projects/lu2026-2-60/RAM_GDNF_2025/Batch_3_Recordings/Week_2/B3_W2_edf and dat files/W2_D2/B3_W2_D2_22012026(3).edf,9.141791044776255,False
10,B3_W2_D2_22012026(3),2,4017.906686567164,4045.444,27.537313432835617,Seizure,24.0,convulsive,2.751190976093598,1468.370000123025,2026-06-22 11:03:39,Batch_3_Recordings/Week_2/B3_W2_edf and dat files/B3_W2_7days_Annotations/Day_2.xlsx,Batch_3,2,Day_2,380.0,131.36649463772224,67.97179606597737,40.00402111578472,89.09837822895464,B3_W2_D2_22012026(3),1,5400.5,/lunarc/nobackup/projects/lu2026-2-60/RAM_GDNF_2025/Batch_3_Recordings/Week_2/B3_W2_edf and dat files/W2_D2/B3_W2_D2_22012026(3).edf,27.537313432836072,False
10,B3_W2_D2_22012026(3),2,4963.129358208956,4982.718910447762,19.58955223880639,Seizure,35.0,convulsive,3.0498774908760686,700.7280898316899,2026-06-22 11:05:06,Batch_3_Recordings/Week_2/B3_W2_edf and dat files/B3_W2_7days_Annotations/Day_2.xlsx,Batch_3,2,Day_2,356.0,65.66112104763621,29.309843840305053,24.682696735236572,42.179797010569914,B3_W2_D2_22012026(3),1,5400.5,/lunarc/nobackup/projects/lu2026-2-60/RAM_GDNF_2025/Batch_3_Recordings/Week_2/B3_W2_edf and dat files/W2_D2/B3_W2_D2_22012026(3).edf,19.58955223880639,False
11,B3_W2_D2_22012026(4),2,911.9417611940298,926.494,14.552238805970203,Seizure,7.0,convulsive,4.111321948134092,566.1637016804872,2026-06-22 11:08:41,Batch_3_Recordings/Week_2/B3_W2_edf and dat files/B3_W2_7days_Annotations/Day_2.xlsx,Batch_3,2,Day_2,143.0,76.80815798432204,38.09390739314257,31.15595700080923,44.195163595825846,B3_W2_D2_22012026(4),1,5400.0,/lunarc/nobackup/projects/lu2026-2-60/RAM_GDNF_2025/Batch_3_Recordings/Week_2/B3_W2_edf and dat files/W2_D2/B3_W2_D2_22012026(4).edf,14.552238805970205,False
11,B3_W2_D2_22012026(4),2,1469.6899556786705,1482.810915974146,13.12096029547547,Seizure,15.0,convulsive,2.627501179006939,93.37582555920986,2026-06-22 11:09:59,Batch_3_Recordings/Week_2/B3_W2_edf and dat files/B3_W2_7days_Annotations/Day_2.xlsx,Batch_3,2,Day_2,78.0,12.936865000673738,4.698334884213248,4.016980424079928,7.829888146340085,B3_W2_D2_22012026(4),1,5400.0,/lunarc/nobackup/projects/lu2026-2-60/RAM_GDNF_2025/Batch_3_Recordings/Week_2/B3_W2_edf and dat files/W2_D2/B3_W2_D2_22012026(4).edf,13.12096029547547,False
11,B3_W2_D2_22012026(4),2,5246.493119402985,5274.758044776119,28.264925373134247,Seizure,27.0,convulsive,3.4215816261066676,193.34172753687744,2026-06-22 11:11:30,Batch_3_Recordings/Week_2/B3_W2_edf and dat files/B3_W2_7days_Annotations/Day_2.xlsx,Batch_3,2,Day_2,160.0,29.917789821963673,14.175653705081176,9.509365056205064,17.79526992480724,B3_W2_D2_22012026(4),1,5400.0,/lunarc/nobackup/projects/lu2026-2-60/RAM_GDNF_2025/Batch_3_Recordings/Week_2/B3_W2_edf and dat files/W2_D2/B3_W2_D2_22012026(4).edf,28.264925373134247,False
12,B3_W2_D2_22012026(5),5,506.9122105263158,538.5590249307479,31.64681440443212,Seizure,2.0,convulsive,2.544942140996626,3754.9682328142985,2026-06-22 11:18:31,Batch_3_Recordings/Week_2/B3_W2_edf and dat files/B3_W2_7days_Annotations/Day_2.xlsx,Batch_3,2,Day_2,298.0,148.55204919893433,75.13085837265855,19.22886836660011,119.7016642256422,B3_W2_D2_22012026(5),4,5400.0,/lunarc/nobackup/projects/lu2026-2-60/RAM_GDNF_2025/Batch_3_Recordings/Week_2/B3_W2_edf and dat files/W2_D2/B3_W2_D2_22012026(5).edf,31.64681440443212,False
13,B3_W2_D2_22012026(6),7,1182.1433582089553,1222.2552985074628,40.111940298507534,Seizure,7.0,convulsive,4.348810139679255,1372.9804795319994,2026-06-22 11:22:50,Batch_3_Recordings/Week_2/B3_W2_edf and dat files/B3_W2_7days_Annotations/Day_2.xlsx,Batch_3,2,Day_2,269.0,131.9715602831449,74.17437712175295,34.33379102626561,81.35045550220602,B3_W2_D2_22012026(6),6,5400.0,/lunarc/nobackup/projects/lu2026-2-60/RAM_GDNF_2025/Batch_3_Recordings/Week_2/B3_W2_edf and dat files/W2_D2/B3_W2_D2_22012026(6).edf,40.111940298507534,False
13,B3_W2_D2_22012026(6),7,4342.407798507464,4377.109291044777,34.70149253731324,Seizure,20.0,convulsive,5.132821842709915,1264.6568111452275,2026-06-22 11:25:35,Batch_3_Recordings/Week_2/B3_W2_edf and dat files/B3_W2_7days_Annotations/Day_2.xlsx,Batch_3,2,Day_2,1146.0,192.42922802404888,101.73207638338708,59.39295015795579,118.52412557072404,B3_W2_D2_22012026(6),6,5400.0,/lunarc/nobackup/projects/lu2026-2-60/RAM_GDNF_2025/Batch_3_Recordings/Week_2/B3_W2_edf and dat files/W2_D2/B3_W2_D2_22012026(6).edf,34.70149253731324,False
15,B3_W2_D2_22012026(8),7,2645.15626119403,2742.824171641791,97.6679104477612,Seizure,6.0,convulsive,5.526502089565873,206.24900544360585,2026-06-22 11:53:14,Batch_3_Recordings/Week_2/B3_W2_edf and dat files/B3_W2_7days_Annotations/Day_2.xlsx,Batch_3,2,Day_2,726.0,62.63337256861665,25.008204265233346,32.615427373002476,31.50650197517159,B3_W2_D2_22012026(8),6,5400.0,/lunarc/nobackup/projects/lu2026-2-60/RAM_GDNF_2025/Batch_3_Recordings/Week_2/B3_W2_edf and dat files/W2_D2/B3_W2_D2_22012026(8).edf,97.66791044776119,False
15,B3_W2_D2_22012026(8),2,5143.844109879963,5157.556021237304,13.711911357340796,Seizure,14.0,convulsive,3.997864900489112,3654.478746322088,2026-06-22 11:56:53,Batch_3_Recordings/Week_2/B3_W2_edf and dat files/B3_W2_7days_Annotations/Day_2.xlsx,Batch_3,2,Day_2,367.0,287.53273853880233,153.6986900998212,50.03924062801645,216.84844710780845,B3_W2_D2_22012026(8),1,5400.0,/lunarc/nobackup/projects/lu2026-2-60/RAM_GDNF_2025/Batch_3_Recordings/Week_2/B3_W2_edf and dat files/W2_D2/B3_W2_D2_22012026(8).edf,13.711911357340796,False
16,B3_W2_D2_22012026(9),2,985.21575900277,1005.9359806094184,20.720221606648124,Seizure,3.0,convulsive,5.160197165742453,1524.696518489517,2026-06-23 09:18:40,Batch_3_Recordings/Week_2/B3_W2_edf and dat files/B3_W2_7days_Annotations/Day_2.xlsx,Batch_3,2,Day_2,201.0,247.63776425115208,119.61812995924628,67.00808374405042,178.31323487801956,B3_W2_D2_22012026(9),1,5400.0,/lunarc/nobackup/projects/lu2026-2-60/RAM_GDNF_2025/Batch_3_Recordings/Week_2/B3_W2_edf and dat files/W2_D2/B3_W2_D2_22012026(9).edf,20.72022160664835,False
16,B3_W2_D2_22012026(9),2,1915.5386999059267,1951.945096895579,36.40639698965197,Seizure,9.0,convulsive,3.780633759493529,1409.277710125561,2026-06-23 09:20:48,Batch_3_Recordings/Week_2/B3_W2_edf and dat files/B3_W2_7days_Annotations/Day_2.xlsx,Batch_3,2,Day_2,676.0,88.14766231301057,40.06142841729825,25.323050224381323,61.985849241097895,B3_W2_D2_22012026(9),1,5400.0,/lunarc/nobackup/projects/lu2026-2-60/RAM_GDNF_2025/Batch_3_Recordings/Week_2/B3_W2_edf and dat files/W2_D2/B3_W2_D2_22012026(9).edf,36.406396989652194,False
6,B3_W2_D3_23012026(14),2,2406.685119402985,2417.5992985074627,10.914179104477626,Seizure,7.0,convulsive,2.587489488323954,597.5781363229077,2026-06-23 11:28:01,Batch_3_Recordings/Week_2/B3_W2_edf and dat files/B3_W2_7days_Annotations/Day_3.xlsx,Batch_3,2,Day_3,80.0,60.4343959076543,27.923159729116175,16.647666387130545,43.37795538992502,B3_W2_D3_23012026(14),1,5400.0,/lunarc/nobackup/projects/lu2026-2-60/RAM_GDNF_2025/Batch_3_Recordings/Week_2/B3_W2_edf and dat files/W2_D3/B3_W2_D3_23012026(14).edf,10.914179104477626,False
7,B3_W2_D3_23012026(15),2,2368.1191560480147,2388.063754385965,19.944598337950083,Seizure,4.0,convulsive,4.312915806377609,1622.6932458894998,2026-06-23 11:31:44,Batch_3_Recordings/Week_2/B3_W2_edf and dat files/B3_W2_7days_Annotations/Day_3.xlsx,Batch_3,2,Day_3,94.0,452.0949670770022,239.93398045576163,69.11069735059947,358.47236577656133,B3_W2_D3_23012026(15),1,5400.0,/lunarc/nobackup/projects/lu2026-2-60/RAM_GDNF_2025/Batch_3_Recordings/Week_2/B3_W2_edf and dat files/W2_D3/B3_W2_D3_23012026(15).edf,19.944598337950083,False
7,B3_W2_D3_23012026(15),2,2977.8205718283584,2992.151840485075,14.331268656716476,Seizure,8.0,convulsive,2.623946968650739,51.38153647850988,2026-06-23 11:33:51,Batch_3_Recordings/Week_2/B3_W2_edf and dat files/B3_W2_7days_Annotations/Day_3.xlsx,Batch_3,2,Day_3,95.0,9.266499796760977,4.285864103161268,2.9227748271722658,4.2846618769821685,B3_W2_D3_23012026(15),1,5400.0,/lunarc/nobackup/projects/lu2026-2-60/RAM_GDNF_2025/Batch_3_Recordings/Week_2/B3_W2_edf and dat files/W2_D3/B3_W2_D3_23012026(15).edf,14.331268656716475,False
8,B3_W2_D3_23012026(16),7,882.6357164179105,895.779,13.143283582089452,Seizure,2.0,convulsive,3.021597361326566,290.42568908656125,2026-06-23 11:37:54,Batch_3_Recordings/Week_2/B3_W2_edf and dat files/B3_W2_7days_Annotations/Day_3.xlsx,Batch_3,2,Day_3,1605.0,11.330718642345657,5.553522892676803,3.4947564659633734,5.055468964898224,B3_W2_D3_23012026(16),6,4842.5,/lunarc/nobackup/projects/lu2026-2-60/RAM_GDNF_2025/Batch_3_Recordings/Week_2/B3_W2_edf and dat files/W2_D3/B3_W2_D3_23012026(16).edf,13.143283582089452,False
11,B3_W2_D3_23012026(4),2,628.1954413665743,644.5389316712834,16.34349030470912,Seizure,4.0,convulsive,2.521479267837131,8106.761587386375,2026-06-23 10:24:45,Batch_3_Recordings/Week_2/B3_W2_edf and dat files/B3_W2_7days_Annotations/Day_3.xlsx,Batch_3,2,Day_3,324.0,220.08072024637897,72.21830747184816,34.13375797370427,199.80376598207351,B3_W2_D3_23012026(4),1,5400.0,/lunarc/nobackup/projects/lu2026-2-60/RAM_GDNF_2025/Batch_3_Recordings/Week_2/B3_W2_edf and dat files/W2_D3/B3_W2_D3_23012026(4).edf,16.34349030470912,False
12,B3_W2_D3_23012026(5),2,202.7120447761194,235.45458208955225,32.74253731343282,Seizure,2.0,convulsive,3.9437177962742767,930.2166473621292,2026-06-23 10:30:02,Batch_3_Recordings/Week_2/B3_W2_edf and dat files/B3_W2_7days_Annotations/Day_3.xlsx,Batch_3,2,Day_3,199.0,158.15467684168382,55.15557415092207,28.155555384003776,131.7870919521578,B3_W2_D3_23012026(5),1,5400.0,/lunarc/nobackup/projects/lu2026-2-60/RAM_GDNF_2025/Batch_3_Recordings/Week_2/B3_W2_edf and dat files/W2_D3/B3_W2_D3_23012026(5).edf,32.74253731343285,False
12,B3_W2_D3_23012026(5),2,2631.1877276084947,2680.022210526316,48.83448291782133,Seizure,15.0,convulsive,2.792296126584091,3767.7953813230815,2026-06-23 10:32:26,Batch_3_Recordings/Week_2/B3_W2_edf and dat files/B3_W2_7days_Annotations/Day_3.xlsx,Batch_3,2,Day_3,351.0,220.45453325633025,91.30423591488672,63.97779670010716,163.65043201434273,B3_W2_D3_23012026(5),1,5400.0,/lunarc/nobackup/projects/lu2026-2-60/RAM_GDNF_2025/Batch_3_Recordings/Week_2/B3_W2_edf and dat files/W2_D3/B3_W2_D3_23012026(5).edf,48.83448291782133,False
12,B3_W2_D3_23012026(5),2,2715.1348208955224,2732.522880597015,17.388059701492693,Seizure,16.0,convulsive,3.470246109854111,1345.790912834219,2026-06-23 10:33:11,Batch_3_Recordings/Week_2/B3_W2_edf and dat files/B3_W2_7days_Annotations/Day_3.xlsx,Batch_3,2,Day_3,250.0,209.7235163997393,86.76004909450225,80.09739162173983,138.95895092019566,B3_W2_D3_23012026(5),1,5400.0,/lunarc/nobackup/projects/lu2026-2-60/RAM_GDNF_2025/Batch_3_Recordings/Week_2/B3_W2_edf and dat files/W2_D3/B3_W2_D3_23012026(5).edf,17.388059701492693,False
12,B3_W2_D3_23012026(5),2,3687.134895522388,3753.1796716417903,66.04477611940274,Seizure,20.0,convulsive,2.5810655039342456,855.4276821137709,2026-06-23 10:34:06,Batch_3_Recordings/Week_2/B3_W2_edf and dat files/B3_W2_7days_Annotations/Day_3.xlsx,Batch_3,2,Day_3,515.0,64.69406267371512,28.81449754616706,12.431191620672909,47.29522447274943,B3_W2_D3_23012026(5),1,5400.0,/lunarc/nobackup/projects/lu2026-2-60/RAM_GDNF_2025/Batch_3_Recordings/Week_2/B3_W2_edf and dat files/W2_D3/B3_W2_D3_23012026(5).edf,66.04477611940229,False
14,B3_W2_D3_23012026(7),7,106.8793030869972,129.61082787652012,22.73152478952292,Seizure,2.0,convulsive,2.966949561857448,283.15067111029697,2026-06-23 10:53:59,Batch_3_Recordings/Week_2/B3_W2_edf and dat files/B3_W2_7days_Annotations/Day_3.xlsx,Batch_3,2,Day_3,86.0,50.96655306211754,41.68955876536475,5.808939493515312,30.521354019229193,B3_W2_D3_23012026(7),6,5400.0,/lunarc/nobackup/projects/lu2026-2-60/RAM_GDNF_2025/Batch_3_Recordings/Week_2/B3_W2_edf and dat files/W2_D3/B3_W2_D3_23012026(7).edf,22.731524789522922,False
1,B3_W2_D4_24012026(1),5,468.5327472118959,485.8189925650558,17.28624535315987,Seizure,8.0,convulsive,3.045433620170686,107.83971169032088,2026-06-23 11:53:02,Batch_3_Recordings/Week_2/B3_W2_edf and dat files/B3_W2_7days_Annotations/Day_4.xlsx,Batch_3,2,Day_4,86.0,33.491379812409626,12.847771006286164,8.96951191679098,24.083438767011483,B3_W2_D4_24012026(1),4,5400.0,/lunarc/nobackup/projects/lu2026-2-60/RAM_GDNF_2025/Batch_3_Recordings/Week_2/B3_W2_edf and dat files/W2_D4/B3_W2_D4_24012026(1).edf,17.28624535315987,False
5,B3_W2_D4_24012026(13),2,5058.907582089552,5075.512059701492,16.60447761193973,Seizure,11.0,convulsive,3.1604696673189823,1071.9997041297215,2026-06-23 13:55:40,Batch_3_Recordings/Week_2/B3_W2_edf and dat files/B3_W2_7days_Annotations/Day_4.xlsx,Batch_3,2,Day_4,1615.0,42.93349964010862,17.453264871692074,10.474832134847812,31.64626142161079,B3_W2_D4_24012026(13),1,5400.0,/lunarc/nobackup/projects/lu2026-2-60/RAM_GDNF_2025/Batch_3_Recordings/Week_2/B3_W2_edf and dat files/W2_D4/B3_W2_D4_24012026(13).edf,16.60447761193973,False
6,B3_W2_D4_24012026(14),2,3296.615024007386,3312.4968337950136,15.881809787626937,Seizure,6.0,convulsive,3.3771449434100034,1679.5272933412766,2026-06-23 13:57:59,Batch_3_Recordings/Week_2/B3_W2_edf and dat files/B3_W2_7days_Annotations/Day_4.xlsx,Batch_3,2,Day_4,185.0,152.86467629425073,71.82227680633883,23.914531542730607,124.71592072886985,B3_W2_D4_24012026(14),1,5400.0,/lunarc/nobackup/projects/lu2026-2-60/RAM_GDNF_2025/Batch_3_Recordings/Week_2/B3_W2_edf and dat files/W2_D4/B3_W2_D4_24012026(14).edf,15.88180978762739,False
8,B3_W2_D4_24012026(16),2,1000.5498208955224,1041.743850746269,41.19402985074635,Seizure,1.0,convulsive,4.614171767761083,1087.6393962761126,2026-06-23 14:40:11,Batch_3_Recordings/Week_2/B3_W2_edf and dat files/B3_W2_7days_Annotations/Day_4.xlsx,Batch_3,2,Day_4,398.0,90.00934995434808,50.00294447511339,31.665716848530845,52.10050028228147,B3_W2_D4_24012026(16),1,5400.0,/lunarc/nobackup/projects/lu2026-2-60/RAM_GDNF_2025/Batch_3_Recordings/Week_2/B3_W2_edf and dat files/W2_D4/B3_W2_D4_24012026(16).edf,41.19402985074646,False
8,B3_W2_D4_24012026(16),2,1205.931291044776,1250.0077835820896,44.07649253731347,Seizure,4.0,convulsive,4.105174874564101,350.55068157926314,2026-06-23 14:40:55,Batch_3_Recordings/Week_2/B3_W2_edf and dat files/B3_W2_7days_Annotations/Day_4.xlsx,Batch_3,2,Day_4,279.0,48.83435529823095,28.018880122962944,12.893899072883611,29.21464851219761,B3_W2_D4_24012026(16),1,5400.0,/lunarc/nobackup/projects/lu2026-2-60/RAM_GDNF_2025/Batch_3_Recordings/Week_2/B3_W2_edf and dat files/W2_D4/B3_W2_D4_24012026(16).edf,44.0764925373137,False
8,B3_W2_D4_24012026(16),7,4342.707044609665,4388.45,45.74295539033483,Seizure,11.0,convulsive,5.8033433097306375,311.5547273045985,2026-06-23 14:43:26,Batch_3_Recordings/Week_2/B3_W2_edf and dat files/B3_W2_7days_Annotations/Day_4.xlsx,Batch_3,2,Day_4,318.0,125.11453798304152,60.73561541435489,83.26367474672486,48.9881931402355,B3_W2_D4_24012026(16),6,5400.0,/lunarc/nobackup/projects/lu2026-2-60/RAM_GDNF_2025/Batch_3_Recordings/Week_2/B3_W2_edf and dat files/W2_D4/B3_W2_D4_24012026(16).edf,45.74295539033483,False
12,B3_W2_D4_24012026(3),2,691.6666879039706,724.2168485687905,32.55016066481994,Seizure,1.0,convulsive,2.506381991181249,2314.9233529798953,2026-06-23 11:58:04,Batch_3_Recordings/Week_2/B3_W2_edf and dat files/B3_W2_7days_Annotations/Day_4.xlsx,Batch_3,2,Day_4,270.0,151.15379048238745,54.6286238747042,31.860682137974987,126.40429891748208,B3_W2_D4_24012026(3),1,5400.0,/lunarc/nobackup/projects/lu2026-2-60/RAM_GDNF_2025/Batch_3_Recordings/Week_2/B3_W2_edf and dat files/W2_D4/B3_W2_D4_24012026(3).edf,32.55016066481994,False
13,B3_W2_D4_24012026(4),2,805.2158726679104,822.6103017723881,17.394429104477695,Seizure,2.0,convulsive,3.10077519379845,745.7779079208043,2026-06-23 12:12:33,Batch_3_Recordings/Week_2/B3_W2_edf and dat files/B3_W2_7days_Annotations/Day_4.xlsx,Batch_3,2,Day_4,136.0,91.19212478123204,49.31342106306362,27.104616441133235,59.703078752444455,B3_W2_D4_24012026(4),1,5400.0,/lunarc/nobackup/projects/lu2026-2-60/RAM_GDNF_2025/Batch_3_Recordings/Week_2/B3_W2_edf and dat files/W2_D4/B3_W2_D4_24012026(4).edf,17.394429104477695,False
13,B3_W2_D4_24012026(4),2,4378.697458955224,4429.546339552239,50.84888059701552,Seizure,23.0,convulsive,2.7708663198371406,214.34534005898436,2026-06-23 12:17:27,Batch_3_Recordings/Week_2/B3_W2_edf and dat files/B3_W2_7days_Annotations/Day_4.xlsx,Batch_3,2,Day_4,392.0,18.8997898146423,10.06461462429352,4.427976533226013,11.360908949950089,B3_W2_D4_24012026(4),1,5400.0,/lunarc/nobackup/projects/lu2026-2-60/RAM_GDNF_2025/Batch_3_Recordings/Week_2/B3_W2_edf and dat files/W2_D4/B3_W2_D4_24012026(4).edf,50.84888059701552,False
15,B3_W2_D4_24012026(6),7,1014.771276119403,1037.1593358208954,22.388059701492462,Seizure,3.0,convulsive,3.1254490587728125,185.0143055300585,2026-06-23 12:23:13,Batch_3_Recordings/Week_2/B3_W2_edf and dat files/B3_W2_7days_Annotations/Day_4.xlsx,Batch_3,2,Day_4,87.0,42.05624174503936,20.62830223666482,7.679797401045587,30.746139438833755,B3_W2_D4_24012026(6),6,5400.0,/lunarc/nobackup/projects/lu2026-2-60/RAM_GDNF_2025/Batch_3_Recordings/Week_2/B3_W2_edf and dat files/W2_D4/B3_W2_D4_24012026(6).edf,22.388059701492466,False
16,B3_W2_D4_24012026(7),7,2523.33821641791,2541.855007462687,18.516791044776255,Seizure,10.0,convulsive,4.8829924451815,463.3452771215023,2026-06-23 12:26:51,Batch_3_Recordings/Week_2/B3_W2_edf and dat files/B3_W2_7days_Annotations/Day_4.xlsx,Batch_3,2,Day_4,106.0,140.73662678205775,97.03974112807234,36.347499187709,82.25798513788372,B3_W2_D4_24012026(7),6,5400.0,/lunarc/nobackup/projects/lu2026-2-60/RAM_GDNF_2025/Batch_3_Recordings/Week_2/B3_W2_edf and dat files/W2_D4/B3_W2_D4_24012026(7).edf,18.51679104477671,False
10,B3_W2_D5_25012026(4),2,2632.4165447761193,2642.2113208955225,9.794776119403195,Seizure,10.0,convulsive,3.0607879869603054,617.3044482849132,2026-06-23 15:03:03,Batch_3_Recordings/Week_2/B3_W2_edf and dat files/B3_W2_7days_Annotations/Day_5.xlsx,Batch_3,2,Day_5,415.0,39.27790007295574,18.425318495118916,16.445453406807303,22.152158612047685,B3_W2_D5_25012026(4),1,5400.0,/lunarc/nobackup/projects/lu2026-2-60/RAM_GDNF_2025/Batch_3_Recordings/Week_2/B3_W2_edf and dat files/W2_D5/B3_W2_D5_25012026(4).edf,9.794776119403195,False
2,B3_W2_D7_27012026(10),2,2240.4327238805968,2245.8525,5.4197761194031955,Seizure,5.0,convulsive,3.4040263974363136,881.906791705383,2026-06-24 11:23:22,Batch_3_Recordings/Week_2/B3_W2_edf and dat files/B3_W2_7days_Annotations/Day_7.xlsx,Batch_3,2,Day_7,734.0,52.609351028637576,22.93132466227449,12.73768530556158,38.27079048634352,B3_W2_D7_27012026(10),1,5400.0,/lunarc/nobackup/projects/lu2026-2-60/RAM_GDNF_2025/Batch_3_Recordings/Week_2/B3_W2_edf and dat files/W2_D7/B3_W2_D7_27012026(10).edf,5.4197761194031955,False
11,B3_W2_D7_27012026(4),2,229.57799766791047,254.6091599813433,25.031162313432844,Seizure,1.0,convulsive,4.304418006815329,1541.6623612399278,2026-06-24 10:36:44,Batch_3_Recordings/Week_2/B3_W2_edf and dat files/B3_W2_7days_Annotations/Day_7.xlsx,Batch_3,2,Day_7,144.0,430.7028379017313,202.11279015539395,46.0070291115223,372.7244787216299,B3_W2_D7_27012026(4),1,5400.5,/lunarc/nobackup/projects/lu2026-2-60/RAM_GDNF_2025/Batch_3_Recordings/Week_2/B3_W2_edf and dat files/W2_D7/B3_W2_D7_27012026(4).edf,25.031162313432844,False
15,B3_W2_D7_27012026(8),2,890.7965862873134,936.72753125,45.93094496268657,Seizure,6.0,convulsive,2.9386431575214065,1735.2129676836537,2026-06-24 11:17:02,Batch_3_Recordings/Week_2/B3_W2_edf and dat files/B3_W2_7days_Annotations/Day_7.xlsx,Batch_3,2,Day_7,406.0,147.81556873292408,86.30956467230068,22.3289065303448,108.2833456849604,B3_W2_D7_27012026(8),1,5400.5,/lunarc/nobackup/projects/lu2026-2-60/RAM_GDNF_2025/Batch_3_Recordings/Week_2/B3_W2_edf and dat files/W2_D7/B3_W2_D7_27012026(8).edf,45.93094496268657,False
2,B3_W3_D1_28012026(10),6,272.7589538319483,295.1966269621422,22.4376731301939,Seizure,1.0,convulsive,2.6920838183934808,22.804618803973217,2026-06-25 10:39:41,Batch_3_Recordings/Week_3/EDF and Dat files/B3_W3_7days_Annotations/Day_1.xlsx,Batch_3,3,Day_1,74.0,7.201598561457879,0.8974396450743078,1.58679414494143,4.74479720676187,B3_W3_D1_28012026(10),5,5400.0,/lunarc/nobackup/projects/lu2026-2-60/RAM_GDNF_2025/Batch_3_Recordings/Week_3/EDF and Dat files/W3_D1/B3_W3_D1_28012026(10).edf,22.4376731301939,False
5,B3_W3_D1_28012026(13),2,5162.355119402985,5186.23571641791,23.880597014925115,Seizure,7.0,convulsive,3.1488459479600728,631.1053436672902,2026-06-25 11:40:27,Batch_3_Recordings/Week_3/EDF and Dat files/B3_W3_7days_Annotations/Day_1.xlsx,Batch_3,3,Day_1,600.0,24.61740010781774,8.983068658699922,7.491588168909504,16.318425993903727,B3_W3_D1_28012026(13),1,5400.0,/lunarc/nobackup/projects/lu2026-2-60/RAM_GDNF_2025/Batch_3_Recordings/Week_3/EDF and Dat files/W3_D1/B3_W3_D1_28012026(13).edf,23.880597014925115,False
9,B3_W3_D1_28012026(2),2,3382.126865671642,3398.0783582089553,15.951492537313245,Seizure,7.0,convulsive,2.7007893258356197,1834.52378010808,2026-06-24 12:28:15,Batch_3_Recordings/Week_3/EDF and Dat files/B3_W3_7days_Annotations/Day_1.xlsx,Batch_3,3,Day_1,1072.0,44.310500875687985,13.722713962976876,6.986866833993315,39.02203662236657,B3_W3_D1_28012026(2),1,5400.0,/lunarc/nobackup/projects/lu2026-2-60/RAM_GDNF_2025/Batch_3_Recordings/Week_3/EDF and Dat files/W3_D1/B3_W3_D1_28012026(2).edf,15.951492537313243,False
13,B3_W3_D1_28012026(6),2,380.8011343283582,398.0585970149254,17.25746268656718,Seizure,1.0,convulsive,2.876321599495358,370.28722634690394,2026-06-24 14:42:28,Batch_3_Recordings/Week_3/EDF and Dat files/B3_W3_7days_Annotations/Day_1.xlsx,Batch_3,3,Day_1,839.0,17.49815249325231,6.086003524129332,4.6669431516810445,8.941843819480452,B3_W3_D1_28012026(6),1,5400.0,/lunarc/nobackup/projects/lu2026-2-60/RAM_GDNF_2025/Batch_3_Recordings/Week_3/EDF and Dat files/W3_D1/B3_W3_D1_28012026(6).edf,17.25746268656718,False
4,B3_W3_D3_02022026(12),7,3480.229724907063,3521.270617100372,41.04089219330854,Seizure,2.0,convulsive,4.082348226808255,317.72349671366305,2026-06-26 11:50:59,Batch_3_Recordings/Week_3/EDF and Dat files/B3_W3_7days_Annotations/Day_2.xlsx,Batch_3,3,Day_2,326.0,68.01158181068588,35.6071884095437,30.21952714004408,30.96785009558624,B3_W3_D3_02022026(12),6,5400.0,/lunarc/nobackup/projects/lu2026-2-60/RAM_GDNF_2025/Batch_3_Recordings/Week_3/EDF and Dat files/W3_D2/B3_W3_D3_02022026(12).edf,41.04089219330899,False
7,B3_W3_D3_02022026(15),7,5090.047970149254,5126.428567164179,36.380597014925115,Seizure,11.0,convulsive,2.883922134102379,269.762508371289,2026-06-26 11:56:31,Batch_3_Recordings/Week_3/EDF and Dat files/B3_W3_7days_Annotations/Day_2.xlsx,Batch_3,3,Day_2,472.0,24.4903918783707,12.108460771758995,12.201647989408787,8.248529428367961,B3_W3_D3_02022026(15),6,5400.0,/lunarc/nobackup/projects/lu2026-2-60/RAM_GDNF_2025/Batch_3_Recordings/Week_3/EDF and Dat files/W3_D2/B3_W3_D3_02022026(15).edf,36.380597014925115,False
10,B3_W3_D3_02022026(3),6,2256.6976492537315,2285.242425373134,28.54477611940274,Seizure,7.0,convulsive,3.044097522830731,491.46538076107134,2026-06-25 11:53:57,Batch_3_Recordings/Week_3/EDF and Dat files/B3_W3_7days_Annotations/Day_2.xlsx,Batch_3,3,Day_2,109.0,103.96762770510288,31.154172156090382,45.14605970265149,70.53608055804524,B3_W3_D3_02022026(3),5,5401.0,/lunarc/nobackup/projects/lu2026-2-60/RAM_GDNF_2025/Batch_3_Recordings/Week_3/EDF and Dat files/W3_D2/B3_W3_D3_02022026(3).edf,28.54477611940274,False
13,B3_W3_D3_02022026(6),6,4245.799518518518,4267.234703703703,21.43518518518522,Seizure,8.0,convulsive,2.6145088694731267,135.5795455003059,2026-06-25 12:05:42,Batch_3_Recordings/Week_3/EDF and Dat files/B3_W3_7days_Annotations/Day_2.xlsx,Batch_3,3,Day_2,79.0,24.28370323286545,5.722792622267379,6.359460176480676,19.604151488915416,B3_W3_D3_02022026(6),5,5400.5,/lunarc/nobackup/projects/lu2026-2-60/RAM_GDNF_2025/Batch_3_Recordings/Week_3/EDF and Dat files/W3_D2/B3_W3_D3_02022026(6).edf,21.43518518518522,True
13,B3_W3_D4_03022026(5),2,5230.804253731343,5254.405,23.60074626865662,Seizure,10.0,convulsive,2.8899984869117867,1922.617960643487,2026-06-26 12:42:22,Batch_3_Recordings/Week_3/EDF and Dat files/B3_W3_7days_Annotations/Day_3.xlsx,Batch_3,3,Day_3,1528.0,40.41941237698937,13.906387430557569,9.448708911330952,31.9096959486834,B3_W3_D4_03022026(5),1,5400.0,/lunarc/nobackup/projects/lu2026-2-60/RAM_GDNF_2025/Batch_3_Recordings/Week_3/EDF and Dat files/W3_D3/B3_W3_D4_03022026(5).edf,23.60074626865662,False
17,B3_W3_D4_03022026(9),6,3932.633424836601,3975.210455648926,42.57703081232512,Seizure,9.0,convulsive,3.250641573994867,2003.090824327833,2026-06-26 12:49:15,Batch_3_Recordings/Week_3/EDF and Dat files/B3_W3_7days_Annotations/Day_3.xlsx,Batch_3,3,Day_3,190.0,429.3166443655146,99.83574726073336,93.89568367179275,399.0032039071232,B3_W3_D4_03022026(9),5,5400.0,/lunarc/nobackup/projects/lu2026-2-60/RAM_GDNF_2025/Batch_3_Recordings/Week_3/EDF and Dat files/W3_D3/B3_W3_D4_03022026(9).edf,42.57703081232512,False
11,B3_W3_D5_04022026(3),7,3697.50124535316,3744.954776951673,47.45353159851311,Seizure,4.0,convulsive,4.550400633099218,428.38234881369794,2026-06-26 13:55:19,Batch_3_Recordings/Week_3/EDF and Dat files/B3_W3_7days_Annotations/Day_4.xlsx,Batch_3,3,Day_4,368.0,99.68187168456244,60.53044224412166,36.791720555899424,48.602177563746565,B3_W3_D5_04022026(3),6,5400.0,/lunarc/nobackup/projects/lu2026-2-60/RAM_GDNF_2025/Batch_3_Recordings/Week_3/EDF and Dat files/W3_D4/B3_W3_D5_04022026(3).edf,47.45353159851311,False
17,B3_W3_D5_04022026(9),6,928.2547313432837,955.9599552238806,27.705223880597032,Seizure,3.0,convulsive,2.5453625280957413,359.52274656466847,2026-06-26 14:18:42,Batch_3_Recordings/Week_3/EDF and Dat files/B3_W3_7days_Annotations/Day_4.xlsx,Batch_3,3,Day_4,171.0,62.049545440903266,22.014117960912305,33.769871464026615,36.164939670718695,B3_W3_D5_04022026(9),5,5400.0,/lunarc/nobackup/projects/lu2026-2-60/RAM_GDNF_2025/Batch_3_Recordings/Week_3/EDF and Dat files/W3_D4/B3_W3_D5_04022026(9).edf,27.705223880596918,True
2,B3_W3_D7_06022026(10),7,2484.6543905817175,2526.7596537396125,42.105263157895024,Seizure,4.0,convulsive,3.710618436406067,235.56958835796917,2026-06-27 13:56:41,Batch_3_Recordings/Week_3/EDF and Dat files/B3_W3_7days_Annotations/Day_6.xlsx,Batch_3,3,Day_6,318.0,58.7605571552565,29.591166575672247,31.332591504283204,23.420883738309627,B3_W3_D7_06022026(10),6,5400.0,/lunarc/nobackup/projects/lu2026-2-60/RAM_GDNF_2025/Batch_3_Recordings/Week_3/EDF and Dat files/W3_D6/B3_W3_D7_06022026(10).edf,42.105263157895024,False
16,B3_W3_D7_06022026(8),5,677.6007985074626,687.9086343283582,10.307835820895548,Seizure,2.0,convulsive,2.852074710444854,899.4701242202485,2026-06-27 13:51:23,Batch_3_Recordings/Week_3/EDF and Dat files/B3_W3_7days_Annotations/Day_6.xlsx,Batch_3,3,Day_6,82.0,143.31262866531708,61.19782320974977,20.88505269678915,118.19846855515765,B3_W3_D7_06022026(8),4,5400.0,/lunarc/nobackup/projects/lu2026-2-60/RAM_GDNF_2025/Batch_3_Recordings/Week_3/EDF and Dat files/W3_D6/B3_W3_D7_06022026(8).edf,10.307835820895548,False
